21:16:49.566 [main] WARN  c.b.config.BrowserStackConfig - Test Observability could not be enabled because framework detected is null. We currently support frameworks testng, cucumber-testng & serenity
21:16:50.077 [main] DEBUG com.browserstack.v2.SdkCliUtils - Giving write permission to C:\Users\sathi\.browserstack
21:16:50.077 [main] WARN  com.browserstack.v2.SdkCliUtils - Unable to provide write permission to C:\Users\sathi\.browserstack
21:16:50.079 [main] DEBUG com.browserstack.v2.SdkCliUtils - getExistingCliPath: no binary found
21:16:50.079 [main] DEBUG com.browserstack.v2.SdkCliUtils - Current CLI Path Found: 
21:16:50.533 [main] ERROR com.browserstack.v2.SdkCliUtils - Error in setting up cli path directory, Exception: Unexpected token END OF FILE at position 0.
	at browserstack.shaded.org.json.simple.parser.JSONParser.parse(Unknown Source)
	at browserstack.shaded.org.json.simple.parser.JSONParser.parse(Unknown Source)
	at browserstack.shaded.org.json.simple.parser.JSONParser.parse(Unknown Source)
	at com.browserstack.v2.SdkCliUtils.checkAndUpdateCli(Unknown Source)
	at com.browserstack.v2.SdkCliUtils.setupCliPath(Unknown Source)
	at com.browserstack.v2.SdkCLI.<clinit>(Unknown Source)
	at com.browserstack.monitoring.PerformanceTester.measure(Unknown Source)
	at com.browserstack.monitoring.PerformanceTester.end(Unknown Source)
	at com.browserstack.testNgListeners.BrowserstackSuiteListener.a(Unknown Source)
	at com.browserstack.testNgListeners.BrowserstackSuiteListener.onStart(Unknown Source)
	at org.testng.SuiteRunner.invokeListeners(SuiteRunner.java:242)
	at org.testng.SuiteRunner.run(SuiteRunner.java:310)
	at org.testng.SuiteRunnerWorker.runSuite(SuiteRunnerWorker.java:52)
	at org.testng.SuiteRunnerWorker.run(SuiteRunnerWorker.java:95)
	at org.testng.TestNG.runSuitesSequentially(TestNG.java:1274)
	at org.testng.TestNG.runSuitesLocally(TestNG.java:1208)
	at org.testng.TestNG.runSuites(TestNG.java:1112)
	at org.testng.TestNG.run(TestNG.java:1079)
	at org.testng.remote.AbstractRemoteTestNG.run(AbstractRemoteTestNG.java:115)
	at org.testng.remote.RemoteTestNG.initAndRun(RemoteTestNG.java:293)
	at org.testng.remote.RemoteTestNG.main(RemoteTestNG.java:91)

21:16:52.903 [main] DEBUG c.b.utils.FunnelInstrumentation - Error in getting Product:
java.lang.NullPointerException: Cannot invoke "String.equalsIgnoreCase(String)" because the return value of "com.browserstack.config.BrowserStackConfig.getFramework()" is null
	at com.browserstack.utils.FunnelInstrumentation.a(Unknown Source)
	at java.base/java.util.stream.MatchOps$1MatchSink.accept(MatchOps.java:90)
	at java.base/java.util.Spliterators$ArraySpliterator.tryAdvance(Spliterators.java:1034)
	at java.base/java.util.stream.ReferencePipeline.forEachWithCancel(ReferencePipeline.java:147)
	at java.base/java.util.stream.AbstractPipeline.copyIntoWithCancel(AbstractPipeline.java:588)
	at java.base/java.util.stream.AbstractPipeline.copyInto(AbstractPipeline.java:574)
	at java.base/java.util.stream.AbstractPipeline.wrapAndCopyInto(AbstractPipeline.java:560)
	at java.base/java.util.stream.MatchOps$MatchOp.evaluateSequential(MatchOps.java:230)
	at java.base/java.util.stream.MatchOps$MatchOp.evaluateSequential(MatchOps.java:196)
	at java.base/java.util.stream.AbstractPipeline.evaluate(AbstractPipeline.java:265)
	at java.base/java.util.stream.ReferencePipeline.anyMatch(ReferencePipeline.java:672)
	at com.browserstack.utils.FunnelInstrumentation.getProducts(Unknown Source)
	at com.browserstack.utils.FunnelInstrumentation.createParamsForEvent(Unknown Source)
	at com.browserstack.utils.FunnelInstrumentation.sendSDKEvent(Unknown Source)
	at com.browserstack.testNgListeners.TmpSuiteListener.onFinish(Unknown Source)
	at org.testng.TestRunner.fireEvent(TestRunner.java:900)
	at org.testng.TestRunner.afterRun(TestRunner.java:855)
	at org.testng.TestRunner.run(TestRunner.java:618)
	at org.testng.SuiteRunner.runTest(SuiteRunner.java:421)
	at org.testng.SuiteRunner.runSequentially(SuiteRunner.java:413)
	at org.testng.SuiteRunner.privateRun(SuiteRunner.java:373)
	at org.testng.SuiteRunner.run(SuiteRunner.java:312)
	at org.testng.SuiteRunnerWorker.runSuite(SuiteRunnerWorker.java:52)
	at org.testng.SuiteRunnerWorker.run(SuiteRunnerWorker.java:95)
	at org.testng.TestNG.runSuitesSequentially(TestNG.java:1274)
	at org.testng.TestNG.runSuitesLocally(TestNG.java:1208)
	at org.testng.TestNG.runSuites(TestNG.java:1112)
	at org.testng.TestNG.run(TestNG.java:1079)
	at org.testng.remote.AbstractRemoteTestNG.run(AbstractRemoteTestNG.java:115)
	at org.testng.remote.RemoteTestNG.initAndRun(RemoteTestNG.java:293)
	at org.testng.remote.RemoteTestNG.main(RemoteTestNG.java:91)
21:16:52.919 [main] DEBUG c.b.utils.FrameworkDetectionUtils - Couldn't find dependency class: appium
21:16:52.967 [main] DEBUG com.browserstack.testOps.UsageStats - getFormattedData: Collecting data for TestObservability
21:16:52.993 [main] TRACE c.b.t.TestOrchestrationUtils - getInstrumentationData: invoked
21:16:53.003 [main] DEBUG c.b.utils.FunnelInstrumentation - Sending funnel data for SDKTestSuccessful with data: {"event_type":"SDKTestSuccessful","accessKey":"[REDACTED]","userName":"[REDACTED]","event_properties":{"isPercyAutoEnabled":false,"language":"java","sdkRunId":"8b6f3351-18b6-4309-b7f7-eef064dbad90","buildIdentifier":"unknown","testhub_uuid":"","detectedAppiumVersion":"null","productMap":{"app_automate":false,"accessibility":null,"automate":true,"percy":false,"observability":false,"turboscale":false},"hostname":"Sathish","measures":{"sdk:pre-test":0.01920008659362793},"productUsage":{"testObservability":{"buildHashedId":"","manuallySet":false,"enabled":false}},"browserStackConfig":{"browserstackLocal":null,"percy":false,"logLevel":"info","staticWebDriver":true,"autoDetectFramework":true,"percyCaptureMode":"AUTO","browserStackLocalOptions":null,"percyOptions":null,"testContextOptions":{"serenityOverridePlugin":false,"skipSessionStatus":false,"skipSessionName":false},"platforms":null,"parallelsPerPlatform":null,"framework":null,"accessibility":false,"accessibilityOptions":{},"turboScaleOptions":{},"disableAutoCaptureLogs":true,"testObservability":true,"browserstackAutomation":true,"turboScale":false,"testObservabilityOptions":{},"gradleMConfig":null,"proxySettings":null},"automationFrameworkVersion":null,"percyBuildId":null,"product":"[automate]","buildName":"unknown","os":"Windows 11","languageVersion":"23.0.2","appiumVersion":"null","frameworkDetectionInstrumentation":{},"detectedDependencies":"","referrer":"unknown","locationTrigger":"onFinish","accessibilityConfiguration":{"pollingTimeout":30},"language_framework":"unknown","testOrchestration":{"abortBuildOnFailure":{"enabled":false},"retryTestsOnFailure":{"enabled":false},"userConfig":{}},"detectedSeleniumVersion":"4.1.2","automationFramework":"selenium","seleniumVersion":"null"}}
21:16:53.430 [main] DEBUG c.b.utils.FunnelInstrumentation - API Event SDKTestSuccessful, response: {"message":"Unauthorized"}
21:16:53.489 [main] DEBUG c.b.monitoring.PerformanceTester - Failed to append key metrics to file C:\Users\sathi\eclipse-workspace\AppiumAutomation\log\key-metrics.json
21:21:17.224 [main] WARN  c.b.config.BrowserStackConfig - Test Observability could not be enabled because framework detected is null. We currently support frameworks testng, cucumber-testng & serenity
21:21:17.623 [main] DEBUG com.browserstack.v2.SdkCliUtils - File C:\Users\sathi\.browserstack already exist
21:21:17.624 [main] DEBUG com.browserstack.v2.SdkCliUtils - getExistingCliPath: no binary found
21:21:17.625 [main] DEBUG com.browserstack.v2.SdkCliUtils - Current CLI Path Found: 
21:21:18.040 [main] ERROR com.browserstack.v2.SdkCliUtils - Error in setting up cli path directory, Exception: Unexpected token END OF FILE at position 0.
	at browserstack.shaded.org.json.simple.parser.JSONParser.parse(Unknown Source)
	at browserstack.shaded.org.json.simple.parser.JSONParser.parse(Unknown Source)
	at browserstack.shaded.org.json.simple.parser.JSONParser.parse(Unknown Source)
	at com.browserstack.v2.SdkCliUtils.checkAndUpdateCli(Unknown Source)
	at com.browserstack.v2.SdkCliUtils.setupCliPath(Unknown Source)
	at com.browserstack.v2.SdkCLI.<clinit>(Unknown Source)
	at com.browserstack.monitoring.PerformanceTester.measure(Unknown Source)
	at com.browserstack.monitoring.PerformanceTester.end(Unknown Source)
	at com.browserstack.testNgListeners.BrowserstackSuiteListener.a(Unknown Source)
	at com.browserstack.testNgListeners.BrowserstackSuiteListener.onStart(Unknown Source)
	at org.testng.SuiteRunner.invokeListeners(SuiteRunner.java:242)
	at org.testng.SuiteRunner.run(SuiteRunner.java:310)
	at org.testng.SuiteRunnerWorker.runSuite(SuiteRunnerWorker.java:52)
	at org.testng.SuiteRunnerWorker.run(SuiteRunnerWorker.java:95)
	at org.testng.TestNG.runSuitesSequentially(TestNG.java:1274)
	at org.testng.TestNG.runSuitesLocally(TestNG.java:1208)
	at org.testng.TestNG.runSuites(TestNG.java:1112)
	at org.testng.TestNG.run(TestNG.java:1079)
	at org.testng.remote.AbstractRemoteTestNG.run(AbstractRemoteTestNG.java:115)
	at org.testng.remote.RemoteTestNG.initAndRun(RemoteTestNG.java:293)
	at org.testng.remote.RemoteTestNG.main(RemoteTestNG.java:91)

21:21:18.047 [main] DEBUG c.b.monitoring.PerformanceTester - Failed to append key metrics to file C:\Users\sathi\eclipse-workspace\AppiumAutomation\log\key-metrics.json
21:21:37.657 [main] DEBUG c.b.utils.FunnelInstrumentation - Error in getting Product:
java.lang.NullPointerException: Cannot invoke "String.equalsIgnoreCase(String)" because the return value of "com.browserstack.config.BrowserStackConfig.getFramework()" is null
	at com.browserstack.utils.FunnelInstrumentation.a(Unknown Source)
	at java.base/java.util.stream.MatchOps$1MatchSink.accept(MatchOps.java:90)
	at java.base/java.util.Spliterators$ArraySpliterator.tryAdvance(Spliterators.java:1034)
	at java.base/java.util.stream.ReferencePipeline.forEachWithCancel(ReferencePipeline.java:147)
	at java.base/java.util.stream.AbstractPipeline.copyIntoWithCancel(AbstractPipeline.java:588)
	at java.base/java.util.stream.AbstractPipeline.copyInto(AbstractPipeline.java:574)
	at java.base/java.util.stream.AbstractPipeline.wrapAndCopyInto(AbstractPipeline.java:560)
	at java.base/java.util.stream.MatchOps$MatchOp.evaluateSequential(MatchOps.java:230)
	at java.base/java.util.stream.MatchOps$MatchOp.evaluateSequential(MatchOps.java:196)
	at java.base/java.util.stream.AbstractPipeline.evaluate(AbstractPipeline.java:265)
	at java.base/java.util.stream.ReferencePipeline.anyMatch(ReferencePipeline.java:672)
	at com.browserstack.utils.FunnelInstrumentation.getProducts(Unknown Source)
	at com.browserstack.utils.FunnelInstrumentation.createParamsForEvent(Unknown Source)
	at com.browserstack.utils.FunnelInstrumentation.sendSDKEvent(Unknown Source)
	at com.browserstack.testNgListeners.TmpSuiteListener.onFinish(Unknown Source)
	at org.testng.TestRunner.fireEvent(TestRunner.java:900)
	at org.testng.TestRunner.afterRun(TestRunner.java:855)
	at org.testng.TestRunner.run(TestRunner.java:618)
	at org.testng.SuiteRunner.runTest(SuiteRunner.java:421)
	at org.testng.SuiteRunner.runSequentially(SuiteRunner.java:413)
	at org.testng.SuiteRunner.privateRun(SuiteRunner.java:373)
	at org.testng.SuiteRunner.run(SuiteRunner.java:312)
	at org.testng.SuiteRunnerWorker.runSuite(SuiteRunnerWorker.java:52)
	at org.testng.SuiteRunnerWorker.run(SuiteRunnerWorker.java:95)
	at org.testng.TestNG.runSuitesSequentially(TestNG.java:1274)
	at org.testng.TestNG.runSuitesLocally(TestNG.java:1208)
	at org.testng.TestNG.runSuites(TestNG.java:1112)
	at org.testng.TestNG.run(TestNG.java:1079)
	at org.testng.remote.AbstractRemoteTestNG.run(AbstractRemoteTestNG.java:115)
	at org.testng.remote.RemoteTestNG.initAndRun(RemoteTestNG.java:293)
	at org.testng.remote.RemoteTestNG.main(RemoteTestNG.java:91)
21:21:37.666 [main] DEBUG c.b.utils.FrameworkDetectionUtils - Couldn't find dependency class: appium
21:21:37.713 [main] DEBUG com.browserstack.testOps.UsageStats - getFormattedData: Collecting data for TestObservability
21:21:37.773 [main] TRACE c.b.t.TestOrchestrationUtils - getInstrumentationData: invoked
21:21:37.785 [main] DEBUG c.b.utils.FunnelInstrumentation - Sending funnel data for SDKTestSuccessful with data: {"event_type":"SDKTestSuccessful","accessKey":"[REDACTED]","userName":"[REDACTED]","event_properties":{"isPercyAutoEnabled":false,"language":"java","sdkRunId":"79ec85f4-19da-4176-8ef3-71618f97b728","buildIdentifier":"unknown","testhub_uuid":"","detectedAppiumVersion":"null","productMap":{"app_automate":false,"accessibility":null,"automate":true,"percy":false,"observability":false,"turboscale":false},"hostname":"Sathish","measures":{"sdk:pre-test":0.019099950790405273},"productUsage":{"testObservability":{"buildHashedId":"","manuallySet":false,"enabled":false}},"browserStackConfig":{"browserstackLocal":null,"percy":false,"logLevel":"info","staticWebDriver":true,"autoDetectFramework":true,"percyCaptureMode":"AUTO","browserStackLocalOptions":null,"percyOptions":null,"testContextOptions":{"skipSessionName":false,"skipSessionStatus":false,"serenityOverridePlugin":false},"platforms":null,"parallelsPerPlatform":null,"framework":null,"accessibility":false,"accessibilityOptions":{},"turboScaleOptions":{},"disableAutoCaptureLogs":true,"testObservability":true,"browserstackAutomation":true,"turboScale":false,"testObservabilityOptions":{},"gradleMConfig":null,"proxySettings":null},"automationFrameworkVersion":null,"percyBuildId":null,"product":"[automate]","buildName":"unknown","os":"Windows 11","languageVersion":"23.0.2","appiumVersion":"null","frameworkDetectionInstrumentation":{},"detectedDependencies":"","referrer":"unknown","locationTrigger":"onFinish","accessibilityConfiguration":{"pollingTimeout":30},"language_framework":"unknown","testOrchestration":{"abortBuildOnFailure":{"enabled":false},"retryTestsOnFailure":{"enabled":false},"userConfig":{}},"detectedSeleniumVersion":"4.1.2","automationFramework":"selenium","seleniumVersion":"null"}}
21:21:37.970 [main] DEBUG c.b.utils.FunnelInstrumentation - API Event SDKTestSuccessful, response: {"message":"Unauthorized"}
21:21:37.999 [main] DEBUG c.b.monitoring.PerformanceTester - Failed to append key metrics to file C:\Users\sathi\eclipse-workspace\AppiumAutomation\log\key-metrics.json
21:30:00.022 [main] WARN  c.b.config.BrowserStackConfig - Test Observability could not be enabled because framework detected is null. We currently support frameworks testng, cucumber-testng & serenity
21:30:00.690 [main] DEBUG com.browserstack.v2.SdkCliUtils - File C:\Users\sathi\.browserstack already exist
21:30:00.692 [main] DEBUG com.browserstack.v2.SdkCliUtils - getExistingCliPath: no binary found
21:30:00.692 [main] DEBUG com.browserstack.v2.SdkCliUtils - Current CLI Path Found: 
21:30:01.472 [main] ERROR com.browserstack.v2.SdkCliUtils - Error in setting up cli path directory, Exception: Unexpected token END OF FILE at position 0.
	at browserstack.shaded.org.json.simple.parser.JSONParser.parse(Unknown Source)
	at browserstack.shaded.org.json.simple.parser.JSONParser.parse(Unknown Source)
	at browserstack.shaded.org.json.simple.parser.JSONParser.parse(Unknown Source)
	at com.browserstack.v2.SdkCliUtils.checkAndUpdateCli(Unknown Source)
	at com.browserstack.v2.SdkCliUtils.setupCliPath(Unknown Source)
	at com.browserstack.v2.SdkCLI.<clinit>(Unknown Source)
	at com.browserstack.monitoring.PerformanceTester.measure(Unknown Source)
	at com.browserstack.monitoring.PerformanceTester.end(Unknown Source)
	at com.browserstack.testNgListeners.BrowserstackSuiteListener.a(Unknown Source)
	at com.browserstack.testNgListeners.BrowserstackSuiteListener.onStart(Unknown Source)
	at org.testng.SuiteRunner.invokeListeners(SuiteRunner.java:242)
	at org.testng.SuiteRunner.run(SuiteRunner.java:310)
	at org.testng.SuiteRunnerWorker.runSuite(SuiteRunnerWorker.java:52)
	at org.testng.SuiteRunnerWorker.run(SuiteRunnerWorker.java:95)
	at org.testng.TestNG.runSuitesSequentially(TestNG.java:1274)
	at org.testng.TestNG.runSuitesLocally(TestNG.java:1208)
	at org.testng.TestNG.runSuites(TestNG.java:1112)
	at org.testng.TestNG.run(TestNG.java:1079)
	at org.testng.remote.AbstractRemoteTestNG.run(AbstractRemoteTestNG.java:115)
	at org.testng.remote.RemoteTestNG.initAndRun(RemoteTestNG.java:293)
	at org.testng.remote.RemoteTestNG.main(RemoteTestNG.java:91)

21:30:01.482 [main] DEBUG c.b.monitoring.PerformanceTester - Failed to append key metrics to file C:\Users\sathi\eclipse-workspace\AppiumAutomation\log\key-metrics.json
21:30:22.350 [main] DEBUG c.b.utils.FunnelInstrumentation - Error in getting Product:
java.lang.NullPointerException: Cannot invoke "String.equalsIgnoreCase(String)" because the return value of "com.browserstack.config.BrowserStackConfig.getFramework()" is null
	at com.browserstack.utils.FunnelInstrumentation.a(Unknown Source)
	at java.base/java.util.stream.MatchOps$1MatchSink.accept(MatchOps.java:90)
	at java.base/java.util.Spliterators$ArraySpliterator.tryAdvance(Spliterators.java:1034)
	at java.base/java.util.stream.ReferencePipeline.forEachWithCancel(ReferencePipeline.java:147)
	at java.base/java.util.stream.AbstractPipeline.copyIntoWithCancel(AbstractPipeline.java:588)
	at java.base/java.util.stream.AbstractPipeline.copyInto(AbstractPipeline.java:574)
	at java.base/java.util.stream.AbstractPipeline.wrapAndCopyInto(AbstractPipeline.java:560)
	at java.base/java.util.stream.MatchOps$MatchOp.evaluateSequential(MatchOps.java:230)
	at java.base/java.util.stream.MatchOps$MatchOp.evaluateSequential(MatchOps.java:196)
	at java.base/java.util.stream.AbstractPipeline.evaluate(AbstractPipeline.java:265)
	at java.base/java.util.stream.ReferencePipeline.anyMatch(ReferencePipeline.java:672)
	at com.browserstack.utils.FunnelInstrumentation.getProducts(Unknown Source)
	at com.browserstack.utils.FunnelInstrumentation.createParamsForEvent(Unknown Source)
	at com.browserstack.utils.FunnelInstrumentation.sendSDKEvent(Unknown Source)
	at com.browserstack.testNgListeners.TmpSuiteListener.onFinish(Unknown Source)
	at org.testng.TestRunner.fireEvent(TestRunner.java:900)
	at org.testng.TestRunner.afterRun(TestRunner.java:855)
	at org.testng.TestRunner.run(TestRunner.java:618)
	at org.testng.SuiteRunner.runTest(SuiteRunner.java:421)
	at org.testng.SuiteRunner.runSequentially(SuiteRunner.java:413)
	at org.testng.SuiteRunner.privateRun(SuiteRunner.java:373)
	at org.testng.SuiteRunner.run(SuiteRunner.java:312)
	at org.testng.SuiteRunnerWorker.runSuite(SuiteRunnerWorker.java:52)
	at org.testng.SuiteRunnerWorker.run(SuiteRunnerWorker.java:95)
	at org.testng.TestNG.runSuitesSequentially(TestNG.java:1274)
	at org.testng.TestNG.runSuitesLocally(TestNG.java:1208)
	at org.testng.TestNG.runSuites(TestNG.java:1112)
	at org.testng.TestNG.run(TestNG.java:1079)
	at org.testng.remote.AbstractRemoteTestNG.run(AbstractRemoteTestNG.java:115)
	at org.testng.remote.RemoteTestNG.initAndRun(RemoteTestNG.java:293)
	at org.testng.remote.RemoteTestNG.main(RemoteTestNG.java:91)
21:30:22.370 [main] DEBUG c.b.utils.FrameworkDetectionUtils - Couldn't find dependency class: appium
21:30:22.419 [main] DEBUG com.browserstack.testOps.UsageStats - getFormattedData: Collecting data for TestObservability
21:30:22.475 [main] TRACE c.b.t.TestOrchestrationUtils - getInstrumentationData: invoked
21:30:22.491 [main] DEBUG c.b.utils.FunnelInstrumentation - Sending funnel data for SDKTestSuccessful with data: {"event_type":"SDKTestSuccessful","accessKey":"[REDACTED]","userName":"[REDACTED]","event_properties":{"isPercyAutoEnabled":false,"language":"java","sdkRunId":"43a72834-efa0-45bc-94ff-3d6ef5c57d63","buildIdentifier":"unknown","testhub_uuid":"","detectedAppiumVersion":"null","productMap":{"app_automate":false,"accessibility":null,"automate":true,"percy":false,"observability":false,"turboscale":false},"hostname":"Sathish","measures":{"sdk:pre-test":0.027199983596801758},"productUsage":{"testObservability":{"buildHashedId":"","manuallySet":false,"enabled":false}},"browserStackConfig":{"browserstackLocal":null,"percy":false,"logLevel":"info","staticWebDriver":true,"autoDetectFramework":true,"percyCaptureMode":"AUTO","browserStackLocalOptions":null,"percyOptions":null,"testContextOptions":{"skipSessionName":false,"serenityOverridePlugin":false,"skipSessionStatus":false},"platforms":null,"parallelsPerPlatform":null,"framework":null,"accessibility":false,"accessibilityOptions":{},"turboScaleOptions":{},"disableAutoCaptureLogs":true,"testObservability":true,"browserstackAutomation":true,"turboScale":false,"testObservabilityOptions":{},"gradleMConfig":null,"proxySettings":null},"automationFrameworkVersion":null,"percyBuildId":null,"product":"[automate]","buildName":"unknown","os":"Windows 11","languageVersion":"23.0.2","appiumVersion":"null","frameworkDetectionInstrumentation":{},"detectedDependencies":"","referrer":"unknown","locationTrigger":"onFinish","accessibilityConfiguration":{"pollingTimeout":30},"language_framework":"unknown","testOrchestration":{"abortBuildOnFailure":{"enabled":false},"retryTestsOnFailure":{"enabled":false},"userConfig":{}},"detectedSeleniumVersion":"4.1.2","automationFramework":"selenium","seleniumVersion":"null"}}
21:30:22.657 [main] DEBUG c.b.utils.FunnelInstrumentation - API Event SDKTestSuccessful, response: {"message":"Unauthorized"}
21:30:22.708 [main] DEBUG c.b.monitoring.PerformanceTester - Failed to append key metrics to file C:\Users\sathi\eclipse-workspace\AppiumAutomation\log\key-metrics.json
21:40:03.287 [main] WARN  c.b.config.BrowserStackConfig - Test Observability could not be enabled because framework detected is null. We currently support frameworks testng, cucumber-testng & serenity
21:40:03.694 [main] DEBUG com.browserstack.v2.SdkCliUtils - File C:\Users\sathi\.browserstack already exist
21:40:03.695 [main] DEBUG com.browserstack.v2.SdkCliUtils - getExistingCliPath: no binary found
21:40:03.695 [main] DEBUG com.browserstack.v2.SdkCliUtils - Current CLI Path Found: 
21:40:04.154 [main] ERROR com.browserstack.v2.SdkCliUtils - Error in setting up cli path directory, Exception: Unexpected token END OF FILE at position 0.
	at browserstack.shaded.org.json.simple.parser.JSONParser.parse(Unknown Source)
	at browserstack.shaded.org.json.simple.parser.JSONParser.parse(Unknown Source)
	at browserstack.shaded.org.json.simple.parser.JSONParser.parse(Unknown Source)
	at com.browserstack.v2.SdkCliUtils.checkAndUpdateCli(Unknown Source)
	at com.browserstack.v2.SdkCliUtils.setupCliPath(Unknown Source)
	at com.browserstack.v2.SdkCLI.<clinit>(Unknown Source)
	at com.browserstack.monitoring.PerformanceTester.measure(Unknown Source)
	at com.browserstack.monitoring.PerformanceTester.end(Unknown Source)
	at com.browserstack.testNgListeners.BrowserstackSuiteListener.a(Unknown Source)
	at com.browserstack.testNgListeners.BrowserstackSuiteListener.onStart(Unknown Source)
	at org.testng.SuiteRunner.invokeListeners(SuiteRunner.java:242)
	at org.testng.SuiteRunner.run(SuiteRunner.java:310)
	at org.testng.SuiteRunnerWorker.runSuite(SuiteRunnerWorker.java:52)
	at org.testng.SuiteRunnerWorker.run(SuiteRunnerWorker.java:95)
	at org.testng.TestNG.runSuitesSequentially(TestNG.java:1274)
	at org.testng.TestNG.runSuitesLocally(TestNG.java:1208)
	at org.testng.TestNG.runSuites(TestNG.java:1112)
	at org.testng.TestNG.run(TestNG.java:1079)
	at org.testng.remote.AbstractRemoteTestNG.run(AbstractRemoteTestNG.java:115)
	at org.testng.remote.RemoteTestNG.initAndRun(RemoteTestNG.java:293)
	at org.testng.remote.RemoteTestNG.main(RemoteTestNG.java:91)

21:40:04.161 [main] DEBUG c.b.monitoring.PerformanceTester - Failed to append key metrics to file C:\Users\sathi\eclipse-workspace\AppiumAutomation\log\key-metrics.json
21:40:32.618 [main] DEBUG c.b.utils.FunnelInstrumentation - Error in getting Product:
java.lang.NullPointerException: Cannot invoke "String.equalsIgnoreCase(String)" because the return value of "com.browserstack.config.BrowserStackConfig.getFramework()" is null
	at com.browserstack.utils.FunnelInstrumentation.a(Unknown Source)
	at java.base/java.util.stream.MatchOps$1MatchSink.accept(MatchOps.java:90)
	at java.base/java.util.Spliterators$ArraySpliterator.tryAdvance(Spliterators.java:1034)
	at java.base/java.util.stream.ReferencePipeline.forEachWithCancel(ReferencePipeline.java:147)
	at java.base/java.util.stream.AbstractPipeline.copyIntoWithCancel(AbstractPipeline.java:588)
	at java.base/java.util.stream.AbstractPipeline.copyInto(AbstractPipeline.java:574)
	at java.base/java.util.stream.AbstractPipeline.wrapAndCopyInto(AbstractPipeline.java:560)
	at java.base/java.util.stream.MatchOps$MatchOp.evaluateSequential(MatchOps.java:230)
	at java.base/java.util.stream.MatchOps$MatchOp.evaluateSequential(MatchOps.java:196)
	at java.base/java.util.stream.AbstractPipeline.evaluate(AbstractPipeline.java:265)
	at java.base/java.util.stream.ReferencePipeline.anyMatch(ReferencePipeline.java:672)
	at com.browserstack.utils.FunnelInstrumentation.getProducts(Unknown Source)
	at com.browserstack.utils.FunnelInstrumentation.createParamsForEvent(Unknown Source)
	at com.browserstack.utils.FunnelInstrumentation.sendSDKEvent(Unknown Source)
	at com.browserstack.testNgListeners.TmpSuiteListener.onFinish(Unknown Source)
	at org.testng.TestRunner.fireEvent(TestRunner.java:900)
	at org.testng.TestRunner.afterRun(TestRunner.java:855)
	at org.testng.TestRunner.run(TestRunner.java:618)
	at org.testng.SuiteRunner.runTest(SuiteRunner.java:421)
	at org.testng.SuiteRunner.runSequentially(SuiteRunner.java:413)
	at org.testng.SuiteRunner.privateRun(SuiteRunner.java:373)
	at org.testng.SuiteRunner.run(SuiteRunner.java:312)
	at org.testng.SuiteRunnerWorker.runSuite(SuiteRunnerWorker.java:52)
	at org.testng.SuiteRunnerWorker.run(SuiteRunnerWorker.java:95)
	at org.testng.TestNG.runSuitesSequentially(TestNG.java:1274)
	at org.testng.TestNG.runSuitesLocally(TestNG.java:1208)
	at org.testng.TestNG.runSuites(TestNG.java:1112)
	at org.testng.TestNG.run(TestNG.java:1079)
	at org.testng.remote.AbstractRemoteTestNG.run(AbstractRemoteTestNG.java:115)
	at org.testng.remote.RemoteTestNG.initAndRun(RemoteTestNG.java:293)
	at org.testng.remote.RemoteTestNG.main(RemoteTestNG.java:91)
21:40:32.634 [main] DEBUG c.b.utils.FrameworkDetectionUtils - Couldn't find dependency class: appium
21:40:32.680 [main] DEBUG com.browserstack.testOps.UsageStats - getFormattedData: Collecting data for TestObservability
21:40:32.734 [main] TRACE c.b.t.TestOrchestrationUtils - getInstrumentationData: invoked
21:40:32.747 [main] DEBUG c.b.utils.FunnelInstrumentation - Sending funnel data for SDKTestSuccessful with data: {"event_type":"SDKTestSuccessful","accessKey":"[REDACTED]","userName":"[REDACTED]","event_properties":{"isPercyAutoEnabled":false,"language":"java","sdkRunId":"cf6b393f-52a3-4da5-a15f-59cbfbad2b4d","buildIdentifier":"unknown","testhub_uuid":"","detectedAppiumVersion":"null","productMap":{"app_automate":false,"accessibility":null,"automate":true,"percy":false,"observability":false,"turboscale":false},"hostname":"Sathish","measures":{"sdk:pre-test":0.019099950790405273},"productUsage":{"testObservability":{"buildHashedId":"","manuallySet":false,"enabled":false}},"browserStackConfig":{"browserstackLocal":null,"percy":false,"logLevel":"info","staticWebDriver":true,"autoDetectFramework":true,"percyCaptureMode":"AUTO","browserStackLocalOptions":null,"percyOptions":null,"testContextOptions":{"skipSessionName":false,"skipSessionStatus":false,"serenityOverridePlugin":false},"platforms":null,"parallelsPerPlatform":null,"framework":null,"accessibility":false,"accessibilityOptions":{},"turboScaleOptions":{},"disableAutoCaptureLogs":true,"testObservability":true,"browserstackAutomation":true,"turboScale":false,"testObservabilityOptions":{},"gradleMConfig":null,"proxySettings":null},"automationFrameworkVersion":null,"percyBuildId":null,"product":"[automate]","buildName":"unknown","os":"Windows 11","languageVersion":"23.0.2","appiumVersion":"null","frameworkDetectionInstrumentation":{},"detectedDependencies":"","referrer":"unknown","locationTrigger":"onFinish","accessibilityConfiguration":{"pollingTimeout":30},"language_framework":"unknown","testOrchestration":{"abortBuildOnFailure":{"enabled":false},"retryTestsOnFailure":{"enabled":false},"userConfig":{}},"detectedSeleniumVersion":"4.1.2","automationFramework":"selenium","seleniumVersion":"null"}}
21:40:33.149 [main] DEBUG c.b.utils.FunnelInstrumentation - API Event SDKTestSuccessful, response: {"message":"Unauthorized"}
21:40:33.216 [main] DEBUG c.b.monitoring.PerformanceTester - Failed to append key metrics to file C:\Users\sathi\eclipse-workspace\AppiumAutomation\log\key-metrics.json
21:42:04.474 [main] WARN  c.b.config.BrowserStackConfig - Test Observability could not be enabled because framework detected is null. We currently support frameworks testng, cucumber-testng & serenity
21:42:05.049 [main] DEBUG com.browserstack.v2.SdkCliUtils - File C:\Users\sathi\.browserstack already exist
21:42:05.051 [main] DEBUG com.browserstack.v2.SdkCliUtils - getExistingCliPath: no binary found
21:42:05.051 [main] DEBUG com.browserstack.v2.SdkCliUtils - Current CLI Path Found: 
21:42:05.911 [main] ERROR com.browserstack.v2.SdkCliUtils - Error in setting up cli path directory, Exception: Unexpected token END OF FILE at position 0.
	at browserstack.shaded.org.json.simple.parser.JSONParser.parse(Unknown Source)
	at browserstack.shaded.org.json.simple.parser.JSONParser.parse(Unknown Source)
	at browserstack.shaded.org.json.simple.parser.JSONParser.parse(Unknown Source)
	at com.browserstack.v2.SdkCliUtils.checkAndUpdateCli(Unknown Source)
	at com.browserstack.v2.SdkCliUtils.setupCliPath(Unknown Source)
	at com.browserstack.v2.SdkCLI.<clinit>(Unknown Source)
	at com.browserstack.monitoring.PerformanceTester.measure(Unknown Source)
	at com.browserstack.monitoring.PerformanceTester.end(Unknown Source)
	at com.browserstack.testNgListeners.BrowserstackSuiteListener.a(Unknown Source)
	at com.browserstack.testNgListeners.BrowserstackSuiteListener.onStart(Unknown Source)
	at org.testng.SuiteRunner.invokeListeners(SuiteRunner.java:242)
	at org.testng.SuiteRunner.run(SuiteRunner.java:310)
	at org.testng.SuiteRunnerWorker.runSuite(SuiteRunnerWorker.java:52)
	at org.testng.SuiteRunnerWorker.run(SuiteRunnerWorker.java:95)
	at org.testng.TestNG.runSuitesSequentially(TestNG.java:1274)
	at org.testng.TestNG.runSuitesLocally(TestNG.java:1208)
	at org.testng.TestNG.runSuites(TestNG.java:1112)
	at org.testng.TestNG.run(TestNG.java:1079)
	at org.testng.remote.AbstractRemoteTestNG.run(AbstractRemoteTestNG.java:115)
	at org.testng.remote.RemoteTestNG.initAndRun(RemoteTestNG.java:293)
	at org.testng.remote.RemoteTestNG.main(RemoteTestNG.java:91)

21:42:05.921 [main] DEBUG c.b.monitoring.PerformanceTester - Failed to append key metrics to file C:\Users\sathi\eclipse-workspace\AppiumAutomation\log\key-metrics.json
21:42:30.103 [main] DEBUG c.b.utils.FunnelInstrumentation - Error in getting Product:
java.lang.NullPointerException: Cannot invoke "String.equalsIgnoreCase(String)" because the return value of "com.browserstack.config.BrowserStackConfig.getFramework()" is null
	at com.browserstack.utils.FunnelInstrumentation.a(Unknown Source)
	at java.base/java.util.stream.MatchOps$1MatchSink.accept(MatchOps.java:90)
	at java.base/java.util.Spliterators$ArraySpliterator.tryAdvance(Spliterators.java:1034)
	at java.base/java.util.stream.ReferencePipeline.forEachWithCancel(ReferencePipeline.java:147)
	at java.base/java.util.stream.AbstractPipeline.copyIntoWithCancel(AbstractPipeline.java:588)
	at java.base/java.util.stream.AbstractPipeline.copyInto(AbstractPipeline.java:574)
	at java.base/java.util.stream.AbstractPipeline.wrapAndCopyInto(AbstractPipeline.java:560)
	at java.base/java.util.stream.MatchOps$MatchOp.evaluateSequential(MatchOps.java:230)
	at java.base/java.util.stream.MatchOps$MatchOp.evaluateSequential(MatchOps.java:196)
	at java.base/java.util.stream.AbstractPipeline.evaluate(AbstractPipeline.java:265)
	at java.base/java.util.stream.ReferencePipeline.anyMatch(ReferencePipeline.java:672)
	at com.browserstack.utils.FunnelInstrumentation.getProducts(Unknown Source)
	at com.browserstack.utils.FunnelInstrumentation.createParamsForEvent(Unknown Source)
	at com.browserstack.utils.FunnelInstrumentation.sendSDKEvent(Unknown Source)
	at com.browserstack.testNgListeners.TmpSuiteListener.onFinish(Unknown Source)
	at org.testng.TestRunner.fireEvent(TestRunner.java:900)
	at org.testng.TestRunner.afterRun(TestRunner.java:855)
	at org.testng.TestRunner.run(TestRunner.java:618)
	at org.testng.SuiteRunner.runTest(SuiteRunner.java:421)
	at org.testng.SuiteRunner.runSequentially(SuiteRunner.java:413)
	at org.testng.SuiteRunner.privateRun(SuiteRunner.java:373)
	at org.testng.SuiteRunner.run(SuiteRunner.java:312)
	at org.testng.SuiteRunnerWorker.runSuite(SuiteRunnerWorker.java:52)
	at org.testng.SuiteRunnerWorker.run(SuiteRunnerWorker.java:95)
	at org.testng.TestNG.runSuitesSequentially(TestNG.java:1274)
	at org.testng.TestNG.runSuitesLocally(TestNG.java:1208)
	at org.testng.TestNG.runSuites(TestNG.java:1112)
	at org.testng.TestNG.run(TestNG.java:1079)
	at org.testng.remote.AbstractRemoteTestNG.run(AbstractRemoteTestNG.java:115)
	at org.testng.remote.RemoteTestNG.initAndRun(RemoteTestNG.java:293)
	at org.testng.remote.RemoteTestNG.main(RemoteTestNG.java:91)
21:42:30.115 [main] DEBUG c.b.utils.FrameworkDetectionUtils - Couldn't find dependency class: appium
21:42:30.162 [main] DEBUG com.browserstack.testOps.UsageStats - getFormattedData: Collecting data for TestObservability
21:42:30.219 [main] TRACE c.b.t.TestOrchestrationUtils - getInstrumentationData: invoked
21:42:30.231 [main] DEBUG c.b.utils.FunnelInstrumentation - Sending funnel data for SDKTestSuccessful with data: {"event_type":"SDKTestSuccessful","accessKey":"[REDACTED]","userName":"[REDACTED]","event_properties":{"isPercyAutoEnabled":false,"language":"java","sdkRunId":"c8fbd91f-e1d1-4e7c-99ca-79accb8c537d","buildIdentifier":"unknown","testhub_uuid":"","detectedAppiumVersion":"null","productMap":{"app_automate":false,"accessibility":null,"automate":true,"percy":false,"observability":false,"turboscale":false},"hostname":"Sathish","measures":{"sdk:pre-test":0.026799917221069336},"productUsage":{"testObservability":{"buildHashedId":"","manuallySet":false,"enabled":false}},"browserStackConfig":{"browserstackLocal":null,"percy":false,"logLevel":"info","staticWebDriver":true,"autoDetectFramework":true,"percyCaptureMode":"AUTO","browserStackLocalOptions":null,"percyOptions":null,"testContextOptions":{"skipSessionName":false,"skipSessionStatus":false,"serenityOverridePlugin":false},"platforms":null,"parallelsPerPlatform":null,"framework":null,"accessibility":false,"accessibilityOptions":{},"turboScaleOptions":{},"disableAutoCaptureLogs":true,"testObservability":true,"browserstackAutomation":true,"turboScale":false,"testObservabilityOptions":{},"gradleMConfig":null,"proxySettings":null},"automationFrameworkVersion":null,"percyBuildId":null,"product":"[automate]","buildName":"unknown","os":"Windows 11","languageVersion":"23.0.2","appiumVersion":"null","frameworkDetectionInstrumentation":{},"detectedDependencies":"","referrer":"unknown","locationTrigger":"onFinish","accessibilityConfiguration":{"pollingTimeout":30},"language_framework":"unknown","testOrchestration":{"abortBuildOnFailure":{"enabled":false},"retryTestsOnFailure":{"enabled":false},"userConfig":{}},"detectedSeleniumVersion":"4.1.2","automationFramework":"selenium","seleniumVersion":"null"}}
21:42:30.406 [main] DEBUG c.b.utils.FunnelInstrumentation - API Event SDKTestSuccessful, response: {"message":"Unauthorized"}
21:42:30.482 [main] DEBUG c.b.monitoring.PerformanceTester - Failed to append key metrics to file C:\Users\sathi\eclipse-workspace\AppiumAutomation\log\key-metrics.json
21:44:11.542 [main] WARN  c.b.config.BrowserStackConfig - Test Observability could not be enabled because framework detected is null. We currently support frameworks testng, cucumber-testng & serenity
21:44:12.099 [main] DEBUG com.browserstack.v2.SdkCliUtils - File C:\Users\sathi\.browserstack already exist
21:44:12.102 [main] DEBUG com.browserstack.v2.SdkCliUtils - getExistingCliPath: no binary found
21:44:12.103 [main] DEBUG com.browserstack.v2.SdkCliUtils - Current CLI Path Found: 
21:44:12.702 [main] ERROR com.browserstack.v2.SdkCliUtils - Error in setting up cli path directory, Exception: Unexpected token END OF FILE at position 0.
	at browserstack.shaded.org.json.simple.parser.JSONParser.parse(Unknown Source)
	at browserstack.shaded.org.json.simple.parser.JSONParser.parse(Unknown Source)
	at browserstack.shaded.org.json.simple.parser.JSONParser.parse(Unknown Source)
	at com.browserstack.v2.SdkCliUtils.checkAndUpdateCli(Unknown Source)
	at com.browserstack.v2.SdkCliUtils.setupCliPath(Unknown Source)
	at com.browserstack.v2.SdkCLI.<clinit>(Unknown Source)
	at com.browserstack.monitoring.PerformanceTester.measure(Unknown Source)
	at com.browserstack.monitoring.PerformanceTester.end(Unknown Source)
	at com.browserstack.testNgListeners.BrowserstackSuiteListener.a(Unknown Source)
	at com.browserstack.testNgListeners.BrowserstackSuiteListener.onStart(Unknown Source)
	at org.testng.SuiteRunner.invokeListeners(SuiteRunner.java:242)
	at org.testng.SuiteRunner.run(SuiteRunner.java:310)
	at org.testng.SuiteRunnerWorker.runSuite(SuiteRunnerWorker.java:52)
	at org.testng.SuiteRunnerWorker.run(SuiteRunnerWorker.java:95)
	at org.testng.TestNG.runSuitesSequentially(TestNG.java:1274)
	at org.testng.TestNG.runSuitesLocally(TestNG.java:1208)
	at org.testng.TestNG.runSuites(TestNG.java:1112)
	at org.testng.TestNG.run(TestNG.java:1079)
	at org.testng.remote.AbstractRemoteTestNG.run(AbstractRemoteTestNG.java:115)
	at org.testng.remote.RemoteTestNG.initAndRun(RemoteTestNG.java:293)
	at org.testng.remote.RemoteTestNG.main(RemoteTestNG.java:91)

21:44:12.742 [main] DEBUG c.b.monitoring.PerformanceTester - Failed to append key metrics to file C:\Users\sathi\eclipse-workspace\AppiumAutomation\log\key-metrics.json
21:44:32.768 [main] DEBUG c.b.utils.FunnelInstrumentation - Error in getting Product:
java.lang.NullPointerException: Cannot invoke "String.equalsIgnoreCase(String)" because the return value of "com.browserstack.config.BrowserStackConfig.getFramework()" is null
	at com.browserstack.utils.FunnelInstrumentation.a(Unknown Source)
	at java.base/java.util.stream.MatchOps$1MatchSink.accept(MatchOps.java:90)
	at java.base/java.util.Spliterators$ArraySpliterator.tryAdvance(Spliterators.java:1034)
	at java.base/java.util.stream.ReferencePipeline.forEachWithCancel(ReferencePipeline.java:147)
	at java.base/java.util.stream.AbstractPipeline.copyIntoWithCancel(AbstractPipeline.java:588)
	at java.base/java.util.stream.AbstractPipeline.copyInto(AbstractPipeline.java:574)
	at java.base/java.util.stream.AbstractPipeline.wrapAndCopyInto(AbstractPipeline.java:560)
	at java.base/java.util.stream.MatchOps$MatchOp.evaluateSequential(MatchOps.java:230)
	at java.base/java.util.stream.MatchOps$MatchOp.evaluateSequential(MatchOps.java:196)
	at java.base/java.util.stream.AbstractPipeline.evaluate(AbstractPipeline.java:265)
	at java.base/java.util.stream.ReferencePipeline.anyMatch(ReferencePipeline.java:672)
	at com.browserstack.utils.FunnelInstrumentation.getProducts(Unknown Source)
	at com.browserstack.utils.FunnelInstrumentation.createParamsForEvent(Unknown Source)
	at com.browserstack.utils.FunnelInstrumentation.sendSDKEvent(Unknown Source)
	at com.browserstack.testNgListeners.TmpSuiteListener.onFinish(Unknown Source)
	at org.testng.TestRunner.fireEvent(TestRunner.java:900)
	at org.testng.TestRunner.afterRun(TestRunner.java:855)
	at org.testng.TestRunner.run(TestRunner.java:618)
	at org.testng.SuiteRunner.runTest(SuiteRunner.java:421)
	at org.testng.SuiteRunner.runSequentially(SuiteRunner.java:413)
	at org.testng.SuiteRunner.privateRun(SuiteRunner.java:373)
	at org.testng.SuiteRunner.run(SuiteRunner.java:312)
	at org.testng.SuiteRunnerWorker.runSuite(SuiteRunnerWorker.java:52)
	at org.testng.SuiteRunnerWorker.run(SuiteRunnerWorker.java:95)
	at org.testng.TestNG.runSuitesSequentially(TestNG.java:1274)
	at org.testng.TestNG.runSuitesLocally(TestNG.java:1208)
	at org.testng.TestNG.runSuites(TestNG.java:1112)
	at org.testng.TestNG.run(TestNG.java:1079)
	at org.testng.remote.AbstractRemoteTestNG.run(AbstractRemoteTestNG.java:115)
	at org.testng.remote.RemoteTestNG.initAndRun(RemoteTestNG.java:293)
	at org.testng.remote.RemoteTestNG.main(RemoteTestNG.java:91)
21:44:32.786 [main] DEBUG c.b.utils.FrameworkDetectionUtils - Couldn't find dependency class: appium
21:44:32.835 [main] DEBUG com.browserstack.testOps.UsageStats - getFormattedData: Collecting data for TestObservability
21:44:32.897 [main] TRACE c.b.t.TestOrchestrationUtils - getInstrumentationData: invoked
21:44:32.911 [main] DEBUG c.b.utils.FunnelInstrumentation - Sending funnel data for SDKTestSuccessful with data: {"event_type":"SDKTestSuccessful","accessKey":"[REDACTED]","userName":"[REDACTED]","event_properties":{"isPercyAutoEnabled":false,"language":"java","sdkRunId":"a00f33d0-a915-4cbd-b3d9-38d0facf41c7","buildIdentifier":"unknown","testhub_uuid":"","detectedAppiumVersion":"null","productMap":{"app_automate":false,"accessibility":null,"automate":true,"percy":false,"observability":false,"turboscale":false},"hostname":"Sathish","measures":{"sdk:pre-test":0.02310013771057129},"productUsage":{"testObservability":{"buildHashedId":"","manuallySet":false,"enabled":false}},"browserStackConfig":{"browserstackLocal":null,"percy":false,"logLevel":"info","staticWebDriver":true,"autoDetectFramework":true,"percyCaptureMode":"AUTO","browserStackLocalOptions":null,"percyOptions":null,"testContextOptions":{"skipSessionName":false,"serenityOverridePlugin":false,"skipSessionStatus":false},"platforms":null,"parallelsPerPlatform":null,"framework":null,"accessibility":false,"accessibilityOptions":{},"turboScaleOptions":{},"disableAutoCaptureLogs":true,"testObservability":true,"browserstackAutomation":true,"turboScale":false,"testObservabilityOptions":{},"gradleMConfig":null,"proxySettings":null},"automationFrameworkVersion":null,"percyBuildId":null,"product":"[automate]","buildName":"unknown","os":"Windows 11","languageVersion":"23.0.2","appiumVersion":"null","frameworkDetectionInstrumentation":{},"detectedDependencies":"","referrer":"unknown","locationTrigger":"onFinish","accessibilityConfiguration":{"pollingTimeout":30},"language_framework":"unknown","testOrchestration":{"abortBuildOnFailure":{"enabled":false},"retryTestsOnFailure":{"enabled":false},"userConfig":{}},"detectedSeleniumVersion":"4.1.2","automationFramework":"selenium","seleniumVersion":"null"}}
21:44:33.092 [main] DEBUG c.b.utils.FunnelInstrumentation - API Event SDKTestSuccessful, response: {"message":"Unauthorized"}
21:44:33.160 [main] DEBUG c.b.monitoring.PerformanceTester - Failed to append key metrics to file C:\Users\sathi\eclipse-workspace\AppiumAutomation\log\key-metrics.json
21:50:53.428 [main] WARN  c.b.config.BrowserStackConfig - Test Observability could not be enabled because framework detected is null. We currently support frameworks testng, cucumber-testng & serenity
21:50:54.031 [main] DEBUG com.browserstack.v2.SdkCliUtils - File C:\Users\sathi\.browserstack already exist
21:50:54.034 [main] DEBUG com.browserstack.v2.SdkCliUtils - getExistingCliPath: no binary found
21:50:54.035 [main] DEBUG com.browserstack.v2.SdkCliUtils - Current CLI Path Found: 
21:50:54.555 [main] ERROR com.browserstack.v2.SdkCliUtils - Error in setting up cli path directory, Exception: Unexpected token END OF FILE at position 0.
	at browserstack.shaded.org.json.simple.parser.JSONParser.parse(Unknown Source)
	at browserstack.shaded.org.json.simple.parser.JSONParser.parse(Unknown Source)
	at browserstack.shaded.org.json.simple.parser.JSONParser.parse(Unknown Source)
	at com.browserstack.v2.SdkCliUtils.checkAndUpdateCli(Unknown Source)
	at com.browserstack.v2.SdkCliUtils.setupCliPath(Unknown Source)
	at com.browserstack.v2.SdkCLI.<clinit>(Unknown Source)
	at com.browserstack.monitoring.PerformanceTester.measure(Unknown Source)
	at com.browserstack.monitoring.PerformanceTester.end(Unknown Source)
	at com.browserstack.testNgListeners.BrowserstackSuiteListener.a(Unknown Source)
	at com.browserstack.testNgListeners.BrowserstackSuiteListener.onStart(Unknown Source)
	at org.testng.SuiteRunner.invokeListeners(SuiteRunner.java:242)
	at org.testng.SuiteRunner.run(SuiteRunner.java:310)
	at org.testng.SuiteRunnerWorker.runSuite(SuiteRunnerWorker.java:52)
	at org.testng.SuiteRunnerWorker.run(SuiteRunnerWorker.java:95)
	at org.testng.TestNG.runSuitesSequentially(TestNG.java:1274)
	at org.testng.TestNG.runSuitesLocally(TestNG.java:1208)
	at org.testng.TestNG.runSuites(TestNG.java:1112)
	at org.testng.TestNG.run(TestNG.java:1079)
	at org.testng.remote.AbstractRemoteTestNG.run(AbstractRemoteTestNG.java:115)
	at org.testng.remote.RemoteTestNG.initAndRun(RemoteTestNG.java:293)
	at org.testng.remote.RemoteTestNG.main(RemoteTestNG.java:91)

21:50:54.565 [main] DEBUG c.b.monitoring.PerformanceTester - Failed to append key metrics to file C:\Users\sathi\eclipse-workspace\AppiumAutomation\log\key-metrics.json
21:51:18.886 [main] DEBUG c.b.utils.FunnelInstrumentation - Error in getting Product:
java.lang.NullPointerException: Cannot invoke "String.equalsIgnoreCase(String)" because the return value of "com.browserstack.config.BrowserStackConfig.getFramework()" is null
	at com.browserstack.utils.FunnelInstrumentation.a(Unknown Source)
	at java.base/java.util.stream.MatchOps$1MatchSink.accept(MatchOps.java:90)
	at java.base/java.util.Spliterators$ArraySpliterator.tryAdvance(Spliterators.java:1034)
	at java.base/java.util.stream.ReferencePipeline.forEachWithCancel(ReferencePipeline.java:147)
	at java.base/java.util.stream.AbstractPipeline.copyIntoWithCancel(AbstractPipeline.java:588)
	at java.base/java.util.stream.AbstractPipeline.copyInto(AbstractPipeline.java:574)
	at java.base/java.util.stream.AbstractPipeline.wrapAndCopyInto(AbstractPipeline.java:560)
	at java.base/java.util.stream.MatchOps$MatchOp.evaluateSequential(MatchOps.java:230)
	at java.base/java.util.stream.MatchOps$MatchOp.evaluateSequential(MatchOps.java:196)
	at java.base/java.util.stream.AbstractPipeline.evaluate(AbstractPipeline.java:265)
	at java.base/java.util.stream.ReferencePipeline.anyMatch(ReferencePipeline.java:672)
	at com.browserstack.utils.FunnelInstrumentation.getProducts(Unknown Source)
	at com.browserstack.utils.FunnelInstrumentation.createParamsForEvent(Unknown Source)
	at com.browserstack.utils.FunnelInstrumentation.sendSDKEvent(Unknown Source)
	at com.browserstack.testNgListeners.TmpSuiteListener.onFinish(Unknown Source)
	at org.testng.TestRunner.fireEvent(TestRunner.java:900)
	at org.testng.TestRunner.afterRun(TestRunner.java:855)
	at org.testng.TestRunner.run(TestRunner.java:618)
	at org.testng.SuiteRunner.runTest(SuiteRunner.java:421)
	at org.testng.SuiteRunner.runSequentially(SuiteRunner.java:413)
	at org.testng.SuiteRunner.privateRun(SuiteRunner.java:373)
	at org.testng.SuiteRunner.run(SuiteRunner.java:312)
	at org.testng.SuiteRunnerWorker.runSuite(SuiteRunnerWorker.java:52)
	at org.testng.SuiteRunnerWorker.run(SuiteRunnerWorker.java:95)
	at org.testng.TestNG.runSuitesSequentially(TestNG.java:1274)
	at org.testng.TestNG.runSuitesLocally(TestNG.java:1208)
	at org.testng.TestNG.runSuites(TestNG.java:1112)
	at org.testng.TestNG.run(TestNG.java:1079)
	at org.testng.remote.AbstractRemoteTestNG.run(AbstractRemoteTestNG.java:115)
	at org.testng.remote.RemoteTestNG.initAndRun(RemoteTestNG.java:293)
	at org.testng.remote.RemoteTestNG.main(RemoteTestNG.java:91)
21:51:18.901 [main] DEBUG c.b.utils.FrameworkDetectionUtils - Couldn't find dependency class: appium
21:51:18.947 [main] DEBUG com.browserstack.testOps.UsageStats - getFormattedData: Collecting data for TestObservability
21:51:19.005 [main] TRACE c.b.t.TestOrchestrationUtils - getInstrumentationData: invoked
21:51:19.019 [main] DEBUG c.b.utils.FunnelInstrumentation - Sending funnel data for SDKTestSuccessful with data: {"event_type":"SDKTestSuccessful","accessKey":"[REDACTED]","userName":"[REDACTED]","event_properties":{"isPercyAutoEnabled":false,"language":"java","sdkRunId":"2f25a983-7755-44bf-8cb3-864c09b490bd","buildIdentifier":"unknown","testhub_uuid":"","detectedAppiumVersion":"null","productMap":{"app_automate":false,"accessibility":null,"automate":true,"percy":false,"observability":false,"turboscale":false},"hostname":"Sathish","measures":{"sdk:pre-test":0.021899938583374023},"productUsage":{"testObservability":{"buildHashedId":"","manuallySet":false,"enabled":false}},"browserStackConfig":{"browserstackLocal":null,"percy":false,"logLevel":"info","staticWebDriver":true,"autoDetectFramework":true,"percyCaptureMode":"AUTO","browserStackLocalOptions":null,"percyOptions":null,"testContextOptions":{"serenityOverridePlugin":false,"skipSessionStatus":false,"skipSessionName":false},"platforms":null,"parallelsPerPlatform":null,"framework":null,"accessibility":false,"accessibilityOptions":{},"turboScaleOptions":{},"disableAutoCaptureLogs":true,"testObservability":true,"browserstackAutomation":true,"turboScale":false,"testObservabilityOptions":{},"gradleMConfig":null,"proxySettings":null},"automationFrameworkVersion":null,"percyBuildId":null,"product":"[automate]","buildName":"unknown","os":"Windows 11","languageVersion":"23.0.2","appiumVersion":"null","frameworkDetectionInstrumentation":{},"detectedDependencies":"","referrer":"unknown","locationTrigger":"onFinish","accessibilityConfiguration":{"pollingTimeout":30},"language_framework":"unknown","testOrchestration":{"abortBuildOnFailure":{"enabled":false},"retryTestsOnFailure":{"enabled":false},"userConfig":{}},"detectedSeleniumVersion":"4.1.2","automationFramework":"selenium","seleniumVersion":"null"}}
21:51:19.487 [main] DEBUG c.b.utils.FunnelInstrumentation - API Event SDKTestSuccessful, response: {"message":"Unauthorized"}
21:51:19.546 [main] DEBUG c.b.monitoring.PerformanceTester - Failed to append key metrics to file C:\Users\sathi\eclipse-workspace\AppiumAutomation\log\key-metrics.json
21:54:13.474 [main] WARN  c.b.config.BrowserStackConfig - Test Observability could not be enabled because framework detected is null. We currently support frameworks testng, cucumber-testng & serenity
21:54:14.005 [main] DEBUG com.browserstack.v2.SdkCliUtils - File C:\Users\sathi\.browserstack already exist
21:54:14.007 [main] DEBUG com.browserstack.v2.SdkCliUtils - getExistingCliPath: no binary found
21:54:14.007 [main] DEBUG com.browserstack.v2.SdkCliUtils - Current CLI Path Found: 
21:54:14.525 [main] ERROR com.browserstack.v2.SdkCliUtils - Error in setting up cli path directory, Exception: Unexpected token END OF FILE at position 0.
	at browserstack.shaded.org.json.simple.parser.JSONParser.parse(Unknown Source)
	at browserstack.shaded.org.json.simple.parser.JSONParser.parse(Unknown Source)
	at browserstack.shaded.org.json.simple.parser.JSONParser.parse(Unknown Source)
	at com.browserstack.v2.SdkCliUtils.checkAndUpdateCli(Unknown Source)
	at com.browserstack.v2.SdkCliUtils.setupCliPath(Unknown Source)
	at com.browserstack.v2.SdkCLI.<clinit>(Unknown Source)
	at com.browserstack.monitoring.PerformanceTester.measure(Unknown Source)
	at com.browserstack.monitoring.PerformanceTester.end(Unknown Source)
	at com.browserstack.testNgListeners.BrowserstackSuiteListener.a(Unknown Source)
	at com.browserstack.testNgListeners.BrowserstackSuiteListener.onStart(Unknown Source)
	at org.testng.SuiteRunner.invokeListeners(SuiteRunner.java:242)
	at org.testng.SuiteRunner.run(SuiteRunner.java:310)
	at org.testng.SuiteRunnerWorker.runSuite(SuiteRunnerWorker.java:52)
	at org.testng.SuiteRunnerWorker.run(SuiteRunnerWorker.java:95)
	at org.testng.TestNG.runSuitesSequentially(TestNG.java:1274)
	at org.testng.TestNG.runSuitesLocally(TestNG.java:1208)
	at org.testng.TestNG.runSuites(TestNG.java:1112)
	at org.testng.TestNG.run(TestNG.java:1079)
	at org.testng.remote.AbstractRemoteTestNG.run(AbstractRemoteTestNG.java:115)
	at org.testng.remote.RemoteTestNG.initAndRun(RemoteTestNG.java:293)
	at org.testng.remote.RemoteTestNG.main(RemoteTestNG.java:91)

21:54:14.535 [main] DEBUG c.b.monitoring.PerformanceTester - Failed to append key metrics to file C:\Users\sathi\eclipse-workspace\AppiumAutomation\log\key-metrics.json
21:54:38.042 [main] DEBUG c.b.utils.FunnelInstrumentation - Error in getting Product:
java.lang.NullPointerException: Cannot invoke "String.equalsIgnoreCase(String)" because the return value of "com.browserstack.config.BrowserStackConfig.getFramework()" is null
	at com.browserstack.utils.FunnelInstrumentation.a(Unknown Source)
	at java.base/java.util.stream.MatchOps$1MatchSink.accept(MatchOps.java:90)
	at java.base/java.util.Spliterators$ArraySpliterator.tryAdvance(Spliterators.java:1034)
	at java.base/java.util.stream.ReferencePipeline.forEachWithCancel(ReferencePipeline.java:147)
	at java.base/java.util.stream.AbstractPipeline.copyIntoWithCancel(AbstractPipeline.java:588)
	at java.base/java.util.stream.AbstractPipeline.copyInto(AbstractPipeline.java:574)
	at java.base/java.util.stream.AbstractPipeline.wrapAndCopyInto(AbstractPipeline.java:560)
	at java.base/java.util.stream.MatchOps$MatchOp.evaluateSequential(MatchOps.java:230)
	at java.base/java.util.stream.MatchOps$MatchOp.evaluateSequential(MatchOps.java:196)
	at java.base/java.util.stream.AbstractPipeline.evaluate(AbstractPipeline.java:265)
	at java.base/java.util.stream.ReferencePipeline.anyMatch(ReferencePipeline.java:672)
	at com.browserstack.utils.FunnelInstrumentation.getProducts(Unknown Source)
	at com.browserstack.utils.FunnelInstrumentation.createParamsForEvent(Unknown Source)
	at com.browserstack.utils.FunnelInstrumentation.sendSDKEvent(Unknown Source)
	at com.browserstack.testNgListeners.TmpSuiteListener.onFinish(Unknown Source)
	at org.testng.TestRunner.fireEvent(TestRunner.java:900)
	at org.testng.TestRunner.afterRun(TestRunner.java:855)
	at org.testng.TestRunner.run(TestRunner.java:618)
	at org.testng.SuiteRunner.runTest(SuiteRunner.java:421)
	at org.testng.SuiteRunner.runSequentially(SuiteRunner.java:413)
	at org.testng.SuiteRunner.privateRun(SuiteRunner.java:373)
	at org.testng.SuiteRunner.run(SuiteRunner.java:312)
	at org.testng.SuiteRunnerWorker.runSuite(SuiteRunnerWorker.java:52)
	at org.testng.SuiteRunnerWorker.run(SuiteRunnerWorker.java:95)
	at org.testng.TestNG.runSuitesSequentially(TestNG.java:1274)
	at org.testng.TestNG.runSuitesLocally(TestNG.java:1208)
	at org.testng.TestNG.runSuites(TestNG.java:1112)
	at org.testng.TestNG.run(TestNG.java:1079)
	at org.testng.remote.AbstractRemoteTestNG.run(AbstractRemoteTestNG.java:115)
	at org.testng.remote.RemoteTestNG.initAndRun(RemoteTestNG.java:293)
	at org.testng.remote.RemoteTestNG.main(RemoteTestNG.java:91)
21:54:38.051 [main] DEBUG c.b.utils.FrameworkDetectionUtils - Couldn't find dependency class: appium
21:54:38.100 [main] DEBUG com.browserstack.testOps.UsageStats - getFormattedData: Collecting data for TestObservability
21:54:38.151 [main] TRACE c.b.t.TestOrchestrationUtils - getInstrumentationData: invoked
21:54:38.163 [main] DEBUG c.b.utils.FunnelInstrumentation - Sending funnel data for SDKTestSuccessful with data: {"event_type":"SDKTestSuccessful","accessKey":"[REDACTED]","userName":"[REDACTED]","event_properties":{"isPercyAutoEnabled":false,"language":"java","sdkRunId":"73cae2be-e3ba-4296-8116-2676332fb84f","buildIdentifier":"unknown","testhub_uuid":"","detectedAppiumVersion":"null","productMap":{"app_automate":false,"accessibility":null,"automate":true,"percy":false,"observability":false,"turboscale":false},"hostname":"Sathish","measures":{"sdk:pre-test":0.022799968719482422},"productUsage":{"testObservability":{"buildHashedId":"","manuallySet":false,"enabled":false}},"browserStackConfig":{"browserstackLocal":null,"percy":false,"logLevel":"info","staticWebDriver":true,"autoDetectFramework":true,"percyCaptureMode":"AUTO","browserStackLocalOptions":null,"percyOptions":null,"testContextOptions":{"skipSessionStatus":false,"serenityOverridePlugin":false,"skipSessionName":false},"platforms":null,"parallelsPerPlatform":null,"framework":null,"accessibility":false,"accessibilityOptions":{},"turboScaleOptions":{},"disableAutoCaptureLogs":true,"testObservability":true,"browserstackAutomation":true,"turboScale":false,"testObservabilityOptions":{},"gradleMConfig":null,"proxySettings":null},"automationFrameworkVersion":null,"percyBuildId":null,"product":"[automate]","buildName":"unknown","os":"Windows 11","languageVersion":"23.0.2","appiumVersion":"null","frameworkDetectionInstrumentation":{},"detectedDependencies":"","referrer":"unknown","locationTrigger":"onFinish","accessibilityConfiguration":{"pollingTimeout":30},"language_framework":"unknown","testOrchestration":{"abortBuildOnFailure":{"enabled":false},"retryTestsOnFailure":{"enabled":false},"userConfig":{}},"detectedSeleniumVersion":"4.1.2","automationFramework":"selenium","seleniumVersion":"null"}}
21:54:38.351 [main] DEBUG c.b.utils.FunnelInstrumentation - API Event SDKTestSuccessful, response: {"message":"Unauthorized"}
21:54:38.383 [main] DEBUG c.b.monitoring.PerformanceTester - Failed to append key metrics to file C:\Users\sathi\eclipse-workspace\AppiumAutomation\log\key-metrics.json
21:57:06.052 [main] WARN  c.b.config.BrowserStackConfig - Test Observability could not be enabled because framework detected is null. We currently support frameworks testng, cucumber-testng & serenity
21:57:06.663 [main] DEBUG com.browserstack.v2.SdkCliUtils - File C:\Users\sathi\.browserstack already exist
21:57:06.665 [main] DEBUG com.browserstack.v2.SdkCliUtils - getExistingCliPath: no binary found
21:57:06.665 [main] DEBUG com.browserstack.v2.SdkCliUtils - Current CLI Path Found: 
21:57:07.201 [main] ERROR com.browserstack.v2.SdkCliUtils - Error in setting up cli path directory, Exception: Unexpected token END OF FILE at position 0.
	at browserstack.shaded.org.json.simple.parser.JSONParser.parse(Unknown Source)
	at browserstack.shaded.org.json.simple.parser.JSONParser.parse(Unknown Source)
	at browserstack.shaded.org.json.simple.parser.JSONParser.parse(Unknown Source)
	at com.browserstack.v2.SdkCliUtils.checkAndUpdateCli(Unknown Source)
	at com.browserstack.v2.SdkCliUtils.setupCliPath(Unknown Source)
	at com.browserstack.v2.SdkCLI.<clinit>(Unknown Source)
	at com.browserstack.monitoring.PerformanceTester.measure(Unknown Source)
	at com.browserstack.monitoring.PerformanceTester.end(Unknown Source)
	at com.browserstack.testNgListeners.BrowserstackSuiteListener.a(Unknown Source)
	at com.browserstack.testNgListeners.BrowserstackSuiteListener.onStart(Unknown Source)
	at org.testng.SuiteRunner.invokeListeners(SuiteRunner.java:242)
	at org.testng.SuiteRunner.run(SuiteRunner.java:310)
	at org.testng.SuiteRunnerWorker.runSuite(SuiteRunnerWorker.java:52)
	at org.testng.SuiteRunnerWorker.run(SuiteRunnerWorker.java:95)
	at org.testng.TestNG.runSuitesSequentially(TestNG.java:1274)
	at org.testng.TestNG.runSuitesLocally(TestNG.java:1208)
	at org.testng.TestNG.runSuites(TestNG.java:1112)
	at org.testng.TestNG.run(TestNG.java:1079)
	at org.testng.remote.AbstractRemoteTestNG.run(AbstractRemoteTestNG.java:115)
	at org.testng.remote.RemoteTestNG.initAndRun(RemoteTestNG.java:293)
	at org.testng.remote.RemoteTestNG.main(RemoteTestNG.java:91)

21:57:07.211 [main] DEBUG c.b.monitoring.PerformanceTester - Failed to append key metrics to file C:\Users\sathi\eclipse-workspace\AppiumAutomation\log\key-metrics.json
21:57:28.265 [main] DEBUG c.b.utils.FunnelInstrumentation - Error in getting Product:
java.lang.NullPointerException: Cannot invoke "String.equalsIgnoreCase(String)" because the return value of "com.browserstack.config.BrowserStackConfig.getFramework()" is null
	at com.browserstack.utils.FunnelInstrumentation.a(Unknown Source)
	at java.base/java.util.stream.MatchOps$1MatchSink.accept(MatchOps.java:90)
	at java.base/java.util.Spliterators$ArraySpliterator.tryAdvance(Spliterators.java:1034)
	at java.base/java.util.stream.ReferencePipeline.forEachWithCancel(ReferencePipeline.java:147)
	at java.base/java.util.stream.AbstractPipeline.copyIntoWithCancel(AbstractPipeline.java:588)
	at java.base/java.util.stream.AbstractPipeline.copyInto(AbstractPipeline.java:574)
	at java.base/java.util.stream.AbstractPipeline.wrapAndCopyInto(AbstractPipeline.java:560)
	at java.base/java.util.stream.MatchOps$MatchOp.evaluateSequential(MatchOps.java:230)
	at java.base/java.util.stream.MatchOps$MatchOp.evaluateSequential(MatchOps.java:196)
	at java.base/java.util.stream.AbstractPipeline.evaluate(AbstractPipeline.java:265)
	at java.base/java.util.stream.ReferencePipeline.anyMatch(ReferencePipeline.java:672)
	at com.browserstack.utils.FunnelInstrumentation.getProducts(Unknown Source)
	at com.browserstack.utils.FunnelInstrumentation.createParamsForEvent(Unknown Source)
	at com.browserstack.utils.FunnelInstrumentation.sendSDKEvent(Unknown Source)
	at com.browserstack.testNgListeners.TmpSuiteListener.onFinish(Unknown Source)
	at org.testng.TestRunner.fireEvent(TestRunner.java:900)
	at org.testng.TestRunner.afterRun(TestRunner.java:855)
	at org.testng.TestRunner.run(TestRunner.java:618)
	at org.testng.SuiteRunner.runTest(SuiteRunner.java:421)
	at org.testng.SuiteRunner.runSequentially(SuiteRunner.java:413)
	at org.testng.SuiteRunner.privateRun(SuiteRunner.java:373)
	at org.testng.SuiteRunner.run(SuiteRunner.java:312)
	at org.testng.SuiteRunnerWorker.runSuite(SuiteRunnerWorker.java:52)
	at org.testng.SuiteRunnerWorker.run(SuiteRunnerWorker.java:95)
	at org.testng.TestNG.runSuitesSequentially(TestNG.java:1274)
	at org.testng.TestNG.runSuitesLocally(TestNG.java:1208)
	at org.testng.TestNG.runSuites(TestNG.java:1112)
	at org.testng.TestNG.run(TestNG.java:1079)
	at org.testng.remote.AbstractRemoteTestNG.run(AbstractRemoteTestNG.java:115)
	at org.testng.remote.RemoteTestNG.initAndRun(RemoteTestNG.java:293)
	at org.testng.remote.RemoteTestNG.main(RemoteTestNG.java:91)
21:57:28.275 [main] DEBUG c.b.utils.FrameworkDetectionUtils - Couldn't find dependency class: appium
21:57:28.327 [main] DEBUG com.browserstack.testOps.UsageStats - getFormattedData: Collecting data for TestObservability
21:57:28.384 [main] TRACE c.b.t.TestOrchestrationUtils - getInstrumentationData: invoked
21:57:28.395 [main] DEBUG c.b.utils.FunnelInstrumentation - Sending funnel data for SDKTestSuccessful with data: {"event_type":"SDKTestSuccessful","accessKey":"[REDACTED]","userName":"[REDACTED]","event_properties":{"isPercyAutoEnabled":false,"language":"java","sdkRunId":"85d45b90-c98f-4445-a182-64cacf66a433","buildIdentifier":"unknown","testhub_uuid":"","detectedAppiumVersion":"null","productMap":{"app_automate":false,"accessibility":null,"automate":true,"percy":false,"observability":false,"turboscale":false},"hostname":"Sathish","measures":{"sdk:pre-test":0.2983999252319336},"productUsage":{"testObservability":{"buildHashedId":"","manuallySet":false,"enabled":false}},"browserStackConfig":{"browserstackLocal":null,"percy":false,"logLevel":"info","staticWebDriver":true,"autoDetectFramework":true,"percyCaptureMode":"AUTO","browserStackLocalOptions":null,"percyOptions":null,"testContextOptions":{"skipSessionName":false,"skipSessionStatus":false,"serenityOverridePlugin":false},"platforms":null,"parallelsPerPlatform":null,"framework":null,"accessibility":false,"accessibilityOptions":{},"turboScaleOptions":{},"disableAutoCaptureLogs":true,"testObservability":true,"browserstackAutomation":true,"turboScale":false,"testObservabilityOptions":{},"gradleMConfig":null,"proxySettings":null},"automationFrameworkVersion":null,"percyBuildId":null,"product":"[automate]","buildName":"unknown","os":"Windows 11","languageVersion":"23.0.2","appiumVersion":"null","frameworkDetectionInstrumentation":{},"detectedDependencies":"","referrer":"unknown","locationTrigger":"onFinish","accessibilityConfiguration":{"pollingTimeout":30},"language_framework":"unknown","testOrchestration":{"abortBuildOnFailure":{"enabled":false},"retryTestsOnFailure":{"enabled":false},"userConfig":{}},"detectedSeleniumVersion":"4.1.2","automationFramework":"selenium","seleniumVersion":"null"}}
21:57:28.813 [main] DEBUG c.b.utils.FunnelInstrumentation - API Event SDKTestSuccessful, response: {"message":"Unauthorized"}
21:57:28.866 [main] DEBUG c.b.monitoring.PerformanceTester - Failed to append key metrics to file C:\Users\sathi\eclipse-workspace\AppiumAutomation\log\key-metrics.json
22:11:26.160 [main] WARN  c.b.config.BrowserStackConfig - Test Observability could not be enabled because framework detected is null. We currently support frameworks testng, cucumber-testng & serenity
22:11:26.670 [main] DEBUG com.browserstack.v2.SdkCliUtils - File C:\Users\sathi\.browserstack already exist
22:11:26.673 [main] DEBUG com.browserstack.v2.SdkCliUtils - getExistingCliPath: no binary found
22:11:26.673 [main] DEBUG com.browserstack.v2.SdkCliUtils - Current CLI Path Found: 
22:11:27.139 [main] ERROR com.browserstack.v2.SdkCliUtils - Error in setting up cli path directory, Exception: Unexpected token END OF FILE at position 0.
	at browserstack.shaded.org.json.simple.parser.JSONParser.parse(Unknown Source)
	at browserstack.shaded.org.json.simple.parser.JSONParser.parse(Unknown Source)
	at browserstack.shaded.org.json.simple.parser.JSONParser.parse(Unknown Source)
	at com.browserstack.v2.SdkCliUtils.checkAndUpdateCli(Unknown Source)
	at com.browserstack.v2.SdkCliUtils.setupCliPath(Unknown Source)
	at com.browserstack.v2.SdkCLI.<clinit>(Unknown Source)
	at com.browserstack.monitoring.PerformanceTester.measure(Unknown Source)
	at com.browserstack.monitoring.PerformanceTester.end(Unknown Source)
	at com.browserstack.testNgListeners.BrowserstackSuiteListener.a(Unknown Source)
	at com.browserstack.testNgListeners.BrowserstackSuiteListener.onStart(Unknown Source)
	at org.testng.SuiteRunner.invokeListeners(SuiteRunner.java:242)
	at org.testng.SuiteRunner.run(SuiteRunner.java:310)
	at org.testng.SuiteRunnerWorker.runSuite(SuiteRunnerWorker.java:52)
	at org.testng.SuiteRunnerWorker.run(SuiteRunnerWorker.java:95)
	at org.testng.TestNG.runSuitesSequentially(TestNG.java:1274)
	at org.testng.TestNG.runSuitesLocally(TestNG.java:1208)
	at org.testng.TestNG.runSuites(TestNG.java:1112)
	at org.testng.TestNG.run(TestNG.java:1079)
	at org.testng.remote.AbstractRemoteTestNG.run(AbstractRemoteTestNG.java:115)
	at org.testng.remote.RemoteTestNG.initAndRun(RemoteTestNG.java:293)
	at org.testng.remote.RemoteTestNG.main(RemoteTestNG.java:91)

22:11:27.147 [main] DEBUG c.b.monitoring.PerformanceTester - Failed to append key metrics to file C:\Users\sathi\eclipse-workspace\AppiumAutomation\log\key-metrics.json
22:11:48.113 [main] DEBUG c.b.utils.FunnelInstrumentation - Error in getting Product:
java.lang.NullPointerException: Cannot invoke "String.equalsIgnoreCase(String)" because the return value of "com.browserstack.config.BrowserStackConfig.getFramework()" is null
	at com.browserstack.utils.FunnelInstrumentation.a(Unknown Source)
	at java.base/java.util.stream.MatchOps$1MatchSink.accept(MatchOps.java:90)
	at java.base/java.util.Spliterators$ArraySpliterator.tryAdvance(Spliterators.java:1034)
	at java.base/java.util.stream.ReferencePipeline.forEachWithCancel(ReferencePipeline.java:147)
	at java.base/java.util.stream.AbstractPipeline.copyIntoWithCancel(AbstractPipeline.java:588)
	at java.base/java.util.stream.AbstractPipeline.copyInto(AbstractPipeline.java:574)
	at java.base/java.util.stream.AbstractPipeline.wrapAndCopyInto(AbstractPipeline.java:560)
	at java.base/java.util.stream.MatchOps$MatchOp.evaluateSequential(MatchOps.java:230)
	at java.base/java.util.stream.MatchOps$MatchOp.evaluateSequential(MatchOps.java:196)
	at java.base/java.util.stream.AbstractPipeline.evaluate(AbstractPipeline.java:265)
	at java.base/java.util.stream.ReferencePipeline.anyMatch(ReferencePipeline.java:672)
	at com.browserstack.utils.FunnelInstrumentation.getProducts(Unknown Source)
	at com.browserstack.utils.FunnelInstrumentation.createParamsForEvent(Unknown Source)
	at com.browserstack.utils.FunnelInstrumentation.sendSDKEvent(Unknown Source)
	at com.browserstack.testNgListeners.TmpSuiteListener.onFinish(Unknown Source)
	at org.testng.TestRunner.fireEvent(TestRunner.java:900)
	at org.testng.TestRunner.afterRun(TestRunner.java:855)
	at org.testng.TestRunner.run(TestRunner.java:618)
	at org.testng.SuiteRunner.runTest(SuiteRunner.java:421)
	at org.testng.SuiteRunner.runSequentially(SuiteRunner.java:413)
	at org.testng.SuiteRunner.privateRun(SuiteRunner.java:373)
	at org.testng.SuiteRunner.run(SuiteRunner.java:312)
	at org.testng.SuiteRunnerWorker.runSuite(SuiteRunnerWorker.java:52)
	at org.testng.SuiteRunnerWorker.run(SuiteRunnerWorker.java:95)
	at org.testng.TestNG.runSuitesSequentially(TestNG.java:1274)
	at org.testng.TestNG.runSuitesLocally(TestNG.java:1208)
	at org.testng.TestNG.runSuites(TestNG.java:1112)
	at org.testng.TestNG.run(TestNG.java:1079)
	at org.testng.remote.AbstractRemoteTestNG.run(AbstractRemoteTestNG.java:115)
	at org.testng.remote.RemoteTestNG.initAndRun(RemoteTestNG.java:293)
	at org.testng.remote.RemoteTestNG.main(RemoteTestNG.java:91)
22:11:48.130 [main] DEBUG c.b.utils.FrameworkDetectionUtils - Couldn't find dependency class: appium
22:11:48.175 [main] DEBUG com.browserstack.testOps.UsageStats - getFormattedData: Collecting data for TestObservability
22:11:48.238 [main] TRACE c.b.t.TestOrchestrationUtils - getInstrumentationData: invoked
22:11:48.252 [main] DEBUG c.b.utils.FunnelInstrumentation - Sending funnel data for SDKTestSuccessful with data: {"event_type":"SDKTestSuccessful","accessKey":"[REDACTED]","userName":"[REDACTED]","event_properties":{"isPercyAutoEnabled":false,"language":"java","sdkRunId":"3c5da5ad-0e99-4b4d-8dd6-76b0073fe518","buildIdentifier":"unknown","testhub_uuid":"","detectedAppiumVersion":"null","productMap":{"app_automate":false,"accessibility":null,"automate":true,"percy":false,"observability":false,"turboscale":false},"hostname":"Sathish","measures":{"sdk:pre-test":0.019100189208984375},"productUsage":{"testObservability":{"buildHashedId":"","manuallySet":false,"enabled":false}},"browserStackConfig":{"browserstackLocal":null,"percy":false,"logLevel":"info","staticWebDriver":true,"autoDetectFramework":true,"percyCaptureMode":"AUTO","browserStackLocalOptions":null,"percyOptions":null,"testContextOptions":{"skipSessionName":false,"serenityOverridePlugin":false,"skipSessionStatus":false},"platforms":null,"parallelsPerPlatform":null,"framework":null,"accessibility":false,"accessibilityOptions":{},"turboScaleOptions":{},"disableAutoCaptureLogs":true,"testObservability":true,"browserstackAutomation":true,"turboScale":false,"testObservabilityOptions":{},"gradleMConfig":null,"proxySettings":null},"automationFrameworkVersion":null,"percyBuildId":null,"product":"[automate]","buildName":"unknown","os":"Windows 11","languageVersion":"23.0.2","appiumVersion":"null","frameworkDetectionInstrumentation":{},"detectedDependencies":"","referrer":"unknown","locationTrigger":"onFinish","accessibilityConfiguration":{"pollingTimeout":30},"language_framework":"unknown","testOrchestration":{"abortBuildOnFailure":{"enabled":false},"retryTestsOnFailure":{"enabled":false},"userConfig":{}},"detectedSeleniumVersion":"4.1.2","automationFramework":"selenium","seleniumVersion":"null"}}
22:11:48.416 [main] DEBUG c.b.utils.FunnelInstrumentation - API Event SDKTestSuccessful, response: {"message":"Unauthorized"}
22:11:48.473 [main] DEBUG c.b.monitoring.PerformanceTester - Failed to append key metrics to file C:\Users\sathi\eclipse-workspace\AppiumAutomation\log\key-metrics.json
22:22:33.919 [main] WARN  c.b.config.BrowserStackConfig - Test Observability could not be enabled because framework detected is null. We currently support frameworks testng, cucumber-testng & serenity
22:22:34.565 [main] DEBUG com.browserstack.v2.SdkCliUtils - File C:\Users\sathi\.browserstack already exist
22:22:34.569 [main] DEBUG com.browserstack.v2.SdkCliUtils - getExistingCliPath: no binary found
22:22:34.570 [main] DEBUG com.browserstack.v2.SdkCliUtils - Current CLI Path Found: 
22:22:35.204 [main] ERROR com.browserstack.v2.SdkCliUtils - Error in setting up cli path directory, Exception: Unexpected token END OF FILE at position 0.
	at browserstack.shaded.org.json.simple.parser.JSONParser.parse(Unknown Source)
	at browserstack.shaded.org.json.simple.parser.JSONParser.parse(Unknown Source)
	at browserstack.shaded.org.json.simple.parser.JSONParser.parse(Unknown Source)
	at com.browserstack.v2.SdkCliUtils.checkAndUpdateCli(Unknown Source)
	at com.browserstack.v2.SdkCliUtils.setupCliPath(Unknown Source)
	at com.browserstack.v2.SdkCLI.<clinit>(Unknown Source)
	at com.browserstack.monitoring.PerformanceTester.measure(Unknown Source)
	at com.browserstack.monitoring.PerformanceTester.end(Unknown Source)
	at com.browserstack.testNgListeners.BrowserstackSuiteListener.a(Unknown Source)
	at com.browserstack.testNgListeners.BrowserstackSuiteListener.onStart(Unknown Source)
	at org.testng.SuiteRunner.invokeListeners(SuiteRunner.java:242)
	at org.testng.SuiteRunner.run(SuiteRunner.java:310)
	at org.testng.SuiteRunnerWorker.runSuite(SuiteRunnerWorker.java:52)
	at org.testng.SuiteRunnerWorker.run(SuiteRunnerWorker.java:95)
	at org.testng.TestNG.runSuitesSequentially(TestNG.java:1274)
	at org.testng.TestNG.runSuitesLocally(TestNG.java:1208)
	at org.testng.TestNG.runSuites(TestNG.java:1112)
	at org.testng.TestNG.run(TestNG.java:1079)
	at org.testng.remote.AbstractRemoteTestNG.run(AbstractRemoteTestNG.java:115)
	at org.testng.remote.RemoteTestNG.initAndRun(RemoteTestNG.java:293)
	at org.testng.remote.RemoteTestNG.main(RemoteTestNG.java:91)

22:22:35.215 [main] DEBUG c.b.monitoring.PerformanceTester - Failed to append key metrics to file C:\Users\sathi\eclipse-workspace\AppiumAutomation\log\key-metrics.json
22:23:00.390 [main] DEBUG c.b.utils.FunnelInstrumentation - Error in getting Product:
java.lang.NullPointerException: Cannot invoke "String.equalsIgnoreCase(String)" because the return value of "com.browserstack.config.BrowserStackConfig.getFramework()" is null
	at com.browserstack.utils.FunnelInstrumentation.a(Unknown Source)
	at java.base/java.util.stream.MatchOps$1MatchSink.accept(MatchOps.java:90)
	at java.base/java.util.Spliterators$ArraySpliterator.tryAdvance(Spliterators.java:1034)
	at java.base/java.util.stream.ReferencePipeline.forEachWithCancel(ReferencePipeline.java:147)
	at java.base/java.util.stream.AbstractPipeline.copyIntoWithCancel(AbstractPipeline.java:588)
	at java.base/java.util.stream.AbstractPipeline.copyInto(AbstractPipeline.java:574)
	at java.base/java.util.stream.AbstractPipeline.wrapAndCopyInto(AbstractPipeline.java:560)
	at java.base/java.util.stream.MatchOps$MatchOp.evaluateSequential(MatchOps.java:230)
	at java.base/java.util.stream.MatchOps$MatchOp.evaluateSequential(MatchOps.java:196)
	at java.base/java.util.stream.AbstractPipeline.evaluate(AbstractPipeline.java:265)
	at java.base/java.util.stream.ReferencePipeline.anyMatch(ReferencePipeline.java:672)
	at com.browserstack.utils.FunnelInstrumentation.getProducts(Unknown Source)
	at com.browserstack.utils.FunnelInstrumentation.createParamsForEvent(Unknown Source)
	at com.browserstack.utils.FunnelInstrumentation.sendSDKEvent(Unknown Source)
	at com.browserstack.testNgListeners.TmpSuiteListener.onFinish(Unknown Source)
	at org.testng.TestRunner.fireEvent(TestRunner.java:900)
	at org.testng.TestRunner.afterRun(TestRunner.java:855)
	at org.testng.TestRunner.run(TestRunner.java:618)
	at org.testng.SuiteRunner.runTest(SuiteRunner.java:421)
	at org.testng.SuiteRunner.runSequentially(SuiteRunner.java:413)
	at org.testng.SuiteRunner.privateRun(SuiteRunner.java:373)
	at org.testng.SuiteRunner.run(SuiteRunner.java:312)
	at org.testng.SuiteRunnerWorker.runSuite(SuiteRunnerWorker.java:52)
	at org.testng.SuiteRunnerWorker.run(SuiteRunnerWorker.java:95)
	at org.testng.TestNG.runSuitesSequentially(TestNG.java:1274)
	at org.testng.TestNG.runSuitesLocally(TestNG.java:1208)
	at org.testng.TestNG.runSuites(TestNG.java:1112)
	at org.testng.TestNG.run(TestNG.java:1079)
	at org.testng.remote.AbstractRemoteTestNG.run(AbstractRemoteTestNG.java:115)
	at org.testng.remote.RemoteTestNG.initAndRun(RemoteTestNG.java:293)
	at org.testng.remote.RemoteTestNG.main(RemoteTestNG.java:91)
22:23:00.405 [main] DEBUG c.b.utils.FrameworkDetectionUtils - Couldn't find dependency class: appium
22:23:00.455 [main] DEBUG com.browserstack.testOps.UsageStats - getFormattedData: Collecting data for TestObservability
22:23:00.520 [main] TRACE c.b.t.TestOrchestrationUtils - getInstrumentationData: invoked
22:23:00.535 [main] DEBUG c.b.utils.FunnelInstrumentation - Sending funnel data for SDKTestSuccessful with data: {"event_type":"SDKTestSuccessful","accessKey":"[REDACTED]","userName":"[REDACTED]","event_properties":{"isPercyAutoEnabled":false,"language":"java","sdkRunId":"2fb853cc-1ef8-4184-a9e3-2911762aa54d","buildIdentifier":"unknown","testhub_uuid":"","detectedAppiumVersion":"null","productMap":{"app_automate":false,"accessibility":null,"automate":true,"percy":false,"observability":false,"turboscale":false},"hostname":"Sathish","measures":{"sdk:pre-test":0.033100128173828125},"productUsage":{"testObservability":{"buildHashedId":"","manuallySet":false,"enabled":false}},"browserStackConfig":{"browserstackLocal":null,"percy":false,"logLevel":"info","staticWebDriver":true,"autoDetectFramework":true,"percyCaptureMode":"AUTO","browserStackLocalOptions":null,"percyOptions":null,"testContextOptions":{"skipSessionName":false,"skipSessionStatus":false,"serenityOverridePlugin":false},"platforms":null,"parallelsPerPlatform":null,"framework":null,"accessibility":false,"accessibilityOptions":{},"turboScaleOptions":{},"disableAutoCaptureLogs":true,"testObservability":true,"browserstackAutomation":true,"turboScale":false,"testObservabilityOptions":{},"gradleMConfig":null,"proxySettings":null},"automationFrameworkVersion":null,"percyBuildId":null,"product":"[automate]","buildName":"unknown","os":"Windows 11","languageVersion":"23.0.2","appiumVersion":"null","frameworkDetectionInstrumentation":{},"detectedDependencies":"","referrer":"unknown","locationTrigger":"onFinish","accessibilityConfiguration":{"pollingTimeout":30},"language_framework":"unknown","testOrchestration":{"abortBuildOnFailure":{"enabled":false},"retryTestsOnFailure":{"enabled":false},"userConfig":{}},"detectedSeleniumVersion":"4.1.2","automationFramework":"selenium","seleniumVersion":"null"}}
22:23:00.700 [main] DEBUG c.b.utils.FunnelInstrumentation - API Event SDKTestSuccessful, response: {"message":"Unauthorized"}
22:23:00.746 [main] DEBUG c.b.monitoring.PerformanceTester - Failed to append key metrics to file C:\Users\sathi\eclipse-workspace\AppiumAutomation\log\key-metrics.json
22:25:43.822 [main] WARN  c.b.config.BrowserStackConfig - Test Observability could not be enabled because framework detected is null. We currently support frameworks testng, cucumber-testng & serenity
22:25:44.296 [main] DEBUG com.browserstack.v2.SdkCliUtils - File C:\Users\sathi\.browserstack already exist
22:25:44.297 [main] DEBUG com.browserstack.v2.SdkCliUtils - getExistingCliPath: no binary found
22:25:44.297 [main] DEBUG com.browserstack.v2.SdkCliUtils - Current CLI Path Found: 
22:25:45.020 [main] ERROR com.browserstack.v2.SdkCliUtils - Error in setting up cli path directory, Exception: Unexpected token END OF FILE at position 0.
	at browserstack.shaded.org.json.simple.parser.JSONParser.parse(Unknown Source)
	at browserstack.shaded.org.json.simple.parser.JSONParser.parse(Unknown Source)
	at browserstack.shaded.org.json.simple.parser.JSONParser.parse(Unknown Source)
	at com.browserstack.v2.SdkCliUtils.checkAndUpdateCli(Unknown Source)
	at com.browserstack.v2.SdkCliUtils.setupCliPath(Unknown Source)
	at com.browserstack.v2.SdkCLI.<clinit>(Unknown Source)
	at com.browserstack.monitoring.PerformanceTester.measure(Unknown Source)
	at com.browserstack.monitoring.PerformanceTester.end(Unknown Source)
	at com.browserstack.testNgListeners.BrowserstackSuiteListener.a(Unknown Source)
	at com.browserstack.testNgListeners.BrowserstackSuiteListener.onStart(Unknown Source)
	at org.testng.SuiteRunner.invokeListeners(SuiteRunner.java:242)
	at org.testng.SuiteRunner.run(SuiteRunner.java:310)
	at org.testng.SuiteRunnerWorker.runSuite(SuiteRunnerWorker.java:52)
	at org.testng.SuiteRunnerWorker.run(SuiteRunnerWorker.java:95)
	at org.testng.TestNG.runSuitesSequentially(TestNG.java:1274)
	at org.testng.TestNG.runSuitesLocally(TestNG.java:1208)
	at org.testng.TestNG.runSuites(TestNG.java:1112)
	at org.testng.TestNG.run(TestNG.java:1079)
	at org.testng.remote.AbstractRemoteTestNG.run(AbstractRemoteTestNG.java:115)
	at org.testng.remote.RemoteTestNG.initAndRun(RemoteTestNG.java:293)
	at org.testng.remote.RemoteTestNG.main(RemoteTestNG.java:91)

22:25:45.028 [main] DEBUG c.b.monitoring.PerformanceTester - Failed to append key metrics to file C:\Users\sathi\eclipse-workspace\AppiumAutomation\log\key-metrics.json
22:26:07.433 [main] DEBUG c.b.utils.FunnelInstrumentation - Error in getting Product:
java.lang.NullPointerException: Cannot invoke "String.equalsIgnoreCase(String)" because the return value of "com.browserstack.config.BrowserStackConfig.getFramework()" is null
	at com.browserstack.utils.FunnelInstrumentation.a(Unknown Source)
	at java.base/java.util.stream.MatchOps$1MatchSink.accept(MatchOps.java:90)
	at java.base/java.util.Spliterators$ArraySpliterator.tryAdvance(Spliterators.java:1034)
	at java.base/java.util.stream.ReferencePipeline.forEachWithCancel(ReferencePipeline.java:147)
	at java.base/java.util.stream.AbstractPipeline.copyIntoWithCancel(AbstractPipeline.java:588)
	at java.base/java.util.stream.AbstractPipeline.copyInto(AbstractPipeline.java:574)
	at java.base/java.util.stream.AbstractPipeline.wrapAndCopyInto(AbstractPipeline.java:560)
	at java.base/java.util.stream.MatchOps$MatchOp.evaluateSequential(MatchOps.java:230)
	at java.base/java.util.stream.MatchOps$MatchOp.evaluateSequential(MatchOps.java:196)
	at java.base/java.util.stream.AbstractPipeline.evaluate(AbstractPipeline.java:265)
	at java.base/java.util.stream.ReferencePipeline.anyMatch(ReferencePipeline.java:672)
	at com.browserstack.utils.FunnelInstrumentation.getProducts(Unknown Source)
	at com.browserstack.utils.FunnelInstrumentation.createParamsForEvent(Unknown Source)
	at com.browserstack.utils.FunnelInstrumentation.sendSDKEvent(Unknown Source)
	at com.browserstack.testNgListeners.TmpSuiteListener.onFinish(Unknown Source)
	at org.testng.TestRunner.fireEvent(TestRunner.java:900)
	at org.testng.TestRunner.afterRun(TestRunner.java:855)
	at org.testng.TestRunner.run(TestRunner.java:618)
	at org.testng.SuiteRunner.runTest(SuiteRunner.java:421)
	at org.testng.SuiteRunner.runSequentially(SuiteRunner.java:413)
	at org.testng.SuiteRunner.privateRun(SuiteRunner.java:373)
	at org.testng.SuiteRunner.run(SuiteRunner.java:312)
	at org.testng.SuiteRunnerWorker.runSuite(SuiteRunnerWorker.java:52)
	at org.testng.SuiteRunnerWorker.run(SuiteRunnerWorker.java:95)
	at org.testng.TestNG.runSuitesSequentially(TestNG.java:1274)
	at org.testng.TestNG.runSuitesLocally(TestNG.java:1208)
	at org.testng.TestNG.runSuites(TestNG.java:1112)
	at org.testng.TestNG.run(TestNG.java:1079)
	at org.testng.remote.AbstractRemoteTestNG.run(AbstractRemoteTestNG.java:115)
	at org.testng.remote.RemoteTestNG.initAndRun(RemoteTestNG.java:293)
	at org.testng.remote.RemoteTestNG.main(RemoteTestNG.java:91)
22:26:07.442 [main] DEBUG c.b.utils.FrameworkDetectionUtils - Couldn't find dependency class: appium
22:26:07.488 [main] DEBUG com.browserstack.testOps.UsageStats - getFormattedData: Collecting data for TestObservability
22:26:07.545 [main] TRACE c.b.t.TestOrchestrationUtils - getInstrumentationData: invoked
22:26:07.558 [main] DEBUG c.b.utils.FunnelInstrumentation - Sending funnel data for SDKTestSuccessful with data: {"event_type":"SDKTestSuccessful","accessKey":"[REDACTED]","userName":"[REDACTED]","event_properties":{"isPercyAutoEnabled":false,"language":"java","sdkRunId":"5d59466b-275d-45e0-9084-ee1ab9d635a4","buildIdentifier":"unknown","testhub_uuid":"","detectedAppiumVersion":"null","productMap":{"app_automate":false,"accessibility":null,"automate":true,"percy":false,"observability":false,"turboscale":false},"hostname":"Sathish","measures":{"sdk:pre-test":0.020599842071533203},"productUsage":{"testObservability":{"buildHashedId":"","manuallySet":false,"enabled":false}},"browserStackConfig":{"browserstackLocal":null,"percy":false,"logLevel":"info","staticWebDriver":true,"autoDetectFramework":true,"percyCaptureMode":"AUTO","browserStackLocalOptions":null,"percyOptions":null,"testContextOptions":{"serenityOverridePlugin":false,"skipSessionStatus":false,"skipSessionName":false},"platforms":null,"parallelsPerPlatform":null,"framework":null,"accessibility":false,"accessibilityOptions":{},"turboScaleOptions":{},"disableAutoCaptureLogs":true,"testObservability":true,"browserstackAutomation":true,"turboScale":false,"testObservabilityOptions":{},"gradleMConfig":null,"proxySettings":null},"automationFrameworkVersion":null,"percyBuildId":null,"product":"[automate]","buildName":"unknown","os":"Windows 11","languageVersion":"23.0.2","appiumVersion":"null","frameworkDetectionInstrumentation":{},"detectedDependencies":"","referrer":"unknown","locationTrigger":"onFinish","accessibilityConfiguration":{"pollingTimeout":30},"language_framework":"unknown","testOrchestration":{"abortBuildOnFailure":{"enabled":false},"retryTestsOnFailure":{"enabled":false},"userConfig":{}},"detectedSeleniumVersion":"4.1.2","automationFramework":"selenium","seleniumVersion":"null"}}
22:26:07.950 [main] DEBUG c.b.utils.FunnelInstrumentation - API Event SDKTestSuccessful, response: {"message":"Unauthorized"}
22:26:07.983 [main] DEBUG c.b.monitoring.PerformanceTester - Failed to append key metrics to file C:\Users\sathi\eclipse-workspace\AppiumAutomation\log\key-metrics.json
22:28:13.834 [main] WARN  c.b.config.BrowserStackConfig - Test Observability could not be enabled because framework detected is null. We currently support frameworks testng, cucumber-testng & serenity
22:28:14.331 [main] DEBUG com.browserstack.v2.SdkCliUtils - File C:\Users\sathi\.browserstack already exist
22:28:14.333 [main] DEBUG com.browserstack.v2.SdkCliUtils - getExistingCliPath: no binary found
22:28:14.333 [main] DEBUG com.browserstack.v2.SdkCliUtils - Current CLI Path Found: 
22:28:15.092 [main] ERROR com.browserstack.v2.SdkCliUtils - Error in setting up cli path directory, Exception: Unexpected token END OF FILE at position 0.
	at browserstack.shaded.org.json.simple.parser.JSONParser.parse(Unknown Source)
	at browserstack.shaded.org.json.simple.parser.JSONParser.parse(Unknown Source)
	at browserstack.shaded.org.json.simple.parser.JSONParser.parse(Unknown Source)
	at com.browserstack.v2.SdkCliUtils.checkAndUpdateCli(Unknown Source)
	at com.browserstack.v2.SdkCliUtils.setupCliPath(Unknown Source)
	at com.browserstack.v2.SdkCLI.<clinit>(Unknown Source)
	at com.browserstack.monitoring.PerformanceTester.measure(Unknown Source)
	at com.browserstack.monitoring.PerformanceTester.end(Unknown Source)
	at com.browserstack.testNgListeners.BrowserstackSuiteListener.a(Unknown Source)
	at com.browserstack.testNgListeners.BrowserstackSuiteListener.onStart(Unknown Source)
	at org.testng.SuiteRunner.invokeListeners(SuiteRunner.java:242)
	at org.testng.SuiteRunner.run(SuiteRunner.java:310)
	at org.testng.SuiteRunnerWorker.runSuite(SuiteRunnerWorker.java:52)
	at org.testng.SuiteRunnerWorker.run(SuiteRunnerWorker.java:95)
	at org.testng.TestNG.runSuitesSequentially(TestNG.java:1274)
	at org.testng.TestNG.runSuitesLocally(TestNG.java:1208)
	at org.testng.TestNG.runSuites(TestNG.java:1112)
	at org.testng.TestNG.run(TestNG.java:1079)
	at org.testng.remote.AbstractRemoteTestNG.run(AbstractRemoteTestNG.java:115)
	at org.testng.remote.RemoteTestNG.initAndRun(RemoteTestNG.java:293)
	at org.testng.remote.RemoteTestNG.main(RemoteTestNG.java:91)

22:28:15.099 [main] DEBUG c.b.monitoring.PerformanceTester - Failed to append key metrics to file C:\Users\sathi\eclipse-workspace\AppiumAutomation\log\key-metrics.json
22:28:43.449 [main] DEBUG c.b.utils.FunnelInstrumentation - Error in getting Product:
java.lang.NullPointerException: Cannot invoke "String.equalsIgnoreCase(String)" because the return value of "com.browserstack.config.BrowserStackConfig.getFramework()" is null
	at com.browserstack.utils.FunnelInstrumentation.a(Unknown Source)
	at java.base/java.util.stream.MatchOps$1MatchSink.accept(MatchOps.java:90)
	at java.base/java.util.Spliterators$ArraySpliterator.tryAdvance(Spliterators.java:1034)
	at java.base/java.util.stream.ReferencePipeline.forEachWithCancel(ReferencePipeline.java:147)
	at java.base/java.util.stream.AbstractPipeline.copyIntoWithCancel(AbstractPipeline.java:588)
	at java.base/java.util.stream.AbstractPipeline.copyInto(AbstractPipeline.java:574)
	at java.base/java.util.stream.AbstractPipeline.wrapAndCopyInto(AbstractPipeline.java:560)
	at java.base/java.util.stream.MatchOps$MatchOp.evaluateSequential(MatchOps.java:230)
	at java.base/java.util.stream.MatchOps$MatchOp.evaluateSequential(MatchOps.java:196)
	at java.base/java.util.stream.AbstractPipeline.evaluate(AbstractPipeline.java:265)
	at java.base/java.util.stream.ReferencePipeline.anyMatch(ReferencePipeline.java:672)
	at com.browserstack.utils.FunnelInstrumentation.getProducts(Unknown Source)
	at com.browserstack.utils.FunnelInstrumentation.createParamsForEvent(Unknown Source)
	at com.browserstack.utils.FunnelInstrumentation.sendSDKEvent(Unknown Source)
	at com.browserstack.testNgListeners.TmpSuiteListener.onFinish(Unknown Source)
	at org.testng.TestRunner.fireEvent(TestRunner.java:900)
	at org.testng.TestRunner.afterRun(TestRunner.java:855)
	at org.testng.TestRunner.run(TestRunner.java:618)
	at org.testng.SuiteRunner.runTest(SuiteRunner.java:421)
	at org.testng.SuiteRunner.runSequentially(SuiteRunner.java:413)
	at org.testng.SuiteRunner.privateRun(SuiteRunner.java:373)
	at org.testng.SuiteRunner.run(SuiteRunner.java:312)
	at org.testng.SuiteRunnerWorker.runSuite(SuiteRunnerWorker.java:52)
	at org.testng.SuiteRunnerWorker.run(SuiteRunnerWorker.java:95)
	at org.testng.TestNG.runSuitesSequentially(TestNG.java:1274)
	at org.testng.TestNG.runSuitesLocally(TestNG.java:1208)
	at org.testng.TestNG.runSuites(TestNG.java:1112)
	at org.testng.TestNG.run(TestNG.java:1079)
	at org.testng.remote.AbstractRemoteTestNG.run(AbstractRemoteTestNG.java:115)
	at org.testng.remote.RemoteTestNG.initAndRun(RemoteTestNG.java:293)
	at org.testng.remote.RemoteTestNG.main(RemoteTestNG.java:91)
22:28:43.458 [main] DEBUG c.b.utils.FrameworkDetectionUtils - Couldn't find dependency class: appium
22:28:43.506 [main] DEBUG com.browserstack.testOps.UsageStats - getFormattedData: Collecting data for TestObservability
22:28:43.561 [main] TRACE c.b.t.TestOrchestrationUtils - getInstrumentationData: invoked
22:28:43.576 [main] DEBUG c.b.utils.FunnelInstrumentation - Sending funnel data for SDKTestSuccessful with data: {"event_type":"SDKTestSuccessful","accessKey":"[REDACTED]","userName":"[REDACTED]","event_properties":{"isPercyAutoEnabled":false,"language":"java","sdkRunId":"8f1053c6-3875-456c-afc3-0f443787914c","buildIdentifier":"unknown","testhub_uuid":"","detectedAppiumVersion":"null","productMap":{"app_automate":false,"accessibility":null,"automate":true,"percy":false,"observability":false,"turboscale":false},"hostname":"Sathish","measures":{"sdk:pre-test":0.021199941635131836},"productUsage":{"testObservability":{"buildHashedId":"","manuallySet":false,"enabled":false}},"browserStackConfig":{"browserstackLocal":null,"percy":false,"logLevel":"info","staticWebDriver":true,"autoDetectFramework":true,"percyCaptureMode":"AUTO","browserStackLocalOptions":null,"percyOptions":null,"testContextOptions":{"skipSessionStatus":false,"serenityOverridePlugin":false,"skipSessionName":false},"platforms":null,"parallelsPerPlatform":null,"framework":null,"accessibility":false,"accessibilityOptions":{},"turboScaleOptions":{},"disableAutoCaptureLogs":true,"testObservability":true,"browserstackAutomation":true,"turboScale":false,"testObservabilityOptions":{},"gradleMConfig":null,"proxySettings":null},"automationFrameworkVersion":null,"percyBuildId":null,"product":"[automate]","buildName":"unknown","os":"Windows 11","languageVersion":"23.0.2","appiumVersion":"null","frameworkDetectionInstrumentation":{},"detectedDependencies":"","referrer":"unknown","locationTrigger":"onFinish","accessibilityConfiguration":{"pollingTimeout":30},"language_framework":"unknown","testOrchestration":{"abortBuildOnFailure":{"enabled":false},"retryTestsOnFailure":{"enabled":false},"userConfig":{}},"detectedSeleniumVersion":"4.1.2","automationFramework":"selenium","seleniumVersion":"null"}}
22:28:43.814 [main] DEBUG c.b.utils.FunnelInstrumentation - API Event SDKTestSuccessful, response: {"message":"Unauthorized"}
22:28:43.849 [main] DEBUG c.b.monitoring.PerformanceTester - Failed to append key metrics to file C:\Users\sathi\eclipse-workspace\AppiumAutomation\log\key-metrics.json
22:42:25.207 [main] WARN  c.b.config.BrowserStackConfig - Test Observability could not be enabled because framework detected is null. We currently support frameworks testng, cucumber-testng & serenity
22:42:25.740 [main] DEBUG com.browserstack.v2.SdkCliUtils - File C:\Users\sathi\.browserstack already exist
22:42:25.743 [main] DEBUG com.browserstack.v2.SdkCliUtils - getExistingCliPath: no binary found
22:42:25.743 [main] DEBUG com.browserstack.v2.SdkCliUtils - Current CLI Path Found: 
22:42:26.287 [main] ERROR com.browserstack.v2.SdkCliUtils - Error in setting up cli path directory, Exception: Unexpected token END OF FILE at position 0.
	at browserstack.shaded.org.json.simple.parser.JSONParser.parse(Unknown Source)
	at browserstack.shaded.org.json.simple.parser.JSONParser.parse(Unknown Source)
	at browserstack.shaded.org.json.simple.parser.JSONParser.parse(Unknown Source)
	at com.browserstack.v2.SdkCliUtils.checkAndUpdateCli(Unknown Source)
	at com.browserstack.v2.SdkCliUtils.setupCliPath(Unknown Source)
	at com.browserstack.v2.SdkCLI.<clinit>(Unknown Source)
	at com.browserstack.monitoring.PerformanceTester.measure(Unknown Source)
	at com.browserstack.monitoring.PerformanceTester.end(Unknown Source)
	at com.browserstack.testNgListeners.BrowserstackSuiteListener.a(Unknown Source)
	at com.browserstack.testNgListeners.BrowserstackSuiteListener.onStart(Unknown Source)
	at org.testng.SuiteRunner.invokeListeners(SuiteRunner.java:242)
	at org.testng.SuiteRunner.run(SuiteRunner.java:310)
	at org.testng.SuiteRunnerWorker.runSuite(SuiteRunnerWorker.java:52)
	at org.testng.SuiteRunnerWorker.run(SuiteRunnerWorker.java:95)
	at org.testng.TestNG.runSuitesSequentially(TestNG.java:1274)
	at org.testng.TestNG.runSuitesLocally(TestNG.java:1208)
	at org.testng.TestNG.runSuites(TestNG.java:1112)
	at org.testng.TestNG.run(TestNG.java:1079)
	at org.testng.remote.AbstractRemoteTestNG.run(AbstractRemoteTestNG.java:115)
	at org.testng.remote.RemoteTestNG.initAndRun(RemoteTestNG.java:293)
	at org.testng.remote.RemoteTestNG.main(RemoteTestNG.java:91)

22:42:26.298 [main] DEBUG c.b.monitoring.PerformanceTester - Failed to append key metrics to file C:\Users\sathi\eclipse-workspace\AppiumAutomation\log\key-metrics.json
22:42:26.452 [main] DEBUG c.b.utils.FunnelInstrumentation - Error in getting Product:
java.lang.NullPointerException: Cannot invoke "String.equalsIgnoreCase(String)" because the return value of "com.browserstack.config.BrowserStackConfig.getFramework()" is null
	at com.browserstack.utils.FunnelInstrumentation.a(Unknown Source)
	at java.base/java.util.stream.MatchOps$1MatchSink.accept(MatchOps.java:90)
	at java.base/java.util.Spliterators$ArraySpliterator.tryAdvance(Spliterators.java:1034)
	at java.base/java.util.stream.ReferencePipeline.forEachWithCancel(ReferencePipeline.java:147)
	at java.base/java.util.stream.AbstractPipeline.copyIntoWithCancel(AbstractPipeline.java:588)
	at java.base/java.util.stream.AbstractPipeline.copyInto(AbstractPipeline.java:574)
	at java.base/java.util.stream.AbstractPipeline.wrapAndCopyInto(AbstractPipeline.java:560)
	at java.base/java.util.stream.MatchOps$MatchOp.evaluateSequential(MatchOps.java:230)
	at java.base/java.util.stream.MatchOps$MatchOp.evaluateSequential(MatchOps.java:196)
	at java.base/java.util.stream.AbstractPipeline.evaluate(AbstractPipeline.java:265)
	at java.base/java.util.stream.ReferencePipeline.anyMatch(ReferencePipeline.java:672)
	at com.browserstack.utils.FunnelInstrumentation.getProducts(Unknown Source)
	at com.browserstack.utils.FunnelInstrumentation.createParamsForEvent(Unknown Source)
	at com.browserstack.utils.FunnelInstrumentation.sendSDKEvent(Unknown Source)
	at com.browserstack.testNgListeners.TmpSuiteListener.onFinish(Unknown Source)
	at org.testng.TestRunner.fireEvent(TestRunner.java:900)
	at org.testng.TestRunner.afterRun(TestRunner.java:855)
	at org.testng.TestRunner.run(TestRunner.java:618)
	at org.testng.SuiteRunner.runTest(SuiteRunner.java:421)
	at org.testng.SuiteRunner.runSequentially(SuiteRunner.java:413)
	at org.testng.SuiteRunner.privateRun(SuiteRunner.java:373)
	at org.testng.SuiteRunner.run(SuiteRunner.java:312)
	at org.testng.SuiteRunnerWorker.runSuite(SuiteRunnerWorker.java:52)
	at org.testng.SuiteRunnerWorker.run(SuiteRunnerWorker.java:95)
	at org.testng.TestNG.runSuitesSequentially(TestNG.java:1274)
	at org.testng.TestNG.runSuitesLocally(TestNG.java:1208)
	at org.testng.TestNG.runSuites(TestNG.java:1112)
	at org.testng.TestNG.run(TestNG.java:1079)
	at org.testng.remote.AbstractRemoteTestNG.run(AbstractRemoteTestNG.java:115)
	at org.testng.remote.RemoteTestNG.initAndRun(RemoteTestNG.java:293)
	at org.testng.remote.RemoteTestNG.main(RemoteTestNG.java:91)
22:42:26.479 [main] DEBUG c.b.utils.FrameworkDetectionUtils - Couldn't find dependency class: appium
22:42:26.544 [main] DEBUG com.browserstack.testOps.UsageStats - getFormattedData: Collecting data for TestObservability
22:42:26.604 [main] TRACE c.b.t.TestOrchestrationUtils - getInstrumentationData: invoked
22:42:26.618 [main] DEBUG c.b.utils.FunnelInstrumentation - Sending funnel data for SDKTestSuccessful with data: {"event_type":"SDKTestSuccessful","accessKey":"[REDACTED]","userName":"[REDACTED]","event_properties":{"isPercyAutoEnabled":false,"language":"java","sdkRunId":"77ad67fa-0dbc-4328-9bf5-293715b1f776","buildIdentifier":"unknown","testhub_uuid":"","detectedAppiumVersion":"null","productMap":{"app_automate":false,"accessibility":null,"automate":true,"percy":false,"observability":false,"turboscale":false},"hostname":"Sathish","measures":{"sdk:pre-test":0.018899917602539062},"productUsage":{"testObservability":{"buildHashedId":"","manuallySet":false,"enabled":false}},"browserStackConfig":{"browserstackLocal":null,"percy":false,"logLevel":"info","staticWebDriver":true,"autoDetectFramework":true,"percyCaptureMode":"AUTO","browserStackLocalOptions":null,"percyOptions":null,"testContextOptions":{"serenityOverridePlugin":false,"skipSessionStatus":false,"skipSessionName":false},"platforms":null,"parallelsPerPlatform":null,"framework":null,"accessibility":false,"accessibilityOptions":{},"turboScaleOptions":{},"disableAutoCaptureLogs":true,"testObservability":true,"browserstackAutomation":true,"turboScale":false,"testObservabilityOptions":{},"gradleMConfig":null,"proxySettings":null},"automationFrameworkVersion":null,"percyBuildId":null,"product":"[automate]","buildName":"unknown","os":"Windows 11","languageVersion":"23.0.2","appiumVersion":"null","frameworkDetectionInstrumentation":{},"detectedDependencies":"","referrer":"unknown","locationTrigger":"onFinish","accessibilityConfiguration":{"pollingTimeout":30},"language_framework":"unknown","testOrchestration":{"abortBuildOnFailure":{"enabled":false},"retryTestsOnFailure":{"enabled":false},"userConfig":{}},"detectedSeleniumVersion":"4.1.2","automationFramework":"selenium","seleniumVersion":"null"}}
22:42:26.849 [main] DEBUG c.b.utils.FunnelInstrumentation - API Event SDKTestSuccessful, response: {"message":"Unauthorized"}
22:42:26.930 [main] DEBUG c.b.monitoring.PerformanceTester - Failed to append key metrics to file C:\Users\sathi\eclipse-workspace\AppiumAutomation\log\key-metrics.json
22:43:13.035 [main] WARN  c.b.config.BrowserStackConfig - Test Observability could not be enabled because framework detected is null. We currently support frameworks testng, cucumber-testng & serenity
22:43:13.575 [main] DEBUG com.browserstack.v2.SdkCliUtils - File C:\Users\sathi\.browserstack already exist
22:43:13.577 [main] DEBUG com.browserstack.v2.SdkCliUtils - getExistingCliPath: no binary found
22:43:13.577 [main] DEBUG com.browserstack.v2.SdkCliUtils - Current CLI Path Found: 
22:43:14.074 [main] ERROR com.browserstack.v2.SdkCliUtils - Error in setting up cli path directory, Exception: Unexpected token END OF FILE at position 0.
	at browserstack.shaded.org.json.simple.parser.JSONParser.parse(Unknown Source)
	at browserstack.shaded.org.json.simple.parser.JSONParser.parse(Unknown Source)
	at browserstack.shaded.org.json.simple.parser.JSONParser.parse(Unknown Source)
	at com.browserstack.v2.SdkCliUtils.checkAndUpdateCli(Unknown Source)
	at com.browserstack.v2.SdkCliUtils.setupCliPath(Unknown Source)
	at com.browserstack.v2.SdkCLI.<clinit>(Unknown Source)
	at com.browserstack.monitoring.PerformanceTester.measure(Unknown Source)
	at com.browserstack.monitoring.PerformanceTester.end(Unknown Source)
	at com.browserstack.testNgListeners.BrowserstackSuiteListener.a(Unknown Source)
	at com.browserstack.testNgListeners.BrowserstackSuiteListener.onStart(Unknown Source)
	at org.testng.SuiteRunner.invokeListeners(SuiteRunner.java:242)
	at org.testng.SuiteRunner.run(SuiteRunner.java:310)
	at org.testng.SuiteRunnerWorker.runSuite(SuiteRunnerWorker.java:52)
	at org.testng.SuiteRunnerWorker.run(SuiteRunnerWorker.java:95)
	at org.testng.TestNG.runSuitesSequentially(TestNG.java:1274)
	at org.testng.TestNG.runSuitesLocally(TestNG.java:1208)
	at org.testng.TestNG.runSuites(TestNG.java:1112)
	at org.testng.TestNG.run(TestNG.java:1079)
	at org.testng.remote.AbstractRemoteTestNG.run(AbstractRemoteTestNG.java:115)
	at org.testng.remote.RemoteTestNG.initAndRun(RemoteTestNG.java:293)
	at org.testng.remote.RemoteTestNG.main(RemoteTestNG.java:91)

22:43:14.083 [main] DEBUG c.b.monitoring.PerformanceTester - Failed to append key metrics to file C:\Users\sathi\eclipse-workspace\AppiumAutomation\log\key-metrics.json
22:43:14.252 [main] DEBUG c.b.utils.FunnelInstrumentation - Error in getting Product:
java.lang.NullPointerException: Cannot invoke "String.equalsIgnoreCase(String)" because the return value of "com.browserstack.config.BrowserStackConfig.getFramework()" is null
	at com.browserstack.utils.FunnelInstrumentation.a(Unknown Source)
	at java.base/java.util.stream.MatchOps$1MatchSink.accept(MatchOps.java:90)
	at java.base/java.util.Spliterators$ArraySpliterator.tryAdvance(Spliterators.java:1034)
	at java.base/java.util.stream.ReferencePipeline.forEachWithCancel(ReferencePipeline.java:147)
	at java.base/java.util.stream.AbstractPipeline.copyIntoWithCancel(AbstractPipeline.java:588)
	at java.base/java.util.stream.AbstractPipeline.copyInto(AbstractPipeline.java:574)
	at java.base/java.util.stream.AbstractPipeline.wrapAndCopyInto(AbstractPipeline.java:560)
	at java.base/java.util.stream.MatchOps$MatchOp.evaluateSequential(MatchOps.java:230)
	at java.base/java.util.stream.MatchOps$MatchOp.evaluateSequential(MatchOps.java:196)
	at java.base/java.util.stream.AbstractPipeline.evaluate(AbstractPipeline.java:265)
	at java.base/java.util.stream.ReferencePipeline.anyMatch(ReferencePipeline.java:672)
	at com.browserstack.utils.FunnelInstrumentation.getProducts(Unknown Source)
	at com.browserstack.utils.FunnelInstrumentation.createParamsForEvent(Unknown Source)
	at com.browserstack.utils.FunnelInstrumentation.sendSDKEvent(Unknown Source)
	at com.browserstack.testNgListeners.TmpSuiteListener.onFinish(Unknown Source)
	at org.testng.TestRunner.fireEvent(TestRunner.java:900)
	at org.testng.TestRunner.afterRun(TestRunner.java:855)
	at org.testng.TestRunner.run(TestRunner.java:618)
	at org.testng.SuiteRunner.runTest(SuiteRunner.java:421)
	at org.testng.SuiteRunner.runSequentially(SuiteRunner.java:413)
	at org.testng.SuiteRunner.privateRun(SuiteRunner.java:373)
	at org.testng.SuiteRunner.run(SuiteRunner.java:312)
	at org.testng.SuiteRunnerWorker.runSuite(SuiteRunnerWorker.java:52)
	at org.testng.SuiteRunnerWorker.run(SuiteRunnerWorker.java:95)
	at org.testng.TestNG.runSuitesSequentially(TestNG.java:1274)
	at org.testng.TestNG.runSuitesLocally(TestNG.java:1208)
	at org.testng.TestNG.runSuites(TestNG.java:1112)
	at org.testng.TestNG.run(TestNG.java:1079)
	at org.testng.remote.AbstractRemoteTestNG.run(AbstractRemoteTestNG.java:115)
	at org.testng.remote.RemoteTestNG.initAndRun(RemoteTestNG.java:293)
	at org.testng.remote.RemoteTestNG.main(RemoteTestNG.java:91)
22:43:14.274 [main] DEBUG c.b.utils.FrameworkDetectionUtils - Couldn't find dependency class: appium
22:43:14.355 [main] DEBUG com.browserstack.testOps.UsageStats - getFormattedData: Collecting data for TestObservability
22:43:14.433 [main] TRACE c.b.t.TestOrchestrationUtils - getInstrumentationData: invoked
22:43:14.449 [main] DEBUG c.b.utils.FunnelInstrumentation - Sending funnel data for SDKTestSuccessful with data: {"event_type":"SDKTestSuccessful","accessKey":"[REDACTED]","userName":"[REDACTED]","event_properties":{"isPercyAutoEnabled":false,"language":"java","sdkRunId":"d900c355-6b2e-4442-948d-9ed6c1355313","buildIdentifier":"unknown","testhub_uuid":"","detectedAppiumVersion":"null","productMap":{"app_automate":false,"accessibility":null,"automate":true,"percy":false,"observability":false,"turboscale":false},"hostname":"Sathish","measures":{"sdk:pre-test":0.07480001449584961},"productUsage":{"testObservability":{"buildHashedId":"","manuallySet":false,"enabled":false}},"browserStackConfig":{"browserstackLocal":null,"percy":false,"logLevel":"info","staticWebDriver":true,"autoDetectFramework":true,"percyCaptureMode":"AUTO","browserStackLocalOptions":null,"percyOptions":null,"testContextOptions":{"skipSessionStatus":false,"serenityOverridePlugin":false,"skipSessionName":false},"platforms":null,"parallelsPerPlatform":null,"framework":null,"accessibility":false,"accessibilityOptions":{},"turboScaleOptions":{},"disableAutoCaptureLogs":true,"testObservability":true,"browserstackAutomation":true,"turboScale":false,"testObservabilityOptions":{},"gradleMConfig":null,"proxySettings":null},"automationFrameworkVersion":null,"percyBuildId":null,"product":"[automate]","buildName":"unknown","os":"Windows 11","languageVersion":"23.0.2","appiumVersion":"null","frameworkDetectionInstrumentation":{},"detectedDependencies":"","referrer":"unknown","locationTrigger":"onFinish","accessibilityConfiguration":{"pollingTimeout":30},"language_framework":"unknown","testOrchestration":{"abortBuildOnFailure":{"enabled":false},"retryTestsOnFailure":{"enabled":false},"userConfig":{}},"detectedSeleniumVersion":"4.1.2","automationFramework":"selenium","seleniumVersion":"null"}}
22:43:14.787 [main] DEBUG c.b.utils.FunnelInstrumentation - API Event SDKTestSuccessful, response: {"message":"Unauthorized"}
22:43:14.868 [main] DEBUG c.b.monitoring.PerformanceTester - Failed to append key metrics to file C:\Users\sathi\eclipse-workspace\AppiumAutomation\log\key-metrics.json
16:52:12.326 [main] WARN  c.b.config.BrowserStackConfig - Test Observability could not be enabled because framework detected is null. We currently support frameworks testng, cucumber-testng & serenity
16:52:13.072 [main] DEBUG com.browserstack.v2.SdkCliUtils - File C:\Users\sathi\.browserstack already exist
16:52:13.075 [main] DEBUG com.browserstack.v2.SdkCliUtils - getExistingCliPath: no binary found
16:52:13.075 [main] DEBUG com.browserstack.v2.SdkCliUtils - Current CLI Path Found: 
16:52:13.935 [main] ERROR com.browserstack.v2.SdkCliUtils - Error in setting up cli path directory, Exception: Unexpected token END OF FILE at position 0.
	at browserstack.shaded.org.json.simple.parser.JSONParser.parse(Unknown Source)
	at browserstack.shaded.org.json.simple.parser.JSONParser.parse(Unknown Source)
	at browserstack.shaded.org.json.simple.parser.JSONParser.parse(Unknown Source)
	at com.browserstack.v2.SdkCliUtils.checkAndUpdateCli(Unknown Source)
	at com.browserstack.v2.SdkCliUtils.setupCliPath(Unknown Source)
	at com.browserstack.v2.SdkCLI.<clinit>(Unknown Source)
	at com.browserstack.monitoring.PerformanceTester.measure(Unknown Source)
	at com.browserstack.monitoring.PerformanceTester.end(Unknown Source)
	at com.browserstack.testNgListeners.BrowserstackSuiteListener.a(Unknown Source)
	at com.browserstack.testNgListeners.BrowserstackSuiteListener.onStart(Unknown Source)
	at org.testng.SuiteRunner.invokeListeners(SuiteRunner.java:242)
	at org.testng.SuiteRunner.run(SuiteRunner.java:310)
	at org.testng.SuiteRunnerWorker.runSuite(SuiteRunnerWorker.java:52)
	at org.testng.SuiteRunnerWorker.run(SuiteRunnerWorker.java:95)
	at org.testng.TestNG.runSuitesSequentially(TestNG.java:1274)
	at org.testng.TestNG.runSuitesLocally(TestNG.java:1208)
	at org.testng.TestNG.runSuites(TestNG.java:1112)
	at org.testng.TestNG.run(TestNG.java:1079)
	at org.testng.remote.AbstractRemoteTestNG.run(AbstractRemoteTestNG.java:115)
	at org.testng.remote.RemoteTestNG.initAndRun(RemoteTestNG.java:293)
	at org.testng.remote.RemoteTestNG.main(RemoteTestNG.java:91)

16:52:13.946 [main] DEBUG c.b.monitoring.PerformanceTester - Failed to append key metrics to file C:\Users\sathi\eclipse-workspace\AppiumAutomation\log\key-metrics.json
16:52:47.361 [main] DEBUG c.b.utils.FunnelInstrumentation - Error in getting Product:
java.lang.NullPointerException: Cannot invoke "String.equalsIgnoreCase(String)" because the return value of "com.browserstack.config.BrowserStackConfig.getFramework()" is null
	at com.browserstack.utils.FunnelInstrumentation.a(Unknown Source)
	at java.base/java.util.stream.MatchOps$1MatchSink.accept(MatchOps.java:90)
	at java.base/java.util.Spliterators$ArraySpliterator.tryAdvance(Spliterators.java:1034)
	at java.base/java.util.stream.ReferencePipeline.forEachWithCancel(ReferencePipeline.java:147)
	at java.base/java.util.stream.AbstractPipeline.copyIntoWithCancel(AbstractPipeline.java:588)
	at java.base/java.util.stream.AbstractPipeline.copyInto(AbstractPipeline.java:574)
	at java.base/java.util.stream.AbstractPipeline.wrapAndCopyInto(AbstractPipeline.java:560)
	at java.base/java.util.stream.MatchOps$MatchOp.evaluateSequential(MatchOps.java:230)
	at java.base/java.util.stream.MatchOps$MatchOp.evaluateSequential(MatchOps.java:196)
	at java.base/java.util.stream.AbstractPipeline.evaluate(AbstractPipeline.java:265)
	at java.base/java.util.stream.ReferencePipeline.anyMatch(ReferencePipeline.java:672)
	at com.browserstack.utils.FunnelInstrumentation.getProducts(Unknown Source)
	at com.browserstack.utils.FunnelInstrumentation.createParamsForEvent(Unknown Source)
	at com.browserstack.utils.FunnelInstrumentation.sendSDKEvent(Unknown Source)
	at com.browserstack.testNgListeners.TmpSuiteListener.onFinish(Unknown Source)
	at org.testng.TestRunner.fireEvent(TestRunner.java:900)
	at org.testng.TestRunner.afterRun(TestRunner.java:855)
	at org.testng.TestRunner.run(TestRunner.java:618)
	at org.testng.SuiteRunner.runTest(SuiteRunner.java:421)
	at org.testng.SuiteRunner.runSequentially(SuiteRunner.java:413)
	at org.testng.SuiteRunner.privateRun(SuiteRunner.java:373)
	at org.testng.SuiteRunner.run(SuiteRunner.java:312)
	at org.testng.SuiteRunnerWorker.runSuite(SuiteRunnerWorker.java:52)
	at org.testng.SuiteRunnerWorker.run(SuiteRunnerWorker.java:95)
	at org.testng.TestNG.runSuitesSequentially(TestNG.java:1274)
	at org.testng.TestNG.runSuitesLocally(TestNG.java:1208)
	at org.testng.TestNG.runSuites(TestNG.java:1112)
	at org.testng.TestNG.run(TestNG.java:1079)
	at org.testng.remote.AbstractRemoteTestNG.run(AbstractRemoteTestNG.java:115)
	at org.testng.remote.RemoteTestNG.initAndRun(RemoteTestNG.java:293)
	at org.testng.remote.RemoteTestNG.main(RemoteTestNG.java:91)
16:52:47.389 [main] DEBUG c.b.utils.FrameworkDetectionUtils - Couldn't find dependency class: appium
16:52:47.471 [main] DEBUG com.browserstack.testOps.UsageStats - getFormattedData: Collecting data for TestObservability
16:52:47.569 [main] TRACE c.b.t.TestOrchestrationUtils - getInstrumentationData: invoked
16:52:47.593 [main] DEBUG c.b.utils.FunnelInstrumentation - Sending funnel data for SDKTestSuccessful with data: {"event_type":"SDKTestSuccessful","accessKey":"[REDACTED]","userName":"[REDACTED]","event_properties":{"isPercyAutoEnabled":false,"language":"java","sdkRunId":"2740680b-f26f-43c4-8917-ccca46d23e39","buildIdentifier":"unknown","testhub_uuid":"","detectedAppiumVersion":"null","productMap":{"app_automate":false,"accessibility":null,"automate":true,"percy":false,"observability":false,"turboscale":false},"hostname":"Sathish","measures":{"sdk:pre-test":0.021600008010864258},"productUsage":{"testObservability":{"buildHashedId":"","manuallySet":false,"enabled":false}},"browserStackConfig":{"browserstackLocal":null,"percy":false,"logLevel":"info","staticWebDriver":true,"autoDetectFramework":true,"percyCaptureMode":"AUTO","browserStackLocalOptions":null,"percyOptions":null,"testContextOptions":{"skipSessionName":false,"serenityOverridePlugin":false,"skipSessionStatus":false},"platforms":null,"parallelsPerPlatform":null,"framework":null,"accessibility":false,"accessibilityOptions":{},"turboScaleOptions":{},"disableAutoCaptureLogs":true,"testObservability":true,"browserstackAutomation":true,"turboScale":false,"testObservabilityOptions":{},"gradleMConfig":null,"proxySettings":null},"automationFrameworkVersion":null,"percyBuildId":null,"product":"[automate]","buildName":"unknown","os":"Windows 11","languageVersion":"23.0.2","appiumVersion":"null","frameworkDetectionInstrumentation":{},"detectedDependencies":"","referrer":"unknown","locationTrigger":"onFinish","accessibilityConfiguration":{"pollingTimeout":30},"language_framework":"unknown","testOrchestration":{"abortBuildOnFailure":{"enabled":false},"retryTestsOnFailure":{"enabled":false},"userConfig":{}},"detectedSeleniumVersion":"4.1.2","automationFramework":"selenium","seleniumVersion":"null"}}
16:52:47.784 [main] DEBUG c.b.utils.FunnelInstrumentation - API Event SDKTestSuccessful, response: {"message":"Unauthorized"}
16:52:47.867 [main] DEBUG c.b.monitoring.PerformanceTester - Failed to append key metrics to file C:\Users\sathi\eclipse-workspace\AppiumAutomation\log\key-metrics.json
17:04:36.989 [main] WARN  c.b.config.BrowserStackConfig - Test Observability could not be enabled because framework detected is null. We currently support frameworks testng, cucumber-testng & serenity
17:04:37.736 [main] DEBUG com.browserstack.v2.SdkCliUtils - File C:\Users\sathi\.browserstack already exist
17:04:37.739 [main] DEBUG com.browserstack.v2.SdkCliUtils - getExistingCliPath: no binary found
17:04:37.740 [main] DEBUG com.browserstack.v2.SdkCliUtils - Current CLI Path Found: 
17:04:38.780 [main] ERROR com.browserstack.v2.SdkCliUtils - Error in setting up cli path directory, Exception: Unexpected token END OF FILE at position 0.
	at browserstack.shaded.org.json.simple.parser.JSONParser.parse(Unknown Source)
	at browserstack.shaded.org.json.simple.parser.JSONParser.parse(Unknown Source)
	at browserstack.shaded.org.json.simple.parser.JSONParser.parse(Unknown Source)
	at com.browserstack.v2.SdkCliUtils.checkAndUpdateCli(Unknown Source)
	at com.browserstack.v2.SdkCliUtils.setupCliPath(Unknown Source)
	at com.browserstack.v2.SdkCLI.<clinit>(Unknown Source)
	at com.browserstack.monitoring.PerformanceTester.measure(Unknown Source)
	at com.browserstack.monitoring.PerformanceTester.end(Unknown Source)
	at com.browserstack.testNgListeners.BrowserstackSuiteListener.a(Unknown Source)
	at com.browserstack.testNgListeners.BrowserstackSuiteListener.onStart(Unknown Source)
	at org.testng.SuiteRunner.invokeListeners(SuiteRunner.java:242)
	at org.testng.SuiteRunner.run(SuiteRunner.java:310)
	at org.testng.SuiteRunnerWorker.runSuite(SuiteRunnerWorker.java:52)
	at org.testng.SuiteRunnerWorker.run(SuiteRunnerWorker.java:95)
	at org.testng.TestNG.runSuitesSequentially(TestNG.java:1274)
	at org.testng.TestNG.runSuitesLocally(TestNG.java:1208)
	at org.testng.TestNG.runSuites(TestNG.java:1112)
	at org.testng.TestNG.run(TestNG.java:1079)
	at org.testng.remote.AbstractRemoteTestNG.run(AbstractRemoteTestNG.java:115)
	at org.testng.remote.RemoteTestNG.initAndRun(RemoteTestNG.java:293)
	at org.testng.remote.RemoteTestNG.main(RemoteTestNG.java:91)

17:04:38.801 [main] DEBUG c.b.monitoring.PerformanceTester - Failed to append key metrics to file C:\Users\sathi\eclipse-workspace\AppiumAutomation\log\key-metrics.json
17:05:11.226 [main] DEBUG c.b.utils.FunnelInstrumentation - Error in getting Product:
java.lang.NullPointerException: Cannot invoke "String.equalsIgnoreCase(String)" because the return value of "com.browserstack.config.BrowserStackConfig.getFramework()" is null
	at com.browserstack.utils.FunnelInstrumentation.a(Unknown Source)
	at java.base/java.util.stream.MatchOps$1MatchSink.accept(MatchOps.java:90)
	at java.base/java.util.Spliterators$ArraySpliterator.tryAdvance(Spliterators.java:1034)
	at java.base/java.util.stream.ReferencePipeline.forEachWithCancel(ReferencePipeline.java:147)
	at java.base/java.util.stream.AbstractPipeline.copyIntoWithCancel(AbstractPipeline.java:588)
	at java.base/java.util.stream.AbstractPipeline.copyInto(AbstractPipeline.java:574)
	at java.base/java.util.stream.AbstractPipeline.wrapAndCopyInto(AbstractPipeline.java:560)
	at java.base/java.util.stream.MatchOps$MatchOp.evaluateSequential(MatchOps.java:230)
	at java.base/java.util.stream.MatchOps$MatchOp.evaluateSequential(MatchOps.java:196)
	at java.base/java.util.stream.AbstractPipeline.evaluate(AbstractPipeline.java:265)
	at java.base/java.util.stream.ReferencePipeline.anyMatch(ReferencePipeline.java:672)
	at com.browserstack.utils.FunnelInstrumentation.getProducts(Unknown Source)
	at com.browserstack.utils.FunnelInstrumentation.createParamsForEvent(Unknown Source)
	at com.browserstack.utils.FunnelInstrumentation.sendSDKEvent(Unknown Source)
	at com.browserstack.testNgListeners.TmpSuiteListener.onFinish(Unknown Source)
	at org.testng.TestRunner.fireEvent(TestRunner.java:900)
	at org.testng.TestRunner.afterRun(TestRunner.java:855)
	at org.testng.TestRunner.run(TestRunner.java:618)
	at org.testng.SuiteRunner.runTest(SuiteRunner.java:421)
	at org.testng.SuiteRunner.runSequentially(SuiteRunner.java:413)
	at org.testng.SuiteRunner.privateRun(SuiteRunner.java:373)
	at org.testng.SuiteRunner.run(SuiteRunner.java:312)
	at org.testng.SuiteRunnerWorker.runSuite(SuiteRunnerWorker.java:52)
	at org.testng.SuiteRunnerWorker.run(SuiteRunnerWorker.java:95)
	at org.testng.TestNG.runSuitesSequentially(TestNG.java:1274)
	at org.testng.TestNG.runSuitesLocally(TestNG.java:1208)
	at org.testng.TestNG.runSuites(TestNG.java:1112)
	at org.testng.TestNG.run(TestNG.java:1079)
	at org.testng.remote.AbstractRemoteTestNG.run(AbstractRemoteTestNG.java:115)
	at org.testng.remote.RemoteTestNG.initAndRun(RemoteTestNG.java:293)
	at org.testng.remote.RemoteTestNG.main(RemoteTestNG.java:91)
17:05:11.245 [main] DEBUG c.b.utils.FrameworkDetectionUtils - Couldn't find dependency class: appium
17:05:11.307 [main] DEBUG com.browserstack.testOps.UsageStats - getFormattedData: Collecting data for TestObservability
17:05:11.381 [main] TRACE c.b.t.TestOrchestrationUtils - getInstrumentationData: invoked
17:05:11.398 [main] DEBUG c.b.utils.FunnelInstrumentation - Sending funnel data for SDKTestSuccessful with data: {"event_type":"SDKTestSuccessful","accessKey":"[REDACTED]","userName":"[REDACTED]","event_properties":{"isPercyAutoEnabled":false,"language":"java","sdkRunId":"7353b228-5a15-4173-90ba-ff8a98c6324f","buildIdentifier":"unknown","testhub_uuid":"","detectedAppiumVersion":"null","productMap":{"app_automate":false,"accessibility":null,"automate":true,"percy":false,"observability":false,"turboscale":false},"hostname":"Sathish","measures":{"sdk:pre-test":0.02649998664855957},"productUsage":{"testObservability":{"buildHashedId":"","manuallySet":false,"enabled":false}},"browserStackConfig":{"browserstackLocal":null,"percy":false,"logLevel":"info","staticWebDriver":true,"autoDetectFramework":true,"percyCaptureMode":"AUTO","browserStackLocalOptions":null,"percyOptions":null,"testContextOptions":{"skipSessionName":false,"skipSessionStatus":false,"serenityOverridePlugin":false},"platforms":null,"parallelsPerPlatform":null,"framework":null,"accessibility":false,"accessibilityOptions":{},"turboScaleOptions":{},"disableAutoCaptureLogs":true,"testObservability":true,"browserstackAutomation":true,"turboScale":false,"testObservabilityOptions":{},"gradleMConfig":null,"proxySettings":null},"automationFrameworkVersion":null,"percyBuildId":null,"product":"[automate]","buildName":"unknown","os":"Windows 11","languageVersion":"23.0.2","appiumVersion":"null","frameworkDetectionInstrumentation":{},"detectedDependencies":"","referrer":"unknown","locationTrigger":"onFinish","accessibilityConfiguration":{"pollingTimeout":30},"language_framework":"unknown","testOrchestration":{"abortBuildOnFailure":{"enabled":false},"retryTestsOnFailure":{"enabled":false},"userConfig":{}},"detectedSeleniumVersion":"4.1.2","automationFramework":"selenium","seleniumVersion":"null"}}
17:05:11.561 [main] DEBUG c.b.utils.FunnelInstrumentation - API Event SDKTestSuccessful, response: {"message":"Unauthorized"}
17:05:11.604 [main] DEBUG c.b.monitoring.PerformanceTester - Failed to append key metrics to file C:\Users\sathi\eclipse-workspace\AppiumAutomation\log\key-metrics.json
17:17:12.642 [main] WARN  c.b.config.BrowserStackConfig - Test Observability could not be enabled because framework detected is null. We currently support frameworks testng, cucumber-testng & serenity
17:17:13.294 [main] DEBUG com.browserstack.v2.SdkCliUtils - File C:\Users\sathi\.browserstack already exist
17:17:13.297 [main] DEBUG com.browserstack.v2.SdkCliUtils - getExistingCliPath: no binary found
17:17:13.297 [main] DEBUG com.browserstack.v2.SdkCliUtils - Current CLI Path Found: 
17:17:14.000 [main] ERROR com.browserstack.v2.SdkCliUtils - Error in setting up cli path directory, Exception: Unexpected token END OF FILE at position 0.
	at browserstack.shaded.org.json.simple.parser.JSONParser.parse(Unknown Source)
	at browserstack.shaded.org.json.simple.parser.JSONParser.parse(Unknown Source)
	at browserstack.shaded.org.json.simple.parser.JSONParser.parse(Unknown Source)
	at com.browserstack.v2.SdkCliUtils.checkAndUpdateCli(Unknown Source)
	at com.browserstack.v2.SdkCliUtils.setupCliPath(Unknown Source)
	at com.browserstack.v2.SdkCLI.<clinit>(Unknown Source)
	at com.browserstack.monitoring.PerformanceTester.measure(Unknown Source)
	at com.browserstack.monitoring.PerformanceTester.end(Unknown Source)
	at com.browserstack.testNgListeners.BrowserstackSuiteListener.a(Unknown Source)
	at com.browserstack.testNgListeners.BrowserstackSuiteListener.onStart(Unknown Source)
	at org.testng.SuiteRunner.invokeListeners(SuiteRunner.java:242)
	at org.testng.SuiteRunner.run(SuiteRunner.java:310)
	at org.testng.SuiteRunnerWorker.runSuite(SuiteRunnerWorker.java:52)
	at org.testng.SuiteRunnerWorker.run(SuiteRunnerWorker.java:95)
	at org.testng.TestNG.runSuitesSequentially(TestNG.java:1274)
	at org.testng.TestNG.runSuitesLocally(TestNG.java:1208)
	at org.testng.TestNG.runSuites(TestNG.java:1112)
	at org.testng.TestNG.run(TestNG.java:1079)
	at org.testng.remote.AbstractRemoteTestNG.run(AbstractRemoteTestNG.java:115)
	at org.testng.remote.RemoteTestNG.initAndRun(RemoteTestNG.java:293)
	at org.testng.remote.RemoteTestNG.main(RemoteTestNG.java:91)

17:17:14.018 [main] DEBUG c.b.monitoring.PerformanceTester - Failed to append key metrics to file C:\Users\sathi\eclipse-workspace\AppiumAutomation\log\key-metrics.json
17:18:27.538 [main] DEBUG c.b.utils.FunnelInstrumentation - Error in getting Product:
java.lang.NullPointerException: Cannot invoke "String.equalsIgnoreCase(String)" because the return value of "com.browserstack.config.BrowserStackConfig.getFramework()" is null
	at com.browserstack.utils.FunnelInstrumentation.a(Unknown Source)
	at java.base/java.util.stream.MatchOps$1MatchSink.accept(MatchOps.java:90)
	at java.base/java.util.Spliterators$ArraySpliterator.tryAdvance(Spliterators.java:1034)
	at java.base/java.util.stream.ReferencePipeline.forEachWithCancel(ReferencePipeline.java:147)
	at java.base/java.util.stream.AbstractPipeline.copyIntoWithCancel(AbstractPipeline.java:588)
	at java.base/java.util.stream.AbstractPipeline.copyInto(AbstractPipeline.java:574)
	at java.base/java.util.stream.AbstractPipeline.wrapAndCopyInto(AbstractPipeline.java:560)
	at java.base/java.util.stream.MatchOps$MatchOp.evaluateSequential(MatchOps.java:230)
	at java.base/java.util.stream.MatchOps$MatchOp.evaluateSequential(MatchOps.java:196)
	at java.base/java.util.stream.AbstractPipeline.evaluate(AbstractPipeline.java:265)
	at java.base/java.util.stream.ReferencePipeline.anyMatch(ReferencePipeline.java:672)
	at com.browserstack.utils.FunnelInstrumentation.getProducts(Unknown Source)
	at com.browserstack.utils.FunnelInstrumentation.createParamsForEvent(Unknown Source)
	at com.browserstack.utils.FunnelInstrumentation.sendSDKEvent(Unknown Source)
	at com.browserstack.testNgListeners.TmpSuiteListener.onFinish(Unknown Source)
	at org.testng.TestRunner.fireEvent(TestRunner.java:900)
	at org.testng.TestRunner.afterRun(TestRunner.java:855)
	at org.testng.TestRunner.run(TestRunner.java:618)
	at org.testng.SuiteRunner.runTest(SuiteRunner.java:421)
	at org.testng.SuiteRunner.runSequentially(SuiteRunner.java:413)
	at org.testng.SuiteRunner.privateRun(SuiteRunner.java:373)
	at org.testng.SuiteRunner.run(SuiteRunner.java:312)
	at org.testng.SuiteRunnerWorker.runSuite(SuiteRunnerWorker.java:52)
	at org.testng.SuiteRunnerWorker.run(SuiteRunnerWorker.java:95)
	at org.testng.TestNG.runSuitesSequentially(TestNG.java:1274)
	at org.testng.TestNG.runSuitesLocally(TestNG.java:1208)
	at org.testng.TestNG.runSuites(TestNG.java:1112)
	at org.testng.TestNG.run(TestNG.java:1079)
	at org.testng.remote.AbstractRemoteTestNG.run(AbstractRemoteTestNG.java:115)
	at org.testng.remote.RemoteTestNG.initAndRun(RemoteTestNG.java:293)
	at org.testng.remote.RemoteTestNG.main(RemoteTestNG.java:91)
17:18:27.554 [main] DEBUG c.b.utils.FrameworkDetectionUtils - Couldn't find dependency class: appium
17:18:27.620 [main] DEBUG com.browserstack.testOps.UsageStats - getFormattedData: Collecting data for TestObservability
17:18:27.693 [main] TRACE c.b.t.TestOrchestrationUtils - getInstrumentationData: invoked
17:18:27.707 [main] DEBUG c.b.utils.FunnelInstrumentation - Sending funnel data for SDKTestSuccessful with data: {"event_type":"SDKTestSuccessful","accessKey":"[REDACTED]","userName":"[REDACTED]","event_properties":{"isPercyAutoEnabled":false,"language":"java","sdkRunId":"d751e62b-0e64-4e82-a02f-2a5c635dbc79","buildIdentifier":"unknown","testhub_uuid":"","detectedAppiumVersion":"null","productMap":{"app_automate":false,"accessibility":null,"automate":true,"percy":false,"observability":false,"turboscale":false},"hostname":"Sathish","measures":{"sdk:pre-test":0.028300046920776367},"productUsage":{"testObservability":{"buildHashedId":"","manuallySet":false,"enabled":false}},"browserStackConfig":{"browserstackLocal":null,"percy":false,"logLevel":"info","staticWebDriver":true,"autoDetectFramework":true,"percyCaptureMode":"AUTO","browserStackLocalOptions":null,"percyOptions":null,"testContextOptions":{"skipSessionStatus":false,"serenityOverridePlugin":false,"skipSessionName":false},"platforms":null,"parallelsPerPlatform":null,"framework":null,"accessibility":false,"accessibilityOptions":{},"turboScaleOptions":{},"disableAutoCaptureLogs":true,"testObservability":true,"browserstackAutomation":true,"turboScale":false,"testObservabilityOptions":{},"gradleMConfig":null,"proxySettings":null},"automationFrameworkVersion":null,"percyBuildId":null,"product":"[automate]","buildName":"unknown","os":"Windows 11","languageVersion":"23.0.2","appiumVersion":"null","frameworkDetectionInstrumentation":{},"detectedDependencies":"","referrer":"unknown","locationTrigger":"onFinish","accessibilityConfiguration":{"pollingTimeout":30},"language_framework":"unknown","testOrchestration":{"abortBuildOnFailure":{"enabled":false},"retryTestsOnFailure":{"enabled":false},"userConfig":{}},"detectedSeleniumVersion":"4.1.2","automationFramework":"selenium","seleniumVersion":"null"}}
17:18:27.933 [main] DEBUG c.b.utils.FunnelInstrumentation - API Event SDKTestSuccessful, response: {"message":"Unauthorized"}
17:18:28.007 [main] DEBUG c.b.monitoring.PerformanceTester - Failed to append key metrics to file C:\Users\sathi\eclipse-workspace\AppiumAutomation\log\key-metrics.json
17:19:56.457 [main] WARN  c.b.config.BrowserStackConfig - Test Observability could not be enabled because framework detected is null. We currently support frameworks testng, cucumber-testng & serenity
17:19:57.122 [main] DEBUG com.browserstack.v2.SdkCliUtils - File C:\Users\sathi\.browserstack already exist
17:19:57.124 [main] DEBUG com.browserstack.v2.SdkCliUtils - getExistingCliPath: no binary found
17:19:57.124 [main] DEBUG com.browserstack.v2.SdkCliUtils - Current CLI Path Found: 
17:19:57.748 [main] ERROR com.browserstack.v2.SdkCliUtils - Error in setting up cli path directory, Exception: Unexpected token END OF FILE at position 0.
	at browserstack.shaded.org.json.simple.parser.JSONParser.parse(Unknown Source)
	at browserstack.shaded.org.json.simple.parser.JSONParser.parse(Unknown Source)
	at browserstack.shaded.org.json.simple.parser.JSONParser.parse(Unknown Source)
	at com.browserstack.v2.SdkCliUtils.checkAndUpdateCli(Unknown Source)
	at com.browserstack.v2.SdkCliUtils.setupCliPath(Unknown Source)
	at com.browserstack.v2.SdkCLI.<clinit>(Unknown Source)
	at com.browserstack.monitoring.PerformanceTester.measure(Unknown Source)
	at com.browserstack.monitoring.PerformanceTester.end(Unknown Source)
	at com.browserstack.testNgListeners.BrowserstackSuiteListener.a(Unknown Source)
	at com.browserstack.testNgListeners.BrowserstackSuiteListener.onStart(Unknown Source)
	at org.testng.SuiteRunner.invokeListeners(SuiteRunner.java:242)
	at org.testng.SuiteRunner.run(SuiteRunner.java:310)
	at org.testng.SuiteRunnerWorker.runSuite(SuiteRunnerWorker.java:52)
	at org.testng.SuiteRunnerWorker.run(SuiteRunnerWorker.java:95)
	at org.testng.TestNG.runSuitesSequentially(TestNG.java:1274)
	at org.testng.TestNG.runSuitesLocally(TestNG.java:1208)
	at org.testng.TestNG.runSuites(TestNG.java:1112)
	at org.testng.TestNG.run(TestNG.java:1079)
	at org.testng.remote.AbstractRemoteTestNG.run(AbstractRemoteTestNG.java:115)
	at org.testng.remote.RemoteTestNG.initAndRun(RemoteTestNG.java:293)
	at org.testng.remote.RemoteTestNG.main(RemoteTestNG.java:91)

17:19:57.758 [main] DEBUG c.b.monitoring.PerformanceTester - Failed to append key metrics to file C:\Users\sathi\eclipse-workspace\AppiumAutomation\log\key-metrics.json
17:20:35.550 [main] DEBUG c.b.utils.FunnelInstrumentation - Error in getting Product:
java.lang.NullPointerException: Cannot invoke "String.equalsIgnoreCase(String)" because the return value of "com.browserstack.config.BrowserStackConfig.getFramework()" is null
	at com.browserstack.utils.FunnelInstrumentation.a(Unknown Source)
	at java.base/java.util.stream.MatchOps$1MatchSink.accept(MatchOps.java:90)
	at java.base/java.util.Spliterators$ArraySpliterator.tryAdvance(Spliterators.java:1034)
	at java.base/java.util.stream.ReferencePipeline.forEachWithCancel(ReferencePipeline.java:147)
	at java.base/java.util.stream.AbstractPipeline.copyIntoWithCancel(AbstractPipeline.java:588)
	at java.base/java.util.stream.AbstractPipeline.copyInto(AbstractPipeline.java:574)
	at java.base/java.util.stream.AbstractPipeline.wrapAndCopyInto(AbstractPipeline.java:560)
	at java.base/java.util.stream.MatchOps$MatchOp.evaluateSequential(MatchOps.java:230)
	at java.base/java.util.stream.MatchOps$MatchOp.evaluateSequential(MatchOps.java:196)
	at java.base/java.util.stream.AbstractPipeline.evaluate(AbstractPipeline.java:265)
	at java.base/java.util.stream.ReferencePipeline.anyMatch(ReferencePipeline.java:672)
	at com.browserstack.utils.FunnelInstrumentation.getProducts(Unknown Source)
	at com.browserstack.utils.FunnelInstrumentation.createParamsForEvent(Unknown Source)
	at com.browserstack.utils.FunnelInstrumentation.sendSDKEvent(Unknown Source)
	at com.browserstack.testNgListeners.TmpSuiteListener.onFinish(Unknown Source)
	at org.testng.TestRunner.fireEvent(TestRunner.java:900)
	at org.testng.TestRunner.afterRun(TestRunner.java:855)
	at org.testng.TestRunner.run(TestRunner.java:618)
	at org.testng.SuiteRunner.runTest(SuiteRunner.java:421)
	at org.testng.SuiteRunner.runSequentially(SuiteRunner.java:413)
	at org.testng.SuiteRunner.privateRun(SuiteRunner.java:373)
	at org.testng.SuiteRunner.run(SuiteRunner.java:312)
	at org.testng.SuiteRunnerWorker.runSuite(SuiteRunnerWorker.java:52)
	at org.testng.SuiteRunnerWorker.run(SuiteRunnerWorker.java:95)
	at org.testng.TestNG.runSuitesSequentially(TestNG.java:1274)
	at org.testng.TestNG.runSuitesLocally(TestNG.java:1208)
	at org.testng.TestNG.runSuites(TestNG.java:1112)
	at org.testng.TestNG.run(TestNG.java:1079)
	at org.testng.remote.AbstractRemoteTestNG.run(AbstractRemoteTestNG.java:115)
	at org.testng.remote.RemoteTestNG.initAndRun(RemoteTestNG.java:293)
	at org.testng.remote.RemoteTestNG.main(RemoteTestNG.java:91)
17:20:35.561 [main] DEBUG c.b.utils.FrameworkDetectionUtils - Couldn't find dependency class: appium
17:20:35.624 [main] DEBUG com.browserstack.testOps.UsageStats - getFormattedData: Collecting data for TestObservability
17:20:35.687 [main] TRACE c.b.t.TestOrchestrationUtils - getInstrumentationData: invoked
17:20:35.700 [main] DEBUG c.b.utils.FunnelInstrumentation - Sending funnel data for SDKTestSuccessful with data: {"event_type":"SDKTestSuccessful","accessKey":"[REDACTED]","userName":"[REDACTED]","event_properties":{"isPercyAutoEnabled":false,"language":"java","sdkRunId":"c83cedb0-fb2d-4190-bec9-7144174c0dfb","buildIdentifier":"unknown","testhub_uuid":"","detectedAppiumVersion":"null","productMap":{"app_automate":false,"accessibility":null,"automate":true,"percy":false,"observability":false,"turboscale":false},"hostname":"Sathish","measures":{"sdk:pre-test":0.03080010414123535},"productUsage":{"testObservability":{"buildHashedId":"","manuallySet":false,"enabled":false}},"browserStackConfig":{"browserstackLocal":null,"percy":false,"logLevel":"info","staticWebDriver":true,"autoDetectFramework":true,"percyCaptureMode":"AUTO","browserStackLocalOptions":null,"percyOptions":null,"testContextOptions":{"skipSessionName":false,"serenityOverridePlugin":false,"skipSessionStatus":false},"platforms":null,"parallelsPerPlatform":null,"framework":null,"accessibility":false,"accessibilityOptions":{},"turboScaleOptions":{},"disableAutoCaptureLogs":true,"testObservability":true,"browserstackAutomation":true,"turboScale":false,"testObservabilityOptions":{},"gradleMConfig":null,"proxySettings":null},"automationFrameworkVersion":null,"percyBuildId":null,"product":"[automate]","buildName":"unknown","os":"Windows 11","languageVersion":"23.0.2","appiumVersion":"null","frameworkDetectionInstrumentation":{},"detectedDependencies":"","referrer":"unknown","locationTrigger":"onFinish","accessibilityConfiguration":{"pollingTimeout":30},"language_framework":"unknown","testOrchestration":{"abortBuildOnFailure":{"enabled":false},"retryTestsOnFailure":{"enabled":false},"userConfig":{}},"detectedSeleniumVersion":"4.1.2","automationFramework":"selenium","seleniumVersion":"null"}}
17:20:35.936 [main] DEBUG c.b.utils.FunnelInstrumentation - API Event SDKTestSuccessful, response: {"message":"Unauthorized"}
17:20:35.997 [main] DEBUG c.b.monitoring.PerformanceTester - Failed to append key metrics to file C:\Users\sathi\eclipse-workspace\AppiumAutomation\log\key-metrics.json
17:26:57.010 [main] WARN  c.b.config.BrowserStackConfig - Test Observability could not be enabled because framework detected is null. We currently support frameworks testng, cucumber-testng & serenity
17:26:57.659 [main] DEBUG com.browserstack.v2.SdkCliUtils - File C:\Users\sathi\.browserstack already exist
17:26:57.663 [main] DEBUG com.browserstack.v2.SdkCliUtils - getExistingCliPath: no binary found
17:26:57.663 [main] DEBUG com.browserstack.v2.SdkCliUtils - Current CLI Path Found: 
17:26:58.515 [main] ERROR com.browserstack.v2.SdkCliUtils - Error in setting up cli path directory, Exception: Unexpected token END OF FILE at position 0.
	at browserstack.shaded.org.json.simple.parser.JSONParser.parse(Unknown Source)
	at browserstack.shaded.org.json.simple.parser.JSONParser.parse(Unknown Source)
	at browserstack.shaded.org.json.simple.parser.JSONParser.parse(Unknown Source)
	at com.browserstack.v2.SdkCliUtils.checkAndUpdateCli(Unknown Source)
	at com.browserstack.v2.SdkCliUtils.setupCliPath(Unknown Source)
	at com.browserstack.v2.SdkCLI.<clinit>(Unknown Source)
	at com.browserstack.monitoring.PerformanceTester.measure(Unknown Source)
	at com.browserstack.monitoring.PerformanceTester.end(Unknown Source)
	at com.browserstack.testNgListeners.BrowserstackSuiteListener.a(Unknown Source)
	at com.browserstack.testNgListeners.BrowserstackSuiteListener.onStart(Unknown Source)
	at org.testng.SuiteRunner.invokeListeners(SuiteRunner.java:242)
	at org.testng.SuiteRunner.run(SuiteRunner.java:310)
	at org.testng.SuiteRunnerWorker.runSuite(SuiteRunnerWorker.java:52)
	at org.testng.SuiteRunnerWorker.run(SuiteRunnerWorker.java:95)
	at org.testng.TestNG.runSuitesSequentially(TestNG.java:1274)
	at org.testng.TestNG.runSuitesLocally(TestNG.java:1208)
	at org.testng.TestNG.runSuites(TestNG.java:1112)
	at org.testng.TestNG.run(TestNG.java:1079)
	at org.testng.remote.AbstractRemoteTestNG.run(AbstractRemoteTestNG.java:115)
	at org.testng.remote.RemoteTestNG.initAndRun(RemoteTestNG.java:293)
	at org.testng.remote.RemoteTestNG.main(RemoteTestNG.java:91)

17:26:58.526 [main] DEBUG c.b.monitoring.PerformanceTester - Failed to append key metrics to file C:\Users\sathi\eclipse-workspace\AppiumAutomation\log\key-metrics.json
17:27:46.962 [main] DEBUG c.b.utils.FunnelInstrumentation - Error in getting Product:
java.lang.NullPointerException: Cannot invoke "String.equalsIgnoreCase(String)" because the return value of "com.browserstack.config.BrowserStackConfig.getFramework()" is null
	at com.browserstack.utils.FunnelInstrumentation.a(Unknown Source)
	at java.base/java.util.stream.MatchOps$1MatchSink.accept(MatchOps.java:90)
	at java.base/java.util.Spliterators$ArraySpliterator.tryAdvance(Spliterators.java:1034)
	at java.base/java.util.stream.ReferencePipeline.forEachWithCancel(ReferencePipeline.java:147)
	at java.base/java.util.stream.AbstractPipeline.copyIntoWithCancel(AbstractPipeline.java:588)
	at java.base/java.util.stream.AbstractPipeline.copyInto(AbstractPipeline.java:574)
	at java.base/java.util.stream.AbstractPipeline.wrapAndCopyInto(AbstractPipeline.java:560)
	at java.base/java.util.stream.MatchOps$MatchOp.evaluateSequential(MatchOps.java:230)
	at java.base/java.util.stream.MatchOps$MatchOp.evaluateSequential(MatchOps.java:196)
	at java.base/java.util.stream.AbstractPipeline.evaluate(AbstractPipeline.java:265)
	at java.base/java.util.stream.ReferencePipeline.anyMatch(ReferencePipeline.java:672)
	at com.browserstack.utils.FunnelInstrumentation.getProducts(Unknown Source)
	at com.browserstack.utils.FunnelInstrumentation.createParamsForEvent(Unknown Source)
	at com.browserstack.utils.FunnelInstrumentation.sendSDKEvent(Unknown Source)
	at com.browserstack.testNgListeners.TmpSuiteListener.onFinish(Unknown Source)
	at org.testng.TestRunner.fireEvent(TestRunner.java:900)
	at org.testng.TestRunner.afterRun(TestRunner.java:855)
	at org.testng.TestRunner.run(TestRunner.java:618)
	at org.testng.SuiteRunner.runTest(SuiteRunner.java:421)
	at org.testng.SuiteRunner.runSequentially(SuiteRunner.java:413)
	at org.testng.SuiteRunner.privateRun(SuiteRunner.java:373)
	at org.testng.SuiteRunner.run(SuiteRunner.java:312)
	at org.testng.SuiteRunnerWorker.runSuite(SuiteRunnerWorker.java:52)
	at org.testng.SuiteRunnerWorker.run(SuiteRunnerWorker.java:95)
	at org.testng.TestNG.runSuitesSequentially(TestNG.java:1274)
	at org.testng.TestNG.runSuitesLocally(TestNG.java:1208)
	at org.testng.TestNG.runSuites(TestNG.java:1112)
	at org.testng.TestNG.run(TestNG.java:1079)
	at org.testng.remote.AbstractRemoteTestNG.run(AbstractRemoteTestNG.java:115)
	at org.testng.remote.RemoteTestNG.initAndRun(RemoteTestNG.java:293)
	at org.testng.remote.RemoteTestNG.main(RemoteTestNG.java:91)
17:27:46.981 [main] DEBUG c.b.utils.FrameworkDetectionUtils - Couldn't find dependency class: appium
17:27:47.066 [main] DEBUG com.browserstack.testOps.UsageStats - getFormattedData: Collecting data for TestObservability
17:27:47.143 [main] TRACE c.b.t.TestOrchestrationUtils - getInstrumentationData: invoked
17:27:47.156 [main] DEBUG c.b.utils.FunnelInstrumentation - Sending funnel data for SDKTestSuccessful with data: {"event_type":"SDKTestSuccessful","accessKey":"[REDACTED]","userName":"[REDACTED]","event_properties":{"isPercyAutoEnabled":false,"language":"java","sdkRunId":"3d7e44fe-9a3c-4c6e-89b5-18fe6fafcdf9","buildIdentifier":"unknown","testhub_uuid":"","detectedAppiumVersion":"null","productMap":{"app_automate":false,"accessibility":null,"automate":true,"percy":false,"observability":false,"turboscale":false},"hostname":"Sathish","measures":{"sdk:pre-test":0.035700082778930664},"productUsage":{"testObservability":{"buildHashedId":"","manuallySet":false,"enabled":false}},"browserStackConfig":{"browserstackLocal":null,"percy":false,"logLevel":"info","staticWebDriver":true,"autoDetectFramework":true,"percyCaptureMode":"AUTO","browserStackLocalOptions":null,"percyOptions":null,"testContextOptions":{"skipSessionName":false,"skipSessionStatus":false,"serenityOverridePlugin":false},"platforms":null,"parallelsPerPlatform":null,"framework":null,"accessibility":false,"accessibilityOptions":{},"turboScaleOptions":{},"disableAutoCaptureLogs":true,"testObservability":true,"browserstackAutomation":true,"turboScale":false,"testObservabilityOptions":{},"gradleMConfig":null,"proxySettings":null},"automationFrameworkVersion":null,"percyBuildId":null,"product":"[automate]","buildName":"unknown","os":"Windows 11","languageVersion":"23.0.2","appiumVersion":"null","frameworkDetectionInstrumentation":{},"detectedDependencies":"","referrer":"unknown","locationTrigger":"onFinish","accessibilityConfiguration":{"pollingTimeout":30},"language_framework":"unknown","testOrchestration":{"abortBuildOnFailure":{"enabled":false},"retryTestsOnFailure":{"enabled":false},"userConfig":{}},"detectedSeleniumVersion":"4.1.2","automationFramework":"selenium","seleniumVersion":"null"}}
17:27:47.338 [main] DEBUG c.b.utils.FunnelInstrumentation - API Event SDKTestSuccessful, response: {"message":"Unauthorized"}
17:27:47.392 [main] DEBUG c.b.monitoring.PerformanceTester - Failed to append key metrics to file C:\Users\sathi\eclipse-workspace\AppiumAutomation\log\key-metrics.json
17:49:08.335 [main] WARN  c.b.config.BrowserStackConfig - Test Observability could not be enabled because framework detected is null. We currently support frameworks testng, cucumber-testng & serenity
17:49:09.026 [main] DEBUG com.browserstack.v2.SdkCliUtils - File C:\Users\sathi\.browserstack already exist
17:49:09.029 [main] DEBUG com.browserstack.v2.SdkCliUtils - getExistingCliPath: no binary found
17:49:09.029 [main] DEBUG com.browserstack.v2.SdkCliUtils - Current CLI Path Found: 
17:49:09.658 [main] ERROR com.browserstack.v2.SdkCliUtils - Error in setting up cli path directory, Exception: Unexpected token END OF FILE at position 0.
	at browserstack.shaded.org.json.simple.parser.JSONParser.parse(Unknown Source)
	at browserstack.shaded.org.json.simple.parser.JSONParser.parse(Unknown Source)
	at browserstack.shaded.org.json.simple.parser.JSONParser.parse(Unknown Source)
	at com.browserstack.v2.SdkCliUtils.checkAndUpdateCli(Unknown Source)
	at com.browserstack.v2.SdkCliUtils.setupCliPath(Unknown Source)
	at com.browserstack.v2.SdkCLI.<clinit>(Unknown Source)
	at com.browserstack.monitoring.PerformanceTester.measure(Unknown Source)
	at com.browserstack.monitoring.PerformanceTester.end(Unknown Source)
	at com.browserstack.testNgListeners.BrowserstackSuiteListener.a(Unknown Source)
	at com.browserstack.testNgListeners.BrowserstackSuiteListener.onStart(Unknown Source)
	at org.testng.SuiteRunner.invokeListeners(SuiteRunner.java:242)
	at org.testng.SuiteRunner.run(SuiteRunner.java:310)
	at org.testng.SuiteRunnerWorker.runSuite(SuiteRunnerWorker.java:52)
	at org.testng.SuiteRunnerWorker.run(SuiteRunnerWorker.java:95)
	at org.testng.TestNG.runSuitesSequentially(TestNG.java:1274)
	at org.testng.TestNG.runSuitesLocally(TestNG.java:1208)
	at org.testng.TestNG.runSuites(TestNG.java:1112)
	at org.testng.TestNG.run(TestNG.java:1079)
	at org.testng.remote.AbstractRemoteTestNG.run(AbstractRemoteTestNG.java:115)
	at org.testng.remote.RemoteTestNG.initAndRun(RemoteTestNG.java:293)
	at org.testng.remote.RemoteTestNG.main(RemoteTestNG.java:91)

17:49:09.675 [main] DEBUG c.b.monitoring.PerformanceTester - Failed to append key metrics to file C:\Users\sathi\eclipse-workspace\AppiumAutomation\log\key-metrics.json
17:49:54.889 [main] DEBUG c.b.utils.FunnelInstrumentation - Error in getting Product:
java.lang.NullPointerException: Cannot invoke "String.equalsIgnoreCase(String)" because the return value of "com.browserstack.config.BrowserStackConfig.getFramework()" is null
	at com.browserstack.utils.FunnelInstrumentation.a(Unknown Source)
	at java.base/java.util.stream.MatchOps$1MatchSink.accept(MatchOps.java:90)
	at java.base/java.util.Spliterators$ArraySpliterator.tryAdvance(Spliterators.java:1034)
	at java.base/java.util.stream.ReferencePipeline.forEachWithCancel(ReferencePipeline.java:147)
	at java.base/java.util.stream.AbstractPipeline.copyIntoWithCancel(AbstractPipeline.java:588)
	at java.base/java.util.stream.AbstractPipeline.copyInto(AbstractPipeline.java:574)
	at java.base/java.util.stream.AbstractPipeline.wrapAndCopyInto(AbstractPipeline.java:560)
	at java.base/java.util.stream.MatchOps$MatchOp.evaluateSequential(MatchOps.java:230)
	at java.base/java.util.stream.MatchOps$MatchOp.evaluateSequential(MatchOps.java:196)
	at java.base/java.util.stream.AbstractPipeline.evaluate(AbstractPipeline.java:265)
	at java.base/java.util.stream.ReferencePipeline.anyMatch(ReferencePipeline.java:672)
	at com.browserstack.utils.FunnelInstrumentation.getProducts(Unknown Source)
	at com.browserstack.utils.FunnelInstrumentation.createParamsForEvent(Unknown Source)
	at com.browserstack.utils.FunnelInstrumentation.sendSDKEvent(Unknown Source)
	at com.browserstack.testNgListeners.TmpSuiteListener.onFinish(Unknown Source)
	at org.testng.TestRunner.fireEvent(TestRunner.java:900)
	at org.testng.TestRunner.afterRun(TestRunner.java:855)
	at org.testng.TestRunner.run(TestRunner.java:618)
	at org.testng.SuiteRunner.runTest(SuiteRunner.java:421)
	at org.testng.SuiteRunner.runSequentially(SuiteRunner.java:413)
	at org.testng.SuiteRunner.privateRun(SuiteRunner.java:373)
	at org.testng.SuiteRunner.run(SuiteRunner.java:312)
	at org.testng.SuiteRunnerWorker.runSuite(SuiteRunnerWorker.java:52)
	at org.testng.SuiteRunnerWorker.run(SuiteRunnerWorker.java:95)
	at org.testng.TestNG.runSuitesSequentially(TestNG.java:1274)
	at org.testng.TestNG.runSuitesLocally(TestNG.java:1208)
	at org.testng.TestNG.runSuites(TestNG.java:1112)
	at org.testng.TestNG.run(TestNG.java:1079)
	at org.testng.remote.AbstractRemoteTestNG.run(AbstractRemoteTestNG.java:115)
	at org.testng.remote.RemoteTestNG.initAndRun(RemoteTestNG.java:293)
	at org.testng.remote.RemoteTestNG.main(RemoteTestNG.java:91)
17:49:54.912 [main] DEBUG c.b.utils.FrameworkDetectionUtils - Couldn't find dependency class: appium
17:49:54.982 [main] DEBUG com.browserstack.testOps.UsageStats - getFormattedData: Collecting data for TestObservability
17:49:55.071 [main] TRACE c.b.t.TestOrchestrationUtils - getInstrumentationData: invoked
17:49:55.084 [main] DEBUG c.b.utils.FunnelInstrumentation - Sending funnel data for SDKTestSuccessful with data: {"event_type":"SDKTestSuccessful","accessKey":"[REDACTED]","userName":"[REDACTED]","event_properties":{"isPercyAutoEnabled":false,"language":"java","sdkRunId":"713bac2a-5b2f-4f7d-8697-07d064d76858","buildIdentifier":"unknown","testhub_uuid":"","detectedAppiumVersion":"null","productMap":{"app_automate":false,"accessibility":null,"automate":true,"percy":false,"observability":false,"turboscale":false},"hostname":"Sathish","measures":{"sdk:pre-test":0.025599956512451172},"productUsage":{"testObservability":{"buildHashedId":"","manuallySet":false,"enabled":false}},"browserStackConfig":{"browserstackLocal":null,"percy":false,"logLevel":"info","staticWebDriver":true,"autoDetectFramework":true,"percyCaptureMode":"AUTO","browserStackLocalOptions":null,"percyOptions":null,"testContextOptions":{"serenityOverridePlugin":false,"skipSessionStatus":false,"skipSessionName":false},"platforms":null,"parallelsPerPlatform":null,"framework":null,"accessibility":false,"accessibilityOptions":{},"turboScaleOptions":{},"disableAutoCaptureLogs":true,"testObservability":true,"browserstackAutomation":true,"turboScale":false,"testObservabilityOptions":{},"gradleMConfig":null,"proxySettings":null},"automationFrameworkVersion":null,"percyBuildId":null,"product":"[automate]","buildName":"unknown","os":"Windows 11","languageVersion":"23.0.2","appiumVersion":"null","frameworkDetectionInstrumentation":{},"detectedDependencies":"","referrer":"unknown","locationTrigger":"onFinish","accessibilityConfiguration":{"pollingTimeout":30},"language_framework":"unknown","testOrchestration":{"abortBuildOnFailure":{"enabled":false},"retryTestsOnFailure":{"enabled":false},"userConfig":{}},"detectedSeleniumVersion":"4.1.2","automationFramework":"selenium","seleniumVersion":"null"}}
17:49:55.349 [main] DEBUG c.b.utils.FunnelInstrumentation - API Event SDKTestSuccessful, response: {"message":"Unauthorized"}
17:49:55.406 [main] DEBUG c.b.monitoring.PerformanceTester - Failed to append key metrics to file C:\Users\sathi\eclipse-workspace\AppiumAutomation\log\key-metrics.json
17:59:42.546 [main] WARN  c.b.config.BrowserStackConfig - Test Observability could not be enabled because framework detected is null. We currently support frameworks testng, cucumber-testng & serenity
17:59:43.082 [main] DEBUG com.browserstack.v2.SdkCliUtils - File C:\Users\sathi\.browserstack already exist
17:59:43.084 [main] DEBUG com.browserstack.v2.SdkCliUtils - getExistingCliPath: no binary found
17:59:43.085 [main] DEBUG com.browserstack.v2.SdkCliUtils - Current CLI Path Found: 
17:59:43.939 [main] ERROR com.browserstack.v2.SdkCliUtils - Error in setting up cli path directory, Exception: Unexpected token END OF FILE at position 0.
	at browserstack.shaded.org.json.simple.parser.JSONParser.parse(Unknown Source)
	at browserstack.shaded.org.json.simple.parser.JSONParser.parse(Unknown Source)
	at browserstack.shaded.org.json.simple.parser.JSONParser.parse(Unknown Source)
	at com.browserstack.v2.SdkCliUtils.checkAndUpdateCli(Unknown Source)
	at com.browserstack.v2.SdkCliUtils.setupCliPath(Unknown Source)
	at com.browserstack.v2.SdkCLI.<clinit>(Unknown Source)
	at com.browserstack.monitoring.PerformanceTester.measure(Unknown Source)
	at com.browserstack.monitoring.PerformanceTester.end(Unknown Source)
	at com.browserstack.testNgListeners.BrowserstackSuiteListener.a(Unknown Source)
	at com.browserstack.testNgListeners.BrowserstackSuiteListener.onStart(Unknown Source)
	at org.testng.SuiteRunner.invokeListeners(SuiteRunner.java:242)
	at org.testng.SuiteRunner.run(SuiteRunner.java:310)
	at org.testng.SuiteRunnerWorker.runSuite(SuiteRunnerWorker.java:52)
	at org.testng.SuiteRunnerWorker.run(SuiteRunnerWorker.java:95)
	at org.testng.TestNG.runSuitesSequentially(TestNG.java:1274)
	at org.testng.TestNG.runSuitesLocally(TestNG.java:1208)
	at org.testng.TestNG.runSuites(TestNG.java:1112)
	at org.testng.TestNG.run(TestNG.java:1079)
	at org.testng.remote.AbstractRemoteTestNG.run(AbstractRemoteTestNG.java:115)
	at org.testng.remote.RemoteTestNG.initAndRun(RemoteTestNG.java:293)
	at org.testng.remote.RemoteTestNG.main(RemoteTestNG.java:91)

17:59:43.952 [main] DEBUG c.b.monitoring.PerformanceTester - Failed to append key metrics to file C:\Users\sathi\eclipse-workspace\AppiumAutomation\log\key-metrics.json
18:00:19.946 [main] DEBUG c.b.utils.FunnelInstrumentation - Error in getting Product:
java.lang.NullPointerException: Cannot invoke "String.equalsIgnoreCase(String)" because the return value of "com.browserstack.config.BrowserStackConfig.getFramework()" is null
	at com.browserstack.utils.FunnelInstrumentation.a(Unknown Source)
	at java.base/java.util.stream.MatchOps$1MatchSink.accept(MatchOps.java:90)
	at java.base/java.util.Spliterators$ArraySpliterator.tryAdvance(Spliterators.java:1034)
	at java.base/java.util.stream.ReferencePipeline.forEachWithCancel(ReferencePipeline.java:147)
	at java.base/java.util.stream.AbstractPipeline.copyIntoWithCancel(AbstractPipeline.java:588)
	at java.base/java.util.stream.AbstractPipeline.copyInto(AbstractPipeline.java:574)
	at java.base/java.util.stream.AbstractPipeline.wrapAndCopyInto(AbstractPipeline.java:560)
	at java.base/java.util.stream.MatchOps$MatchOp.evaluateSequential(MatchOps.java:230)
	at java.base/java.util.stream.MatchOps$MatchOp.evaluateSequential(MatchOps.java:196)
	at java.base/java.util.stream.AbstractPipeline.evaluate(AbstractPipeline.java:265)
	at java.base/java.util.stream.ReferencePipeline.anyMatch(ReferencePipeline.java:672)
	at com.browserstack.utils.FunnelInstrumentation.getProducts(Unknown Source)
	at com.browserstack.utils.FunnelInstrumentation.createParamsForEvent(Unknown Source)
	at com.browserstack.utils.FunnelInstrumentation.sendSDKEvent(Unknown Source)
	at com.browserstack.testNgListeners.TmpSuiteListener.onFinish(Unknown Source)
	at org.testng.TestRunner.fireEvent(TestRunner.java:900)
	at org.testng.TestRunner.afterRun(TestRunner.java:855)
	at org.testng.TestRunner.run(TestRunner.java:618)
	at org.testng.SuiteRunner.runTest(SuiteRunner.java:421)
	at org.testng.SuiteRunner.runSequentially(SuiteRunner.java:413)
	at org.testng.SuiteRunner.privateRun(SuiteRunner.java:373)
	at org.testng.SuiteRunner.run(SuiteRunner.java:312)
	at org.testng.SuiteRunnerWorker.runSuite(SuiteRunnerWorker.java:52)
	at org.testng.SuiteRunnerWorker.run(SuiteRunnerWorker.java:95)
	at org.testng.TestNG.runSuitesSequentially(TestNG.java:1274)
	at org.testng.TestNG.runSuitesLocally(TestNG.java:1208)
	at org.testng.TestNG.runSuites(TestNG.java:1112)
	at org.testng.TestNG.run(TestNG.java:1079)
	at org.testng.remote.AbstractRemoteTestNG.run(AbstractRemoteTestNG.java:115)
	at org.testng.remote.RemoteTestNG.initAndRun(RemoteTestNG.java:293)
	at org.testng.remote.RemoteTestNG.main(RemoteTestNG.java:91)
18:00:19.965 [main] DEBUG c.b.utils.FrameworkDetectionUtils - Couldn't find dependency class: appium
18:00:20.035 [main] DEBUG com.browserstack.testOps.UsageStats - getFormattedData: Collecting data for TestObservability
18:00:20.107 [main] TRACE c.b.t.TestOrchestrationUtils - getInstrumentationData: invoked
18:00:20.122 [main] DEBUG c.b.utils.FunnelInstrumentation - Sending funnel data for SDKTestSuccessful with data: {"event_type":"SDKTestSuccessful","accessKey":"[REDACTED]","userName":"[REDACTED]","event_properties":{"isPercyAutoEnabled":false,"language":"java","sdkRunId":"329db6a9-b448-4921-b867-e1437348cf7c","buildIdentifier":"unknown","testhub_uuid":"","detectedAppiumVersion":"null","productMap":{"app_automate":false,"accessibility":null,"automate":true,"percy":false,"observability":false,"turboscale":false},"hostname":"Sathish","measures":{"sdk:pre-test":0.02110004425048828},"productUsage":{"testObservability":{"buildHashedId":"","manuallySet":false,"enabled":false}},"browserStackConfig":{"browserstackLocal":null,"percy":false,"logLevel":"info","staticWebDriver":true,"autoDetectFramework":true,"percyCaptureMode":"AUTO","browserStackLocalOptions":null,"percyOptions":null,"testContextOptions":{"serenityOverridePlugin":false,"skipSessionStatus":false,"skipSessionName":false},"platforms":null,"parallelsPerPlatform":null,"framework":null,"accessibility":false,"accessibilityOptions":{},"turboScaleOptions":{},"disableAutoCaptureLogs":true,"testObservability":true,"browserstackAutomation":true,"turboScale":false,"testObservabilityOptions":{},"gradleMConfig":null,"proxySettings":null},"automationFrameworkVersion":null,"percyBuildId":null,"product":"[automate]","buildName":"unknown","os":"Windows 11","languageVersion":"23.0.2","appiumVersion":"null","frameworkDetectionInstrumentation":{},"detectedDependencies":"","referrer":"unknown","locationTrigger":"onFinish","accessibilityConfiguration":{"pollingTimeout":30},"language_framework":"unknown","testOrchestration":{"abortBuildOnFailure":{"enabled":false},"retryTestsOnFailure":{"enabled":false},"userConfig":{}},"detectedSeleniumVersion":"4.1.2","automationFramework":"selenium","seleniumVersion":"null"}}
18:00:20.367 [main] DEBUG c.b.utils.FunnelInstrumentation - API Event SDKTestSuccessful, response: {"message":"Unauthorized"}
18:00:20.428 [main] DEBUG c.b.monitoring.PerformanceTester - Failed to append key metrics to file C:\Users\sathi\eclipse-workspace\AppiumAutomation\log\key-metrics.json
18:02:02.618 [main] WARN  c.b.config.BrowserStackConfig - Test Observability could not be enabled because framework detected is null. We currently support frameworks testng, cucumber-testng & serenity
18:02:03.141 [main] DEBUG com.browserstack.v2.SdkCliUtils - File C:\Users\sathi\.browserstack already exist
18:02:03.143 [main] DEBUG com.browserstack.v2.SdkCliUtils - getExistingCliPath: no binary found
18:02:03.144 [main] DEBUG com.browserstack.v2.SdkCliUtils - Current CLI Path Found: 
18:02:03.781 [main] ERROR com.browserstack.v2.SdkCliUtils - Error in setting up cli path directory, Exception: Unexpected token END OF FILE at position 0.
	at browserstack.shaded.org.json.simple.parser.JSONParser.parse(Unknown Source)
	at browserstack.shaded.org.json.simple.parser.JSONParser.parse(Unknown Source)
	at browserstack.shaded.org.json.simple.parser.JSONParser.parse(Unknown Source)
	at com.browserstack.v2.SdkCliUtils.checkAndUpdateCli(Unknown Source)
	at com.browserstack.v2.SdkCliUtils.setupCliPath(Unknown Source)
	at com.browserstack.v2.SdkCLI.<clinit>(Unknown Source)
	at com.browserstack.monitoring.PerformanceTester.measure(Unknown Source)
	at com.browserstack.monitoring.PerformanceTester.end(Unknown Source)
	at com.browserstack.testNgListeners.BrowserstackSuiteListener.a(Unknown Source)
	at com.browserstack.testNgListeners.BrowserstackSuiteListener.onStart(Unknown Source)
	at org.testng.SuiteRunner.invokeListeners(SuiteRunner.java:242)
	at org.testng.SuiteRunner.run(SuiteRunner.java:310)
	at org.testng.SuiteRunnerWorker.runSuite(SuiteRunnerWorker.java:52)
	at org.testng.SuiteRunnerWorker.run(SuiteRunnerWorker.java:95)
	at org.testng.TestNG.runSuitesSequentially(TestNG.java:1274)
	at org.testng.TestNG.runSuitesLocally(TestNG.java:1208)
	at org.testng.TestNG.runSuites(TestNG.java:1112)
	at org.testng.TestNG.run(TestNG.java:1079)
	at org.testng.remote.AbstractRemoteTestNG.run(AbstractRemoteTestNG.java:115)
	at org.testng.remote.RemoteTestNG.initAndRun(RemoteTestNG.java:293)
	at org.testng.remote.RemoteTestNG.main(RemoteTestNG.java:91)

18:02:03.789 [main] DEBUG c.b.monitoring.PerformanceTester - Failed to append key metrics to file C:\Users\sathi\eclipse-workspace\AppiumAutomation\log\key-metrics.json
18:02:41.750 [main] DEBUG c.b.utils.FunnelInstrumentation - Error in getting Product:
java.lang.NullPointerException: Cannot invoke "String.equalsIgnoreCase(String)" because the return value of "com.browserstack.config.BrowserStackConfig.getFramework()" is null
	at com.browserstack.utils.FunnelInstrumentation.a(Unknown Source)
	at java.base/java.util.stream.MatchOps$1MatchSink.accept(MatchOps.java:90)
	at java.base/java.util.Spliterators$ArraySpliterator.tryAdvance(Spliterators.java:1034)
	at java.base/java.util.stream.ReferencePipeline.forEachWithCancel(ReferencePipeline.java:147)
	at java.base/java.util.stream.AbstractPipeline.copyIntoWithCancel(AbstractPipeline.java:588)
	at java.base/java.util.stream.AbstractPipeline.copyInto(AbstractPipeline.java:574)
	at java.base/java.util.stream.AbstractPipeline.wrapAndCopyInto(AbstractPipeline.java:560)
	at java.base/java.util.stream.MatchOps$MatchOp.evaluateSequential(MatchOps.java:230)
	at java.base/java.util.stream.MatchOps$MatchOp.evaluateSequential(MatchOps.java:196)
	at java.base/java.util.stream.AbstractPipeline.evaluate(AbstractPipeline.java:265)
	at java.base/java.util.stream.ReferencePipeline.anyMatch(ReferencePipeline.java:672)
	at com.browserstack.utils.FunnelInstrumentation.getProducts(Unknown Source)
	at com.browserstack.utils.FunnelInstrumentation.createParamsForEvent(Unknown Source)
	at com.browserstack.utils.FunnelInstrumentation.sendSDKEvent(Unknown Source)
	at com.browserstack.testNgListeners.TmpSuiteListener.onFinish(Unknown Source)
	at org.testng.TestRunner.fireEvent(TestRunner.java:900)
	at org.testng.TestRunner.afterRun(TestRunner.java:855)
	at org.testng.TestRunner.run(TestRunner.java:618)
	at org.testng.SuiteRunner.runTest(SuiteRunner.java:421)
	at org.testng.SuiteRunner.runSequentially(SuiteRunner.java:413)
	at org.testng.SuiteRunner.privateRun(SuiteRunner.java:373)
	at org.testng.SuiteRunner.run(SuiteRunner.java:312)
	at org.testng.SuiteRunnerWorker.runSuite(SuiteRunnerWorker.java:52)
	at org.testng.SuiteRunnerWorker.run(SuiteRunnerWorker.java:95)
	at org.testng.TestNG.runSuitesSequentially(TestNG.java:1274)
	at org.testng.TestNG.runSuitesLocally(TestNG.java:1208)
	at org.testng.TestNG.runSuites(TestNG.java:1112)
	at org.testng.TestNG.run(TestNG.java:1079)
	at org.testng.remote.AbstractRemoteTestNG.run(AbstractRemoteTestNG.java:115)
	at org.testng.remote.RemoteTestNG.initAndRun(RemoteTestNG.java:293)
	at org.testng.remote.RemoteTestNG.main(RemoteTestNG.java:91)
18:02:41.761 [main] DEBUG c.b.utils.FrameworkDetectionUtils - Couldn't find dependency class: appium
18:02:41.813 [main] DEBUG com.browserstack.testOps.UsageStats - getFormattedData: Collecting data for TestObservability
18:02:41.867 [main] TRACE c.b.t.TestOrchestrationUtils - getInstrumentationData: invoked
18:02:41.879 [main] DEBUG c.b.utils.FunnelInstrumentation - Sending funnel data for SDKTestSuccessful with data: {"event_type":"SDKTestSuccessful","accessKey":"[REDACTED]","userName":"[REDACTED]","event_properties":{"isPercyAutoEnabled":false,"language":"java","sdkRunId":"6d231d55-1602-425d-8c94-9b3e51b1593e","buildIdentifier":"unknown","testhub_uuid":"","detectedAppiumVersion":"null","productMap":{"app_automate":false,"accessibility":null,"automate":true,"percy":false,"observability":false,"turboscale":false},"hostname":"Sathish","measures":{"sdk:pre-test":0.022099971771240234},"productUsage":{"testObservability":{"buildHashedId":"","manuallySet":false,"enabled":false}},"browserStackConfig":{"browserstackLocal":null,"percy":false,"logLevel":"info","staticWebDriver":true,"autoDetectFramework":true,"percyCaptureMode":"AUTO","browserStackLocalOptions":null,"percyOptions":null,"testContextOptions":{"skipSessionStatus":false,"skipSessionName":false,"serenityOverridePlugin":false},"platforms":null,"parallelsPerPlatform":null,"framework":null,"accessibility":false,"accessibilityOptions":{},"turboScaleOptions":{},"disableAutoCaptureLogs":true,"testObservability":true,"browserstackAutomation":true,"turboScale":false,"testObservabilityOptions":{},"gradleMConfig":null,"proxySettings":null},"automationFrameworkVersion":null,"percyBuildId":null,"product":"[automate]","buildName":"unknown","os":"Windows 11","languageVersion":"23.0.2","appiumVersion":"null","frameworkDetectionInstrumentation":{},"detectedDependencies":"","referrer":"unknown","locationTrigger":"onFinish","accessibilityConfiguration":{"pollingTimeout":30},"language_framework":"unknown","testOrchestration":{"abortBuildOnFailure":{"enabled":false},"retryTestsOnFailure":{"enabled":false},"userConfig":{}},"detectedSeleniumVersion":"4.1.2","automationFramework":"selenium","seleniumVersion":"null"}}
18:02:42.123 [main] DEBUG c.b.utils.FunnelInstrumentation - API Event SDKTestSuccessful, response: {"message":"Unauthorized"}
18:02:42.158 [main] DEBUG c.b.monitoring.PerformanceTester - Failed to append key metrics to file C:\Users\sathi\eclipse-workspace\AppiumAutomation\log\key-metrics.json
18:07:05.035 [main] WARN  c.b.config.BrowserStackConfig - Test Observability could not be enabled because framework detected is null. We currently support frameworks testng, cucumber-testng & serenity
18:07:05.548 [main] DEBUG com.browserstack.v2.SdkCliUtils - File C:\Users\sathi\.browserstack already exist
18:07:05.550 [main] DEBUG com.browserstack.v2.SdkCliUtils - getExistingCliPath: no binary found
18:07:05.551 [main] DEBUG com.browserstack.v2.SdkCliUtils - Current CLI Path Found: 
18:07:06.616 [main] ERROR com.browserstack.v2.SdkCliUtils - Error in setting up cli path directory, Exception: Unexpected token END OF FILE at position 0.
	at browserstack.shaded.org.json.simple.parser.JSONParser.parse(Unknown Source)
	at browserstack.shaded.org.json.simple.parser.JSONParser.parse(Unknown Source)
	at browserstack.shaded.org.json.simple.parser.JSONParser.parse(Unknown Source)
	at com.browserstack.v2.SdkCliUtils.checkAndUpdateCli(Unknown Source)
	at com.browserstack.v2.SdkCliUtils.setupCliPath(Unknown Source)
	at com.browserstack.v2.SdkCLI.<clinit>(Unknown Source)
	at com.browserstack.monitoring.PerformanceTester.measure(Unknown Source)
	at com.browserstack.monitoring.PerformanceTester.end(Unknown Source)
	at com.browserstack.testNgListeners.BrowserstackSuiteListener.a(Unknown Source)
	at com.browserstack.testNgListeners.BrowserstackSuiteListener.onStart(Unknown Source)
	at org.testng.SuiteRunner.invokeListeners(SuiteRunner.java:242)
	at org.testng.SuiteRunner.run(SuiteRunner.java:310)
	at org.testng.SuiteRunnerWorker.runSuite(SuiteRunnerWorker.java:52)
	at org.testng.SuiteRunnerWorker.run(SuiteRunnerWorker.java:95)
	at org.testng.TestNG.runSuitesSequentially(TestNG.java:1274)
	at org.testng.TestNG.runSuitesLocally(TestNG.java:1208)
	at org.testng.TestNG.runSuites(TestNG.java:1112)
	at org.testng.TestNG.run(TestNG.java:1079)
	at org.testng.remote.AbstractRemoteTestNG.run(AbstractRemoteTestNG.java:115)
	at org.testng.remote.RemoteTestNG.initAndRun(RemoteTestNG.java:293)
	at org.testng.remote.RemoteTestNG.main(RemoteTestNG.java:91)

18:07:06.625 [main] DEBUG c.b.monitoring.PerformanceTester - Failed to append key metrics to file C:\Users\sathi\eclipse-workspace\AppiumAutomation\log\key-metrics.json
18:07:43.992 [main] DEBUG c.b.utils.FunnelInstrumentation - Error in getting Product:
java.lang.NullPointerException: Cannot invoke "String.equalsIgnoreCase(String)" because the return value of "com.browserstack.config.BrowserStackConfig.getFramework()" is null
	at com.browserstack.utils.FunnelInstrumentation.a(Unknown Source)
	at java.base/java.util.stream.MatchOps$1MatchSink.accept(MatchOps.java:90)
	at java.base/java.util.Spliterators$ArraySpliterator.tryAdvance(Spliterators.java:1034)
	at java.base/java.util.stream.ReferencePipeline.forEachWithCancel(ReferencePipeline.java:147)
	at java.base/java.util.stream.AbstractPipeline.copyIntoWithCancel(AbstractPipeline.java:588)
	at java.base/java.util.stream.AbstractPipeline.copyInto(AbstractPipeline.java:574)
	at java.base/java.util.stream.AbstractPipeline.wrapAndCopyInto(AbstractPipeline.java:560)
	at java.base/java.util.stream.MatchOps$MatchOp.evaluateSequential(MatchOps.java:230)
	at java.base/java.util.stream.MatchOps$MatchOp.evaluateSequential(MatchOps.java:196)
	at java.base/java.util.stream.AbstractPipeline.evaluate(AbstractPipeline.java:265)
	at java.base/java.util.stream.ReferencePipeline.anyMatch(ReferencePipeline.java:672)
	at com.browserstack.utils.FunnelInstrumentation.getProducts(Unknown Source)
	at com.browserstack.utils.FunnelInstrumentation.createParamsForEvent(Unknown Source)
	at com.browserstack.utils.FunnelInstrumentation.sendSDKEvent(Unknown Source)
	at com.browserstack.testNgListeners.TmpSuiteListener.onFinish(Unknown Source)
	at org.testng.TestRunner.fireEvent(TestRunner.java:900)
	at org.testng.TestRunner.afterRun(TestRunner.java:855)
	at org.testng.TestRunner.run(TestRunner.java:618)
	at org.testng.SuiteRunner.runTest(SuiteRunner.java:421)
	at org.testng.SuiteRunner.runSequentially(SuiteRunner.java:413)
	at org.testng.SuiteRunner.privateRun(SuiteRunner.java:373)
	at org.testng.SuiteRunner.run(SuiteRunner.java:312)
	at org.testng.SuiteRunnerWorker.runSuite(SuiteRunnerWorker.java:52)
	at org.testng.SuiteRunnerWorker.run(SuiteRunnerWorker.java:95)
	at org.testng.TestNG.runSuitesSequentially(TestNG.java:1274)
	at org.testng.TestNG.runSuitesLocally(TestNG.java:1208)
	at org.testng.TestNG.runSuites(TestNG.java:1112)
	at org.testng.TestNG.run(TestNG.java:1079)
	at org.testng.remote.AbstractRemoteTestNG.run(AbstractRemoteTestNG.java:115)
	at org.testng.remote.RemoteTestNG.initAndRun(RemoteTestNG.java:293)
	at org.testng.remote.RemoteTestNG.main(RemoteTestNG.java:91)
18:07:44.004 [main] DEBUG c.b.utils.FrameworkDetectionUtils - Couldn't find dependency class: appium
18:07:44.071 [main] DEBUG com.browserstack.testOps.UsageStats - getFormattedData: Collecting data for TestObservability
18:07:44.141 [main] TRACE c.b.t.TestOrchestrationUtils - getInstrumentationData: invoked
18:07:44.155 [main] DEBUG c.b.utils.FunnelInstrumentation - Sending funnel data for SDKTestSuccessful with data: {"event_type":"SDKTestSuccessful","accessKey":"[REDACTED]","userName":"[REDACTED]","event_properties":{"isPercyAutoEnabled":false,"language":"java","sdkRunId":"ab0f4f70-68c9-4500-b07e-1befc7206e09","buildIdentifier":"unknown","testhub_uuid":"","detectedAppiumVersion":"null","productMap":{"app_automate":false,"accessibility":null,"automate":true,"percy":false,"observability":false,"turboscale":false},"hostname":"Sathish","measures":{"sdk:pre-test":0.02929997444152832},"productUsage":{"testObservability":{"buildHashedId":"","manuallySet":false,"enabled":false}},"browserStackConfig":{"browserstackLocal":null,"percy":false,"logLevel":"info","staticWebDriver":true,"autoDetectFramework":true,"percyCaptureMode":"AUTO","browserStackLocalOptions":null,"percyOptions":null,"testContextOptions":{"skipSessionName":false,"serenityOverridePlugin":false,"skipSessionStatus":false},"platforms":null,"parallelsPerPlatform":null,"framework":null,"accessibility":false,"accessibilityOptions":{},"turboScaleOptions":{},"disableAutoCaptureLogs":true,"testObservability":true,"browserstackAutomation":true,"turboScale":false,"testObservabilityOptions":{},"gradleMConfig":null,"proxySettings":null},"automationFrameworkVersion":null,"percyBuildId":null,"product":"[automate]","buildName":"unknown","os":"Windows 11","languageVersion":"23.0.2","appiumVersion":"null","frameworkDetectionInstrumentation":{},"detectedDependencies":"","referrer":"unknown","locationTrigger":"onFinish","accessibilityConfiguration":{"pollingTimeout":30},"language_framework":"unknown","testOrchestration":{"abortBuildOnFailure":{"enabled":false},"retryTestsOnFailure":{"enabled":false},"userConfig":{}},"detectedSeleniumVersion":"4.1.2","automationFramework":"selenium","seleniumVersion":"null"}}
18:07:44.646 [main] DEBUG c.b.utils.FunnelInstrumentation - API Event SDKTestSuccessful, response: {"message":"Unauthorized"}
18:07:44.684 [main] DEBUG c.b.monitoring.PerformanceTester - Failed to append key metrics to file C:\Users\sathi\eclipse-workspace\AppiumAutomation\log\key-metrics.json
18:12:28.129 [main] WARN  c.b.config.BrowserStackConfig - Test Observability could not be enabled because framework detected is null. We currently support frameworks testng, cucumber-testng & serenity
18:12:28.824 [main] DEBUG com.browserstack.v2.SdkCliUtils - File C:\Users\sathi\.browserstack already exist
18:12:28.827 [main] DEBUG com.browserstack.v2.SdkCliUtils - getExistingCliPath: no binary found
18:12:28.827 [main] DEBUG com.browserstack.v2.SdkCliUtils - Current CLI Path Found: 
18:12:29.630 [main] ERROR com.browserstack.v2.SdkCliUtils - Error in setting up cli path directory, Exception: Unexpected token END OF FILE at position 0.
	at browserstack.shaded.org.json.simple.parser.JSONParser.parse(Unknown Source)
	at browserstack.shaded.org.json.simple.parser.JSONParser.parse(Unknown Source)
	at browserstack.shaded.org.json.simple.parser.JSONParser.parse(Unknown Source)
	at com.browserstack.v2.SdkCliUtils.checkAndUpdateCli(Unknown Source)
	at com.browserstack.v2.SdkCliUtils.setupCliPath(Unknown Source)
	at com.browserstack.v2.SdkCLI.<clinit>(Unknown Source)
	at com.browserstack.monitoring.PerformanceTester.measure(Unknown Source)
	at com.browserstack.monitoring.PerformanceTester.end(Unknown Source)
	at com.browserstack.testNgListeners.BrowserstackSuiteListener.a(Unknown Source)
	at com.browserstack.testNgListeners.BrowserstackSuiteListener.onStart(Unknown Source)
	at org.testng.SuiteRunner.invokeListeners(SuiteRunner.java:242)
	at org.testng.SuiteRunner.run(SuiteRunner.java:310)
	at org.testng.SuiteRunnerWorker.runSuite(SuiteRunnerWorker.java:52)
	at org.testng.SuiteRunnerWorker.run(SuiteRunnerWorker.java:95)
	at org.testng.TestNG.runSuitesSequentially(TestNG.java:1274)
	at org.testng.TestNG.runSuitesLocally(TestNG.java:1208)
	at org.testng.TestNG.runSuites(TestNG.java:1112)
	at org.testng.TestNG.run(TestNG.java:1079)
	at org.testng.remote.AbstractRemoteTestNG.run(AbstractRemoteTestNG.java:115)
	at org.testng.remote.RemoteTestNG.initAndRun(RemoteTestNG.java:293)
	at org.testng.remote.RemoteTestNG.main(RemoteTestNG.java:91)

18:12:29.649 [main] DEBUG c.b.monitoring.PerformanceTester - Failed to append key metrics to file C:\Users\sathi\eclipse-workspace\AppiumAutomation\log\key-metrics.json
18:13:08.822 [main] DEBUG c.b.utils.FunnelInstrumentation - Error in getting Product:
java.lang.NullPointerException: Cannot invoke "String.equalsIgnoreCase(String)" because the return value of "com.browserstack.config.BrowserStackConfig.getFramework()" is null
	at com.browserstack.utils.FunnelInstrumentation.a(Unknown Source)
	at java.base/java.util.stream.MatchOps$1MatchSink.accept(MatchOps.java:90)
	at java.base/java.util.Spliterators$ArraySpliterator.tryAdvance(Spliterators.java:1034)
	at java.base/java.util.stream.ReferencePipeline.forEachWithCancel(ReferencePipeline.java:147)
	at java.base/java.util.stream.AbstractPipeline.copyIntoWithCancel(AbstractPipeline.java:588)
	at java.base/java.util.stream.AbstractPipeline.copyInto(AbstractPipeline.java:574)
	at java.base/java.util.stream.AbstractPipeline.wrapAndCopyInto(AbstractPipeline.java:560)
	at java.base/java.util.stream.MatchOps$MatchOp.evaluateSequential(MatchOps.java:230)
	at java.base/java.util.stream.MatchOps$MatchOp.evaluateSequential(MatchOps.java:196)
	at java.base/java.util.stream.AbstractPipeline.evaluate(AbstractPipeline.java:265)
	at java.base/java.util.stream.ReferencePipeline.anyMatch(ReferencePipeline.java:672)
	at com.browserstack.utils.FunnelInstrumentation.getProducts(Unknown Source)
	at com.browserstack.utils.FunnelInstrumentation.createParamsForEvent(Unknown Source)
	at com.browserstack.utils.FunnelInstrumentation.sendSDKEvent(Unknown Source)
	at com.browserstack.testNgListeners.TmpSuiteListener.onFinish(Unknown Source)
	at org.testng.TestRunner.fireEvent(TestRunner.java:900)
	at org.testng.TestRunner.afterRun(TestRunner.java:855)
	at org.testng.TestRunner.run(TestRunner.java:618)
	at org.testng.SuiteRunner.runTest(SuiteRunner.java:421)
	at org.testng.SuiteRunner.runSequentially(SuiteRunner.java:413)
	at org.testng.SuiteRunner.privateRun(SuiteRunner.java:373)
	at org.testng.SuiteRunner.run(SuiteRunner.java:312)
	at org.testng.SuiteRunnerWorker.runSuite(SuiteRunnerWorker.java:52)
	at org.testng.SuiteRunnerWorker.run(SuiteRunnerWorker.java:95)
	at org.testng.TestNG.runSuitesSequentially(TestNG.java:1274)
	at org.testng.TestNG.runSuitesLocally(TestNG.java:1208)
	at org.testng.TestNG.runSuites(TestNG.java:1112)
	at org.testng.TestNG.run(TestNG.java:1079)
	at org.testng.remote.AbstractRemoteTestNG.run(AbstractRemoteTestNG.java:115)
	at org.testng.remote.RemoteTestNG.initAndRun(RemoteTestNG.java:293)
	at org.testng.remote.RemoteTestNG.main(RemoteTestNG.java:91)
18:13:08.845 [main] DEBUG c.b.utils.FrameworkDetectionUtils - Couldn't find dependency class: appium
18:13:08.916 [main] DEBUG com.browserstack.testOps.UsageStats - getFormattedData: Collecting data for TestObservability
18:13:09.000 [main] TRACE c.b.t.TestOrchestrationUtils - getInstrumentationData: invoked
18:13:09.016 [main] DEBUG c.b.utils.FunnelInstrumentation - Sending funnel data for SDKTestSuccessful with data: {"event_type":"SDKTestSuccessful","accessKey":"[REDACTED]","userName":"[REDACTED]","event_properties":{"isPercyAutoEnabled":false,"language":"java","sdkRunId":"afd55d7b-270f-41a4-b9e9-30e402b0ffbc","buildIdentifier":"unknown","testhub_uuid":"","detectedAppiumVersion":"null","productMap":{"app_automate":false,"accessibility":null,"automate":true,"percy":false,"observability":false,"turboscale":false},"hostname":"Sathish","measures":{"sdk:pre-test":0.025600194931030273},"productUsage":{"testObservability":{"buildHashedId":"","manuallySet":false,"enabled":false}},"browserStackConfig":{"browserstackLocal":null,"percy":false,"logLevel":"info","staticWebDriver":true,"autoDetectFramework":true,"percyCaptureMode":"AUTO","browserStackLocalOptions":null,"percyOptions":null,"testContextOptions":{"skipSessionStatus":false,"skipSessionName":false,"serenityOverridePlugin":false},"platforms":null,"parallelsPerPlatform":null,"framework":null,"accessibility":false,"accessibilityOptions":{},"turboScaleOptions":{},"disableAutoCaptureLogs":true,"testObservability":true,"browserstackAutomation":true,"turboScale":false,"testObservabilityOptions":{},"gradleMConfig":null,"proxySettings":null},"automationFrameworkVersion":null,"percyBuildId":null,"product":"[automate]","buildName":"unknown","os":"Windows 11","languageVersion":"23.0.2","appiumVersion":"null","frameworkDetectionInstrumentation":{},"detectedDependencies":"","referrer":"unknown","locationTrigger":"onFinish","accessibilityConfiguration":{"pollingTimeout":30},"language_framework":"unknown","testOrchestration":{"abortBuildOnFailure":{"enabled":false},"retryTestsOnFailure":{"enabled":false},"userConfig":{}},"detectedSeleniumVersion":"4.1.2","automationFramework":"selenium","seleniumVersion":"null"}}
18:13:09.812 [main] DEBUG c.b.utils.FunnelInstrumentation - API Event SDKTestSuccessful, response: {"message":"Unauthorized"}
18:13:09.872 [main] DEBUG c.b.monitoring.PerformanceTester - Failed to append key metrics to file C:\Users\sathi\eclipse-workspace\AppiumAutomation\log\key-metrics.json
22:39:57.951 [main] WARN  c.b.config.BrowserStackConfig - Test Observability could not be enabled because framework detected is null. We currently support frameworks testng, cucumber-testng & serenity
22:39:58.618 [main] DEBUG com.browserstack.v2.SdkCliUtils - File C:\Users\sathi\.browserstack already exist
22:39:58.622 [main] DEBUG com.browserstack.v2.SdkCliUtils - getExistingCliPath: no binary found
22:39:58.622 [main] DEBUG com.browserstack.v2.SdkCliUtils - Current CLI Path Found: 
22:39:59.532 [main] ERROR com.browserstack.v2.SdkCliUtils - Error in setting up cli path directory, Exception: Unexpected token END OF FILE at position 0.
	at browserstack.shaded.org.json.simple.parser.JSONParser.parse(Unknown Source)
	at browserstack.shaded.org.json.simple.parser.JSONParser.parse(Unknown Source)
	at browserstack.shaded.org.json.simple.parser.JSONParser.parse(Unknown Source)
	at com.browserstack.v2.SdkCliUtils.checkAndUpdateCli(Unknown Source)
	at com.browserstack.v2.SdkCliUtils.setupCliPath(Unknown Source)
	at com.browserstack.v2.SdkCLI.<clinit>(Unknown Source)
	at com.browserstack.monitoring.PerformanceTester.measure(Unknown Source)
	at com.browserstack.monitoring.PerformanceTester.end(Unknown Source)
	at com.browserstack.testNgListeners.BrowserstackSuiteListener.a(Unknown Source)
	at com.browserstack.testNgListeners.BrowserstackSuiteListener.onStart(Unknown Source)
	at org.testng.SuiteRunner.invokeListeners(SuiteRunner.java:242)
	at org.testng.SuiteRunner.run(SuiteRunner.java:310)
	at org.testng.SuiteRunnerWorker.runSuite(SuiteRunnerWorker.java:52)
	at org.testng.SuiteRunnerWorker.run(SuiteRunnerWorker.java:95)
	at org.testng.TestNG.runSuitesSequentially(TestNG.java:1274)
	at org.testng.TestNG.runSuitesLocally(TestNG.java:1208)
	at org.testng.TestNG.runSuites(TestNG.java:1112)
	at org.testng.TestNG.run(TestNG.java:1079)
	at org.testng.remote.AbstractRemoteTestNG.run(AbstractRemoteTestNG.java:115)
	at org.testng.remote.RemoteTestNG.initAndRun(RemoteTestNG.java:293)
	at org.testng.remote.RemoteTestNG.main(RemoteTestNG.java:91)

22:39:59.541 [main] DEBUG c.b.monitoring.PerformanceTester - Failed to append key metrics to file C:\Users\sathi\eclipse-workspace\AppiumAutomation\log\key-metrics.json
22:40:02.904 [main] DEBUG c.b.utils.FunnelInstrumentation - Error in getting Product:
java.lang.NullPointerException: Cannot invoke "String.equalsIgnoreCase(String)" because the return value of "com.browserstack.config.BrowserStackConfig.getFramework()" is null
	at com.browserstack.utils.FunnelInstrumentation.a(Unknown Source)
	at java.base/java.util.stream.MatchOps$1MatchSink.accept(MatchOps.java:90)
	at java.base/java.util.Spliterators$ArraySpliterator.tryAdvance(Spliterators.java:1034)
	at java.base/java.util.stream.ReferencePipeline.forEachWithCancel(ReferencePipeline.java:147)
	at java.base/java.util.stream.AbstractPipeline.copyIntoWithCancel(AbstractPipeline.java:588)
	at java.base/java.util.stream.AbstractPipeline.copyInto(AbstractPipeline.java:574)
	at java.base/java.util.stream.AbstractPipeline.wrapAndCopyInto(AbstractPipeline.java:560)
	at java.base/java.util.stream.MatchOps$MatchOp.evaluateSequential(MatchOps.java:230)
	at java.base/java.util.stream.MatchOps$MatchOp.evaluateSequential(MatchOps.java:196)
	at java.base/java.util.stream.AbstractPipeline.evaluate(AbstractPipeline.java:265)
	at java.base/java.util.stream.ReferencePipeline.anyMatch(ReferencePipeline.java:672)
	at com.browserstack.utils.FunnelInstrumentation.getProducts(Unknown Source)
	at com.browserstack.utils.FunnelInstrumentation.createParamsForEvent(Unknown Source)
	at com.browserstack.utils.FunnelInstrumentation.sendSDKEvent(Unknown Source)
	at com.browserstack.testNgListeners.TmpSuiteListener.onFinish(Unknown Source)
	at org.testng.TestRunner.fireEvent(TestRunner.java:900)
	at org.testng.TestRunner.afterRun(TestRunner.java:855)
	at org.testng.TestRunner.run(TestRunner.java:618)
	at org.testng.SuiteRunner.runTest(SuiteRunner.java:421)
	at org.testng.SuiteRunner.runSequentially(SuiteRunner.java:413)
	at org.testng.SuiteRunner.privateRun(SuiteRunner.java:373)
	at org.testng.SuiteRunner.run(SuiteRunner.java:312)
	at org.testng.SuiteRunnerWorker.runSuite(SuiteRunnerWorker.java:52)
	at org.testng.SuiteRunnerWorker.run(SuiteRunnerWorker.java:95)
	at org.testng.TestNG.runSuitesSequentially(TestNG.java:1274)
	at org.testng.TestNG.runSuitesLocally(TestNG.java:1208)
	at org.testng.TestNG.runSuites(TestNG.java:1112)
	at org.testng.TestNG.run(TestNG.java:1079)
	at org.testng.remote.AbstractRemoteTestNG.run(AbstractRemoteTestNG.java:115)
	at org.testng.remote.RemoteTestNG.initAndRun(RemoteTestNG.java:293)
	at org.testng.remote.RemoteTestNG.main(RemoteTestNG.java:91)
22:40:02.927 [main] DEBUG c.b.utils.FrameworkDetectionUtils - Couldn't find dependency class: appium
22:40:03.002 [main] DEBUG com.browserstack.testOps.UsageStats - getFormattedData: Collecting data for TestObservability
22:40:03.076 [main] TRACE c.b.t.TestOrchestrationUtils - getInstrumentationData: invoked
22:40:03.094 [main] DEBUG c.b.utils.FunnelInstrumentation - Sending funnel data for SDKTestSuccessful with data: {"event_type":"SDKTestSuccessful","accessKey":"[REDACTED]","userName":"[REDACTED]","event_properties":{"isPercyAutoEnabled":false,"language":"java","sdkRunId":"85c4c8d1-d1a3-454f-8aca-56eda2fed8b0","buildIdentifier":"unknown","testhub_uuid":"","detectedAppiumVersion":"null","productMap":{"app_automate":false,"accessibility":null,"automate":true,"percy":false,"observability":false,"turboscale":false},"hostname":"Sathish","measures":{"sdk:pre-test":0.030300140380859375},"productUsage":{"testObservability":{"buildHashedId":"","manuallySet":false,"enabled":false}},"browserStackConfig":{"browserstackLocal":null,"percy":false,"logLevel":"info","staticWebDriver":true,"autoDetectFramework":true,"percyCaptureMode":"AUTO","browserStackLocalOptions":null,"percyOptions":null,"testContextOptions":{"skipSessionStatus":false,"serenityOverridePlugin":false,"skipSessionName":false},"platforms":null,"parallelsPerPlatform":null,"framework":null,"accessibility":false,"accessibilityOptions":{},"turboScaleOptions":{},"disableAutoCaptureLogs":true,"testObservability":true,"browserstackAutomation":true,"turboScale":false,"testObservabilityOptions":{},"gradleMConfig":null,"proxySettings":null},"automationFrameworkVersion":null,"percyBuildId":null,"product":"[automate]","buildName":"unknown","os":"Windows 11","languageVersion":"23.0.2","appiumVersion":"null","frameworkDetectionInstrumentation":{},"detectedDependencies":"","referrer":"unknown","locationTrigger":"onFinish","accessibilityConfiguration":{"pollingTimeout":30},"language_framework":"unknown","testOrchestration":{"abortBuildOnFailure":{"enabled":false},"retryTestsOnFailure":{"enabled":false},"userConfig":{}},"detectedSeleniumVersion":"4.1.2","automationFramework":"selenium","seleniumVersion":"null"}}
22:40:03.358 [main] DEBUG c.b.utils.FunnelInstrumentation - API Event SDKTestSuccessful, response: {"message":"Unauthorized"}
22:40:03.478 [main] DEBUG c.b.monitoring.PerformanceTester - Failed to append key metrics to file C:\Users\sathi\eclipse-workspace\AppiumAutomation\log\key-metrics.json
22:42:55.683 [main] WARN  c.b.config.BrowserStackConfig - Test Observability could not be enabled because framework detected is null. We currently support frameworks testng, cucumber-testng & serenity
22:42:56.330 [main] DEBUG com.browserstack.v2.SdkCliUtils - File C:\Users\sathi\.browserstack already exist
22:42:56.332 [main] DEBUG com.browserstack.v2.SdkCliUtils - getExistingCliPath: no binary found
22:42:56.332 [main] DEBUG com.browserstack.v2.SdkCliUtils - Current CLI Path Found: 
22:42:57.269 [main] ERROR com.browserstack.v2.SdkCliUtils - Error in setting up cli path directory, Exception: Unexpected token END OF FILE at position 0.
	at browserstack.shaded.org.json.simple.parser.JSONParser.parse(Unknown Source)
	at browserstack.shaded.org.json.simple.parser.JSONParser.parse(Unknown Source)
	at browserstack.shaded.org.json.simple.parser.JSONParser.parse(Unknown Source)
	at com.browserstack.v2.SdkCliUtils.checkAndUpdateCli(Unknown Source)
	at com.browserstack.v2.SdkCliUtils.setupCliPath(Unknown Source)
	at com.browserstack.v2.SdkCLI.<clinit>(Unknown Source)
	at com.browserstack.monitoring.PerformanceTester.measure(Unknown Source)
	at com.browserstack.monitoring.PerformanceTester.end(Unknown Source)
	at com.browserstack.testNgListeners.BrowserstackSuiteListener.a(Unknown Source)
	at com.browserstack.testNgListeners.BrowserstackSuiteListener.onStart(Unknown Source)
	at org.testng.SuiteRunner.invokeListeners(SuiteRunner.java:242)
	at org.testng.SuiteRunner.run(SuiteRunner.java:310)
	at org.testng.SuiteRunnerWorker.runSuite(SuiteRunnerWorker.java:52)
	at org.testng.SuiteRunnerWorker.run(SuiteRunnerWorker.java:95)
	at org.testng.TestNG.runSuitesSequentially(TestNG.java:1274)
	at org.testng.TestNG.runSuitesLocally(TestNG.java:1208)
	at org.testng.TestNG.runSuites(TestNG.java:1112)
	at org.testng.TestNG.run(TestNG.java:1079)
	at org.testng.remote.AbstractRemoteTestNG.run(AbstractRemoteTestNG.java:115)
	at org.testng.remote.RemoteTestNG.initAndRun(RemoteTestNG.java:293)
	at org.testng.remote.RemoteTestNG.main(RemoteTestNG.java:91)

22:42:57.289 [main] DEBUG c.b.monitoring.PerformanceTester - Failed to append key metrics to file C:\Users\sathi\eclipse-workspace\AppiumAutomation\log\key-metrics.json
22:43:25.458 [main] DEBUG c.b.utils.FunnelInstrumentation - Error in getting Product:
java.lang.NullPointerException: Cannot invoke "String.equalsIgnoreCase(String)" because the return value of "com.browserstack.config.BrowserStackConfig.getFramework()" is null
	at com.browserstack.utils.FunnelInstrumentation.a(Unknown Source)
	at java.base/java.util.stream.MatchOps$1MatchSink.accept(MatchOps.java:90)
	at java.base/java.util.Spliterators$ArraySpliterator.tryAdvance(Spliterators.java:1034)
	at java.base/java.util.stream.ReferencePipeline.forEachWithCancel(ReferencePipeline.java:147)
	at java.base/java.util.stream.AbstractPipeline.copyIntoWithCancel(AbstractPipeline.java:588)
	at java.base/java.util.stream.AbstractPipeline.copyInto(AbstractPipeline.java:574)
	at java.base/java.util.stream.AbstractPipeline.wrapAndCopyInto(AbstractPipeline.java:560)
	at java.base/java.util.stream.MatchOps$MatchOp.evaluateSequential(MatchOps.java:230)
	at java.base/java.util.stream.MatchOps$MatchOp.evaluateSequential(MatchOps.java:196)
	at java.base/java.util.stream.AbstractPipeline.evaluate(AbstractPipeline.java:265)
	at java.base/java.util.stream.ReferencePipeline.anyMatch(ReferencePipeline.java:672)
	at com.browserstack.utils.FunnelInstrumentation.getProducts(Unknown Source)
	at com.browserstack.utils.FunnelInstrumentation.createParamsForEvent(Unknown Source)
	at com.browserstack.utils.FunnelInstrumentation.sendSDKEvent(Unknown Source)
	at com.browserstack.testNgListeners.TmpSuiteListener.onFinish(Unknown Source)
	at org.testng.TestRunner.fireEvent(TestRunner.java:900)
	at org.testng.TestRunner.afterRun(TestRunner.java:855)
	at org.testng.TestRunner.run(TestRunner.java:618)
	at org.testng.SuiteRunner.runTest(SuiteRunner.java:421)
	at org.testng.SuiteRunner.runSequentially(SuiteRunner.java:413)
	at org.testng.SuiteRunner.privateRun(SuiteRunner.java:373)
	at org.testng.SuiteRunner.run(SuiteRunner.java:312)
	at org.testng.SuiteRunnerWorker.runSuite(SuiteRunnerWorker.java:52)
	at org.testng.SuiteRunnerWorker.run(SuiteRunnerWorker.java:95)
	at org.testng.TestNG.runSuitesSequentially(TestNG.java:1274)
	at org.testng.TestNG.runSuitesLocally(TestNG.java:1208)
	at org.testng.TestNG.runSuites(TestNG.java:1112)
	at org.testng.TestNG.run(TestNG.java:1079)
	at org.testng.remote.AbstractRemoteTestNG.run(AbstractRemoteTestNG.java:115)
	at org.testng.remote.RemoteTestNG.initAndRun(RemoteTestNG.java:293)
	at org.testng.remote.RemoteTestNG.main(RemoteTestNG.java:91)
22:43:25.472 [main] DEBUG c.b.utils.FrameworkDetectionUtils - Couldn't find dependency class: appium
22:43:25.540 [main] DEBUG com.browserstack.testOps.UsageStats - getFormattedData: Collecting data for TestObservability
22:43:25.603 [main] TRACE c.b.t.TestOrchestrationUtils - getInstrumentationData: invoked
22:43:25.620 [main] DEBUG c.b.utils.FunnelInstrumentation - Sending funnel data for SDKTestSuccessful with data: {"event_type":"SDKTestSuccessful","accessKey":"[REDACTED]","userName":"[REDACTED]","event_properties":{"isPercyAutoEnabled":false,"language":"java","sdkRunId":"d0f4d71a-70bb-4f80-a0bd-ade7e80701fc","buildIdentifier":"unknown","testhub_uuid":"","detectedAppiumVersion":"null","productMap":{"app_automate":false,"accessibility":null,"automate":true,"percy":false,"observability":false,"turboscale":false},"hostname":"Sathish","measures":{"sdk:pre-test":0.02349996566772461},"productUsage":{"testObservability":{"buildHashedId":"","manuallySet":false,"enabled":false}},"browserStackConfig":{"browserstackLocal":null,"percy":false,"logLevel":"info","staticWebDriver":true,"autoDetectFramework":true,"percyCaptureMode":"AUTO","browserStackLocalOptions":null,"percyOptions":null,"testContextOptions":{"skipSessionStatus":false,"serenityOverridePlugin":false,"skipSessionName":false},"platforms":null,"parallelsPerPlatform":null,"framework":null,"accessibility":false,"accessibilityOptions":{},"turboScaleOptions":{},"disableAutoCaptureLogs":true,"testObservability":true,"browserstackAutomation":true,"turboScale":false,"testObservabilityOptions":{},"gradleMConfig":null,"proxySettings":null},"automationFrameworkVersion":null,"percyBuildId":null,"product":"[automate]","buildName":"unknown","os":"Windows 11","languageVersion":"23.0.2","appiumVersion":"null","frameworkDetectionInstrumentation":{},"detectedDependencies":"","referrer":"unknown","locationTrigger":"onFinish","accessibilityConfiguration":{"pollingTimeout":30},"language_framework":"unknown","testOrchestration":{"abortBuildOnFailure":{"enabled":false},"retryTestsOnFailure":{"enabled":false},"userConfig":{}},"detectedSeleniumVersion":"4.1.2","automationFramework":"selenium","seleniumVersion":"null"}}
22:43:25.786 [main] DEBUG c.b.utils.FunnelInstrumentation - API Event SDKTestSuccessful, response: {"message":"Unauthorized"}
22:43:25.884 [main] DEBUG c.b.monitoring.PerformanceTester - Failed to append key metrics to file C:\Users\sathi\eclipse-workspace\AppiumAutomation\log\key-metrics.json
12:51:02.554 [main] WARN  c.b.config.BrowserStackConfig - Test Observability could not be enabled because framework detected is null. We currently support frameworks testng, cucumber-testng & serenity
12:51:03.121 [main] DEBUG com.browserstack.v2.SdkCliUtils - File C:\Users\sathi\.browserstack already exist
12:51:03.123 [main] DEBUG com.browserstack.v2.SdkCliUtils - getExistingCliPath: no binary found
12:51:03.124 [main] DEBUG com.browserstack.v2.SdkCliUtils - Current CLI Path Found: 
12:51:03.589 [main] ERROR com.browserstack.v2.SdkCliUtils - Error in setting up cli path directory, Exception: Unexpected token END OF FILE at position 0.
	at browserstack.shaded.org.json.simple.parser.JSONParser.parse(Unknown Source)
	at browserstack.shaded.org.json.simple.parser.JSONParser.parse(Unknown Source)
	at browserstack.shaded.org.json.simple.parser.JSONParser.parse(Unknown Source)
	at com.browserstack.v2.SdkCliUtils.checkAndUpdateCli(Unknown Source)
	at com.browserstack.v2.SdkCliUtils.setupCliPath(Unknown Source)
	at com.browserstack.v2.SdkCLI.<clinit>(Unknown Source)
	at com.browserstack.monitoring.PerformanceTester.measure(Unknown Source)
	at com.browserstack.monitoring.PerformanceTester.end(Unknown Source)
	at com.browserstack.testNgListeners.BrowserstackSuiteListener.a(Unknown Source)
	at com.browserstack.testNgListeners.BrowserstackSuiteListener.onStart(Unknown Source)
	at org.testng.SuiteRunner.invokeListeners(SuiteRunner.java:242)
	at org.testng.SuiteRunner.run(SuiteRunner.java:310)
	at org.testng.SuiteRunnerWorker.runSuite(SuiteRunnerWorker.java:52)
	at org.testng.SuiteRunnerWorker.run(SuiteRunnerWorker.java:95)
	at org.testng.TestNG.runSuitesSequentially(TestNG.java:1274)
	at org.testng.TestNG.runSuitesLocally(TestNG.java:1208)
	at org.testng.TestNG.runSuites(TestNG.java:1112)
	at org.testng.TestNG.run(TestNG.java:1079)
	at org.testng.remote.AbstractRemoteTestNG.run(AbstractRemoteTestNG.java:115)
	at org.testng.remote.RemoteTestNG.initAndRun(RemoteTestNG.java:293)
	at org.testng.remote.RemoteTestNG.main(RemoteTestNG.java:91)

12:51:03.597 [main] DEBUG c.b.monitoring.PerformanceTester - Failed to append key metrics to file C:\Users\sathi\eclipse-workspace\AppiumAutomation\log\key-metrics.json
12:51:03.715 [main] DEBUG c.b.utils.FunnelInstrumentation - Error in getting Product:
java.lang.NullPointerException: Cannot invoke "String.equalsIgnoreCase(String)" because the return value of "com.browserstack.config.BrowserStackConfig.getFramework()" is null
	at com.browserstack.utils.FunnelInstrumentation.a(Unknown Source)
	at java.base/java.util.stream.MatchOps$1MatchSink.accept(MatchOps.java:90)
	at java.base/java.util.Spliterators$ArraySpliterator.tryAdvance(Spliterators.java:1034)
	at java.base/java.util.stream.ReferencePipeline.forEachWithCancel(ReferencePipeline.java:147)
	at java.base/java.util.stream.AbstractPipeline.copyIntoWithCancel(AbstractPipeline.java:588)
	at java.base/java.util.stream.AbstractPipeline.copyInto(AbstractPipeline.java:574)
	at java.base/java.util.stream.AbstractPipeline.wrapAndCopyInto(AbstractPipeline.java:560)
	at java.base/java.util.stream.MatchOps$MatchOp.evaluateSequential(MatchOps.java:230)
	at java.base/java.util.stream.MatchOps$MatchOp.evaluateSequential(MatchOps.java:196)
	at java.base/java.util.stream.AbstractPipeline.evaluate(AbstractPipeline.java:265)
	at java.base/java.util.stream.ReferencePipeline.anyMatch(ReferencePipeline.java:672)
	at com.browserstack.utils.FunnelInstrumentation.getProducts(Unknown Source)
	at com.browserstack.utils.FunnelInstrumentation.createParamsForEvent(Unknown Source)
	at com.browserstack.utils.FunnelInstrumentation.sendSDKEvent(Unknown Source)
	at com.browserstack.testNgListeners.TmpSuiteListener.onFinish(Unknown Source)
	at org.testng.TestRunner.fireEvent(TestRunner.java:900)
	at org.testng.TestRunner.afterRun(TestRunner.java:855)
	at org.testng.TestRunner.run(TestRunner.java:618)
	at org.testng.SuiteRunner.runTest(SuiteRunner.java:421)
	at org.testng.SuiteRunner.runSequentially(SuiteRunner.java:413)
	at org.testng.SuiteRunner.privateRun(SuiteRunner.java:373)
	at org.testng.SuiteRunner.run(SuiteRunner.java:312)
	at org.testng.SuiteRunnerWorker.runSuite(SuiteRunnerWorker.java:52)
	at org.testng.SuiteRunnerWorker.run(SuiteRunnerWorker.java:95)
	at org.testng.TestNG.runSuitesSequentially(TestNG.java:1274)
	at org.testng.TestNG.runSuitesLocally(TestNG.java:1208)
	at org.testng.TestNG.runSuites(TestNG.java:1112)
	at org.testng.TestNG.run(TestNG.java:1079)
	at org.testng.remote.AbstractRemoteTestNG.run(AbstractRemoteTestNG.java:115)
	at org.testng.remote.RemoteTestNG.initAndRun(RemoteTestNG.java:293)
	at org.testng.remote.RemoteTestNG.main(RemoteTestNG.java:91)
12:51:03.752 [main] DEBUG c.b.utils.FrameworkDetectionUtils - Couldn't find dependency class: appium
12:51:03.825 [main] DEBUG com.browserstack.testOps.UsageStats - getFormattedData: Collecting data for TestObservability
12:51:03.887 [main] TRACE c.b.t.TestOrchestrationUtils - getInstrumentationData: invoked
12:51:03.899 [main] DEBUG c.b.utils.FunnelInstrumentation - Sending funnel data for SDKTestSuccessful with data: {"event_type":"SDKTestSuccessful","accessKey":"[REDACTED]","userName":"[REDACTED]","event_properties":{"isPercyAutoEnabled":false,"language":"java","sdkRunId":"79e11311-ee9c-4260-9ebc-f31ee077b6b4","buildIdentifier":"unknown","testhub_uuid":"","detectedAppiumVersion":"null","productMap":{"app_automate":false,"accessibility":null,"automate":true,"percy":false,"observability":false,"turboscale":false},"hostname":"Sathish","measures":{"sdk:pre-test":0.022300004959106445},"productUsage":{"testObservability":{"buildHashedId":"","manuallySet":false,"enabled":false}},"browserStackConfig":{"browserstackLocal":null,"percy":false,"logLevel":"info","staticWebDriver":true,"autoDetectFramework":true,"percyCaptureMode":"AUTO","browserStackLocalOptions":null,"percyOptions":null,"testContextOptions":{"skipSessionName":false,"serenityOverridePlugin":false,"skipSessionStatus":false},"platforms":null,"parallelsPerPlatform":null,"framework":null,"accessibility":false,"accessibilityOptions":{},"turboScaleOptions":{},"disableAutoCaptureLogs":true,"testObservability":true,"browserstackAutomation":true,"turboScale":false,"testObservabilityOptions":{},"gradleMConfig":null,"proxySettings":null},"automationFrameworkVersion":null,"percyBuildId":null,"product":"[automate]","buildName":"unknown","os":"Windows 11","languageVersion":"23.0.2","appiumVersion":"null","frameworkDetectionInstrumentation":{},"detectedDependencies":"","referrer":"unknown","locationTrigger":"onFinish","accessibilityConfiguration":{"pollingTimeout":30},"language_framework":"unknown","testOrchestration":{"abortBuildOnFailure":{"enabled":false},"retryTestsOnFailure":{"enabled":false},"userConfig":{}},"detectedSeleniumVersion":"4.1.2","automationFramework":"selenium","seleniumVersion":"null"}}
12:51:04.076 [main] DEBUG c.b.utils.FunnelInstrumentation - API Event SDKTestSuccessful, response: {"message":"Unauthorized"}
12:51:04.118 [main] DEBUG c.b.monitoring.PerformanceTester - Failed to append key metrics to file C:\Users\sathi\eclipse-workspace\AppiumAutomation\log\key-metrics.json
12:19:14.701 [main] WARN  c.b.config.BrowserStackConfig - Test Observability could not be enabled because framework detected is null. We currently support frameworks testng, cucumber-testng & serenity
12:19:15.380 [main] DEBUG com.browserstack.v2.SdkCliUtils - File C:\Users\sathi\.browserstack already exist
12:19:15.381 [main] DEBUG com.browserstack.v2.SdkCliUtils - getExistingCliPath: no binary found
12:19:15.382 [main] DEBUG com.browserstack.v2.SdkCliUtils - Current CLI Path Found: 
12:19:16.147 [main] ERROR com.browserstack.v2.SdkCliUtils - Error in setting up cli path directory, Exception: Unexpected token END OF FILE at position 0.
	at browserstack.shaded.org.json.simple.parser.JSONParser.parse(Unknown Source)
	at browserstack.shaded.org.json.simple.parser.JSONParser.parse(Unknown Source)
	at browserstack.shaded.org.json.simple.parser.JSONParser.parse(Unknown Source)
	at com.browserstack.v2.SdkCliUtils.checkAndUpdateCli(Unknown Source)
	at com.browserstack.v2.SdkCliUtils.setupCliPath(Unknown Source)
	at com.browserstack.v2.SdkCLI.<clinit>(Unknown Source)
	at com.browserstack.monitoring.PerformanceTester.measure(Unknown Source)
	at com.browserstack.monitoring.PerformanceTester.end(Unknown Source)
	at com.browserstack.testNgListeners.BrowserstackSuiteListener.a(Unknown Source)
	at com.browserstack.testNgListeners.BrowserstackSuiteListener.onStart(Unknown Source)
	at org.testng.SuiteRunner.invokeListeners(SuiteRunner.java:242)
	at org.testng.SuiteRunner.run(SuiteRunner.java:310)
	at org.testng.SuiteRunnerWorker.runSuite(SuiteRunnerWorker.java:52)
	at org.testng.SuiteRunnerWorker.run(SuiteRunnerWorker.java:95)
	at org.testng.TestNG.runSuitesSequentially(TestNG.java:1274)
	at org.testng.TestNG.runSuitesLocally(TestNG.java:1208)
	at org.testng.TestNG.runSuites(TestNG.java:1112)
	at org.testng.TestNG.run(TestNG.java:1079)
	at org.testng.remote.AbstractRemoteTestNG.run(AbstractRemoteTestNG.java:115)
	at org.testng.remote.RemoteTestNG.initAndRun(RemoteTestNG.java:293)
	at org.testng.remote.RemoteTestNG.main(RemoteTestNG.java:91)

12:19:16.166 [main] DEBUG c.b.monitoring.PerformanceTester - Failed to append key metrics to file C:\Users\sathi\eclipse-workspace\AppiumAutomation\log\key-metrics.json
12:19:19.422 [main] DEBUG c.b.utils.FunnelInstrumentation - Error in getting Product:
java.lang.NullPointerException: Cannot invoke "String.equalsIgnoreCase(String)" because the return value of "com.browserstack.config.BrowserStackConfig.getFramework()" is null
	at com.browserstack.utils.FunnelInstrumentation.a(Unknown Source)
	at java.base/java.util.stream.MatchOps$1MatchSink.accept(MatchOps.java:90)
	at java.base/java.util.Spliterators$ArraySpliterator.tryAdvance(Spliterators.java:1034)
	at java.base/java.util.stream.ReferencePipeline.forEachWithCancel(ReferencePipeline.java:147)
	at java.base/java.util.stream.AbstractPipeline.copyIntoWithCancel(AbstractPipeline.java:588)
	at java.base/java.util.stream.AbstractPipeline.copyInto(AbstractPipeline.java:574)
	at java.base/java.util.stream.AbstractPipeline.wrapAndCopyInto(AbstractPipeline.java:560)
	at java.base/java.util.stream.MatchOps$MatchOp.evaluateSequential(MatchOps.java:230)
	at java.base/java.util.stream.MatchOps$MatchOp.evaluateSequential(MatchOps.java:196)
	at java.base/java.util.stream.AbstractPipeline.evaluate(AbstractPipeline.java:265)
	at java.base/java.util.stream.ReferencePipeline.anyMatch(ReferencePipeline.java:672)
	at com.browserstack.utils.FunnelInstrumentation.getProducts(Unknown Source)
	at com.browserstack.utils.FunnelInstrumentation.createParamsForEvent(Unknown Source)
	at com.browserstack.utils.FunnelInstrumentation.sendSDKEvent(Unknown Source)
	at com.browserstack.testNgListeners.TmpSuiteListener.onFinish(Unknown Source)
	at org.testng.TestRunner.fireEvent(TestRunner.java:900)
	at org.testng.TestRunner.afterRun(TestRunner.java:855)
	at org.testng.TestRunner.run(TestRunner.java:618)
	at org.testng.SuiteRunner.runTest(SuiteRunner.java:421)
	at org.testng.SuiteRunner.runSequentially(SuiteRunner.java:413)
	at org.testng.SuiteRunner.privateRun(SuiteRunner.java:373)
	at org.testng.SuiteRunner.run(SuiteRunner.java:312)
	at org.testng.SuiteRunnerWorker.runSuite(SuiteRunnerWorker.java:52)
	at org.testng.SuiteRunnerWorker.run(SuiteRunnerWorker.java:95)
	at org.testng.TestNG.runSuitesSequentially(TestNG.java:1274)
	at org.testng.TestNG.runSuitesLocally(TestNG.java:1208)
	at org.testng.TestNG.runSuites(TestNG.java:1112)
	at org.testng.TestNG.run(TestNG.java:1079)
	at org.testng.remote.AbstractRemoteTestNG.run(AbstractRemoteTestNG.java:115)
	at org.testng.remote.RemoteTestNG.initAndRun(RemoteTestNG.java:293)
	at org.testng.remote.RemoteTestNG.main(RemoteTestNG.java:91)
12:19:19.450 [main] DEBUG c.b.utils.FrameworkDetectionUtils - Couldn't find dependency class: appium
12:19:19.506 [main] DEBUG com.browserstack.testOps.UsageStats - getFormattedData: Collecting data for TestObservability
12:19:19.579 [main] TRACE c.b.t.TestOrchestrationUtils - getInstrumentationData: invoked
12:19:19.592 [main] DEBUG c.b.utils.FunnelInstrumentation - Sending funnel data for SDKTestSuccessful with data: {"event_type":"SDKTestSuccessful","accessKey":"[REDACTED]","userName":"[REDACTED]","event_properties":{"isPercyAutoEnabled":false,"language":"java","sdkRunId":"829bf77a-a2ee-4a59-a3f5-041498086f5b","buildIdentifier":"unknown","testhub_uuid":"","detectedAppiumVersion":"null","productMap":{"app_automate":false,"accessibility":null,"automate":true,"percy":false,"observability":false,"turboscale":false},"hostname":"Sathish","measures":{"sdk:pre-test":0.023299992084503174},"productUsage":{"testObservability":{"buildHashedId":"","manuallySet":false,"enabled":false}},"browserStackConfig":{"browserstackLocal":null,"percy":false,"logLevel":"info","staticWebDriver":true,"autoDetectFramework":true,"percyCaptureMode":"AUTO","browserStackLocalOptions":null,"percyOptions":null,"testContextOptions":{"serenityOverridePlugin":false,"skipSessionStatus":false,"skipSessionName":false},"platforms":null,"parallelsPerPlatform":null,"framework":null,"accessibility":false,"accessibilityOptions":{},"turboScaleOptions":{},"disableAutoCaptureLogs":true,"testObservability":true,"browserstackAutomation":true,"turboScale":false,"testObservabilityOptions":{},"gradleMConfig":null,"proxySettings":null},"automationFrameworkVersion":null,"percyBuildId":null,"product":"[automate]","buildName":"unknown","os":"Windows 11","languageVersion":"23.0.2","appiumVersion":"null","frameworkDetectionInstrumentation":{},"detectedDependencies":"","referrer":"unknown","locationTrigger":"onFinish","accessibilityConfiguration":{"pollingTimeout":30},"language_framework":"unknown","testOrchestration":{"abortBuildOnFailure":{"enabled":false},"retryTestsOnFailure":{"enabled":false},"userConfig":{}},"detectedSeleniumVersion":"4.1.2","automationFramework":"selenium","seleniumVersion":"null"}}
12:19:20.061 [main] DEBUG c.b.utils.FunnelInstrumentation - API Event SDKTestSuccessful, response: {"message":"Unauthorized"}
12:19:20.136 [main] DEBUG c.b.monitoring.PerformanceTester - Failed to append key metrics to file C:\Users\sathi\eclipse-workspace\AppiumAutomation\log\key-metrics.json
12:23:08.439 [main] WARN  c.b.config.BrowserStackConfig - Test Observability could not be enabled because framework detected is null. We currently support frameworks testng, cucumber-testng & serenity
12:23:09.033 [main] DEBUG com.browserstack.v2.SdkCliUtils - File C:\Users\sathi\.browserstack already exist
12:23:09.035 [main] DEBUG com.browserstack.v2.SdkCliUtils - getExistingCliPath: no binary found
12:23:09.035 [main] DEBUG com.browserstack.v2.SdkCliUtils - Current CLI Path Found: 
12:23:09.725 [main] ERROR com.browserstack.v2.SdkCliUtils - Error in setting up cli path directory, Exception: Unexpected token END OF FILE at position 0.
	at browserstack.shaded.org.json.simple.parser.JSONParser.parse(Unknown Source)
	at browserstack.shaded.org.json.simple.parser.JSONParser.parse(Unknown Source)
	at browserstack.shaded.org.json.simple.parser.JSONParser.parse(Unknown Source)
	at com.browserstack.v2.SdkCliUtils.checkAndUpdateCli(Unknown Source)
	at com.browserstack.v2.SdkCliUtils.setupCliPath(Unknown Source)
	at com.browserstack.v2.SdkCLI.<clinit>(Unknown Source)
	at com.browserstack.monitoring.PerformanceTester.measure(Unknown Source)
	at com.browserstack.monitoring.PerformanceTester.end(Unknown Source)
	at com.browserstack.testNgListeners.BrowserstackSuiteListener.a(Unknown Source)
	at com.browserstack.testNgListeners.BrowserstackSuiteListener.onStart(Unknown Source)
	at org.testng.SuiteRunner.invokeListeners(SuiteRunner.java:242)
	at org.testng.SuiteRunner.run(SuiteRunner.java:310)
	at org.testng.SuiteRunnerWorker.runSuite(SuiteRunnerWorker.java:52)
	at org.testng.SuiteRunnerWorker.run(SuiteRunnerWorker.java:95)
	at org.testng.TestNG.runSuitesSequentially(TestNG.java:1274)
	at org.testng.TestNG.runSuitesLocally(TestNG.java:1208)
	at org.testng.TestNG.runSuites(TestNG.java:1112)
	at org.testng.TestNG.run(TestNG.java:1079)
	at org.testng.remote.AbstractRemoteTestNG.run(AbstractRemoteTestNG.java:115)
	at org.testng.remote.RemoteTestNG.initAndRun(RemoteTestNG.java:293)
	at org.testng.remote.RemoteTestNG.main(RemoteTestNG.java:91)

12:23:09.933 [main] DEBUG c.b.monitoring.PerformanceTester - Failed to append key metrics to file C:\Users\sathi\eclipse-workspace\AppiumAutomation\log\key-metrics.json
12:23:12.740 [main] DEBUG c.b.utils.FunnelInstrumentation - Error in getting Product:
java.lang.NullPointerException: Cannot invoke "String.equalsIgnoreCase(String)" because the return value of "com.browserstack.config.BrowserStackConfig.getFramework()" is null
	at com.browserstack.utils.FunnelInstrumentation.a(Unknown Source)
	at java.base/java.util.stream.MatchOps$1MatchSink.accept(MatchOps.java:90)
	at java.base/java.util.Spliterators$ArraySpliterator.tryAdvance(Spliterators.java:1034)
	at java.base/java.util.stream.ReferencePipeline.forEachWithCancel(ReferencePipeline.java:147)
	at java.base/java.util.stream.AbstractPipeline.copyIntoWithCancel(AbstractPipeline.java:588)
	at java.base/java.util.stream.AbstractPipeline.copyInto(AbstractPipeline.java:574)
	at java.base/java.util.stream.AbstractPipeline.wrapAndCopyInto(AbstractPipeline.java:560)
	at java.base/java.util.stream.MatchOps$MatchOp.evaluateSequential(MatchOps.java:230)
	at java.base/java.util.stream.MatchOps$MatchOp.evaluateSequential(MatchOps.java:196)
	at java.base/java.util.stream.AbstractPipeline.evaluate(AbstractPipeline.java:265)
	at java.base/java.util.stream.ReferencePipeline.anyMatch(ReferencePipeline.java:672)
	at com.browserstack.utils.FunnelInstrumentation.getProducts(Unknown Source)
	at com.browserstack.utils.FunnelInstrumentation.createParamsForEvent(Unknown Source)
	at com.browserstack.utils.FunnelInstrumentation.sendSDKEvent(Unknown Source)
	at com.browserstack.testNgListeners.TmpSuiteListener.onFinish(Unknown Source)
	at org.testng.TestRunner.fireEvent(TestRunner.java:900)
	at org.testng.TestRunner.afterRun(TestRunner.java:855)
	at org.testng.TestRunner.run(TestRunner.java:618)
	at org.testng.SuiteRunner.runTest(SuiteRunner.java:421)
	at org.testng.SuiteRunner.runSequentially(SuiteRunner.java:413)
	at org.testng.SuiteRunner.privateRun(SuiteRunner.java:373)
	at org.testng.SuiteRunner.run(SuiteRunner.java:312)
	at org.testng.SuiteRunnerWorker.runSuite(SuiteRunnerWorker.java:52)
	at org.testng.SuiteRunnerWorker.run(SuiteRunnerWorker.java:95)
	at org.testng.TestNG.runSuitesSequentially(TestNG.java:1274)
	at org.testng.TestNG.runSuitesLocally(TestNG.java:1208)
	at org.testng.TestNG.runSuites(TestNG.java:1112)
	at org.testng.TestNG.run(TestNG.java:1079)
	at org.testng.remote.AbstractRemoteTestNG.run(AbstractRemoteTestNG.java:115)
	at org.testng.remote.RemoteTestNG.initAndRun(RemoteTestNG.java:293)
	at org.testng.remote.RemoteTestNG.main(RemoteTestNG.java:91)
12:23:12.759 [main] DEBUG c.b.utils.FrameworkDetectionUtils - Couldn't find dependency class: appium
12:23:12.821 [main] DEBUG com.browserstack.testOps.UsageStats - getFormattedData: Collecting data for TestObservability
12:23:12.918 [main] TRACE c.b.t.TestOrchestrationUtils - getInstrumentationData: invoked
12:23:12.932 [main] DEBUG c.b.utils.FunnelInstrumentation - Sending funnel data for SDKTestSuccessful with data: {"event_type":"SDKTestSuccessful","accessKey":"[REDACTED]","userName":"[REDACTED]","event_properties":{"isPercyAutoEnabled":false,"language":"java","sdkRunId":"059ee45f-cc19-4dde-9fbd-602e61a6ac0d","buildIdentifier":"unknown","testhub_uuid":"","detectedAppiumVersion":"null","productMap":{"app_automate":false,"accessibility":null,"automate":true,"percy":false,"observability":false,"turboscale":false},"hostname":"Sathish","measures":{"sdk:pre-test":0.025000005960464478},"productUsage":{"testObservability":{"buildHashedId":"","manuallySet":false,"enabled":false}},"browserStackConfig":{"browserstackLocal":null,"percy":false,"logLevel":"info","staticWebDriver":true,"autoDetectFramework":true,"percyCaptureMode":"AUTO","browserStackLocalOptions":null,"percyOptions":null,"testContextOptions":{"serenityOverridePlugin":false,"skipSessionStatus":false,"skipSessionName":false},"platforms":null,"parallelsPerPlatform":null,"framework":null,"accessibility":false,"accessibilityOptions":{},"turboScaleOptions":{},"disableAutoCaptureLogs":true,"testObservability":true,"browserstackAutomation":true,"turboScale":false,"testObservabilityOptions":{},"gradleMConfig":null,"proxySettings":null},"automationFrameworkVersion":null,"percyBuildId":null,"product":"[automate]","buildName":"unknown","os":"Windows 11","languageVersion":"23.0.2","appiumVersion":"null","frameworkDetectionInstrumentation":{},"detectedDependencies":"","referrer":"unknown","locationTrigger":"onFinish","accessibilityConfiguration":{"pollingTimeout":30},"language_framework":"unknown","testOrchestration":{"abortBuildOnFailure":{"enabled":false},"retryTestsOnFailure":{"enabled":false},"userConfig":{}},"detectedSeleniumVersion":"4.1.2","automationFramework":"selenium","seleniumVersion":"null"}}
12:23:13.184 [main] DEBUG c.b.utils.FunnelInstrumentation - API Event SDKTestSuccessful, response: {"message":"Unauthorized"}
12:23:13.278 [main] DEBUG c.b.monitoring.PerformanceTester - Failed to append key metrics to file C:\Users\sathi\eclipse-workspace\AppiumAutomation\log\key-metrics.json
12:44:17.263 [main] WARN  c.b.config.BrowserStackConfig - Test Observability could not be enabled because framework detected is null. We currently support frameworks testng, cucumber-testng & serenity
12:44:17.842 [main] DEBUG com.browserstack.v2.SdkCliUtils - File C:\Users\sathi\.browserstack already exist
12:44:17.843 [main] DEBUG com.browserstack.v2.SdkCliUtils - getExistingCliPath: no binary found
12:44:17.843 [main] DEBUG com.browserstack.v2.SdkCliUtils - Current CLI Path Found: 
12:44:18.470 [main] ERROR com.browserstack.v2.SdkCliUtils - Error in setting up cli path directory, Exception: Unexpected token END OF FILE at position 0.
	at browserstack.shaded.org.json.simple.parser.JSONParser.parse(Unknown Source)
	at browserstack.shaded.org.json.simple.parser.JSONParser.parse(Unknown Source)
	at browserstack.shaded.org.json.simple.parser.JSONParser.parse(Unknown Source)
	at com.browserstack.v2.SdkCliUtils.checkAndUpdateCli(Unknown Source)
	at com.browserstack.v2.SdkCliUtils.setupCliPath(Unknown Source)
	at com.browserstack.v2.SdkCLI.<clinit>(Unknown Source)
	at com.browserstack.monitoring.PerformanceTester.measure(Unknown Source)
	at com.browserstack.monitoring.PerformanceTester.end(Unknown Source)
	at com.browserstack.testNgListeners.BrowserstackSuiteListener.a(Unknown Source)
	at com.browserstack.testNgListeners.BrowserstackSuiteListener.onStart(Unknown Source)
	at org.testng.SuiteRunner.invokeListeners(SuiteRunner.java:242)
	at org.testng.SuiteRunner.run(SuiteRunner.java:310)
	at org.testng.SuiteRunnerWorker.runSuite(SuiteRunnerWorker.java:52)
	at org.testng.SuiteRunnerWorker.run(SuiteRunnerWorker.java:95)
	at org.testng.TestNG.runSuitesSequentially(TestNG.java:1274)
	at org.testng.TestNG.runSuitesLocally(TestNG.java:1208)
	at org.testng.TestNG.runSuites(TestNG.java:1112)
	at org.testng.TestNG.run(TestNG.java:1079)
	at org.testng.remote.AbstractRemoteTestNG.run(AbstractRemoteTestNG.java:115)
	at org.testng.remote.RemoteTestNG.initAndRun(RemoteTestNG.java:293)
	at org.testng.remote.RemoteTestNG.main(RemoteTestNG.java:91)

12:44:18.483 [main] DEBUG c.b.monitoring.PerformanceTester - Failed to append key metrics to file C:\Users\sathi\eclipse-workspace\AppiumAutomation\log\key-metrics.json
12:44:18.624 [main] DEBUG c.b.utils.FunnelInstrumentation - Error in getting Product:
java.lang.NullPointerException: Cannot invoke "String.equalsIgnoreCase(String)" because the return value of "com.browserstack.config.BrowserStackConfig.getFramework()" is null
	at com.browserstack.utils.FunnelInstrumentation.a(Unknown Source)
	at java.base/java.util.stream.MatchOps$1MatchSink.accept(MatchOps.java:90)
	at java.base/java.util.Spliterators$ArraySpliterator.tryAdvance(Spliterators.java:1034)
	at java.base/java.util.stream.ReferencePipeline.forEachWithCancel(ReferencePipeline.java:147)
	at java.base/java.util.stream.AbstractPipeline.copyIntoWithCancel(AbstractPipeline.java:588)
	at java.base/java.util.stream.AbstractPipeline.copyInto(AbstractPipeline.java:574)
	at java.base/java.util.stream.AbstractPipeline.wrapAndCopyInto(AbstractPipeline.java:560)
	at java.base/java.util.stream.MatchOps$MatchOp.evaluateSequential(MatchOps.java:230)
	at java.base/java.util.stream.MatchOps$MatchOp.evaluateSequential(MatchOps.java:196)
	at java.base/java.util.stream.AbstractPipeline.evaluate(AbstractPipeline.java:265)
	at java.base/java.util.stream.ReferencePipeline.anyMatch(ReferencePipeline.java:672)
	at com.browserstack.utils.FunnelInstrumentation.getProducts(Unknown Source)
	at com.browserstack.utils.FunnelInstrumentation.createParamsForEvent(Unknown Source)
	at com.browserstack.utils.FunnelInstrumentation.sendSDKEvent(Unknown Source)
	at com.browserstack.testNgListeners.TmpSuiteListener.onFinish(Unknown Source)
	at org.testng.TestRunner.fireEvent(TestRunner.java:900)
	at org.testng.TestRunner.afterRun(TestRunner.java:855)
	at org.testng.TestRunner.run(TestRunner.java:618)
	at org.testng.SuiteRunner.runTest(SuiteRunner.java:421)
	at org.testng.SuiteRunner.runSequentially(SuiteRunner.java:413)
	at org.testng.SuiteRunner.privateRun(SuiteRunner.java:373)
	at org.testng.SuiteRunner.run(SuiteRunner.java:312)
	at org.testng.SuiteRunnerWorker.runSuite(SuiteRunnerWorker.java:52)
	at org.testng.SuiteRunnerWorker.run(SuiteRunnerWorker.java:95)
	at org.testng.TestNG.runSuitesSequentially(TestNG.java:1274)
	at org.testng.TestNG.runSuitesLocally(TestNG.java:1208)
	at org.testng.TestNG.runSuites(TestNG.java:1112)
	at org.testng.TestNG.run(TestNG.java:1079)
	at org.testng.remote.AbstractRemoteTestNG.run(AbstractRemoteTestNG.java:115)
	at org.testng.remote.RemoteTestNG.initAndRun(RemoteTestNG.java:293)
	at org.testng.remote.RemoteTestNG.main(RemoteTestNG.java:91)
12:44:18.664 [main] DEBUG c.b.utils.FrameworkDetectionUtils - Couldn't find dependency class: appium
12:44:18.734 [main] DEBUG com.browserstack.testOps.UsageStats - getFormattedData: Collecting data for TestObservability
12:44:18.799 [main] TRACE c.b.t.TestOrchestrationUtils - getInstrumentationData: invoked
12:44:18.813 [main] DEBUG c.b.utils.FunnelInstrumentation - Sending funnel data for SDKTestSuccessful with data: {"event_type":"SDKTestSuccessful","accessKey":"[REDACTED]","userName":"[REDACTED]","event_properties":{"isPercyAutoEnabled":false,"language":"java","sdkRunId":"9d73719c-acc2-402f-9fc5-3e188c2ba2fc","buildIdentifier":"unknown","testhub_uuid":"","detectedAppiumVersion":"null","productMap":{"app_automate":false,"accessibility":null,"automate":true,"percy":false,"observability":false,"turboscale":false},"hostname":"Sathish","measures":{"sdk:pre-test":0.023399949073791504},"productUsage":{"testObservability":{"buildHashedId":"","manuallySet":false,"enabled":false}},"browserStackConfig":{"browserstackLocal":null,"percy":false,"logLevel":"info","staticWebDriver":true,"autoDetectFramework":true,"percyCaptureMode":"AUTO","browserStackLocalOptions":null,"percyOptions":null,"testContextOptions":{"serenityOverridePlugin":false,"skipSessionStatus":false,"skipSessionName":false},"platforms":null,"parallelsPerPlatform":null,"framework":null,"accessibility":false,"accessibilityOptions":{},"turboScaleOptions":{},"disableAutoCaptureLogs":true,"testObservability":true,"browserstackAutomation":true,"turboScale":false,"testObservabilityOptions":{},"gradleMConfig":null,"proxySettings":null},"automationFrameworkVersion":null,"percyBuildId":null,"product":"[automate]","buildName":"unknown","os":"Windows 11","languageVersion":"23.0.2","appiumVersion":"null","frameworkDetectionInstrumentation":{},"detectedDependencies":"","referrer":"unknown","locationTrigger":"onFinish","accessibilityConfiguration":{"pollingTimeout":30},"language_framework":"unknown","testOrchestration":{"abortBuildOnFailure":{"enabled":false},"retryTestsOnFailure":{"enabled":false},"userConfig":{}},"detectedSeleniumVersion":"4.1.2","automationFramework":"selenium","seleniumVersion":"null"}}
12:44:19.080 [main] DEBUG c.b.utils.FunnelInstrumentation - API Event SDKTestSuccessful, response: {"message":"Unauthorized"}
12:44:19.177 [main] DEBUG c.b.monitoring.PerformanceTester - Failed to append key metrics to file C:\Users\sathi\eclipse-workspace\AppiumAutomation\log\key-metrics.json
12:45:43.845 [main] WARN  c.b.config.BrowserStackConfig - Test Observability could not be enabled because framework detected is null. We currently support frameworks testng, cucumber-testng & serenity
12:45:44.312 [main] DEBUG com.browserstack.v2.SdkCliUtils - File C:\Users\sathi\.browserstack already exist
12:45:44.314 [main] DEBUG com.browserstack.v2.SdkCliUtils - getExistingCliPath: no binary found
12:45:44.314 [main] DEBUG com.browserstack.v2.SdkCliUtils - Current CLI Path Found: 
12:45:44.994 [main] ERROR com.browserstack.v2.SdkCliUtils - Error in setting up cli path directory, Exception: Unexpected token END OF FILE at position 0.
	at browserstack.shaded.org.json.simple.parser.JSONParser.parse(Unknown Source)
	at browserstack.shaded.org.json.simple.parser.JSONParser.parse(Unknown Source)
	at browserstack.shaded.org.json.simple.parser.JSONParser.parse(Unknown Source)
	at com.browserstack.v2.SdkCliUtils.checkAndUpdateCli(Unknown Source)
	at com.browserstack.v2.SdkCliUtils.setupCliPath(Unknown Source)
	at com.browserstack.v2.SdkCLI.<clinit>(Unknown Source)
	at com.browserstack.monitoring.PerformanceTester.measure(Unknown Source)
	at com.browserstack.monitoring.PerformanceTester.end(Unknown Source)
	at com.browserstack.testNgListeners.BrowserstackSuiteListener.a(Unknown Source)
	at com.browserstack.testNgListeners.BrowserstackSuiteListener.onStart(Unknown Source)
	at org.testng.SuiteRunner.invokeListeners(SuiteRunner.java:242)
	at org.testng.SuiteRunner.run(SuiteRunner.java:310)
	at org.testng.SuiteRunnerWorker.runSuite(SuiteRunnerWorker.java:52)
	at org.testng.SuiteRunnerWorker.run(SuiteRunnerWorker.java:95)
	at org.testng.TestNG.runSuitesSequentially(TestNG.java:1274)
	at org.testng.TestNG.runSuitesLocally(TestNG.java:1208)
	at org.testng.TestNG.runSuites(TestNG.java:1112)
	at org.testng.TestNG.run(TestNG.java:1079)
	at org.testng.remote.AbstractRemoteTestNG.run(AbstractRemoteTestNG.java:115)
	at org.testng.remote.RemoteTestNG.initAndRun(RemoteTestNG.java:293)
	at org.testng.remote.RemoteTestNG.main(RemoteTestNG.java:91)

12:45:45.010 [main] DEBUG c.b.monitoring.PerformanceTester - Failed to append key metrics to file C:\Users\sathi\eclipse-workspace\AppiumAutomation\log\key-metrics.json
12:45:45.156 [main] DEBUG c.b.utils.FunnelInstrumentation - Error in getting Product:
java.lang.NullPointerException: Cannot invoke "String.equalsIgnoreCase(String)" because the return value of "com.browserstack.config.BrowserStackConfig.getFramework()" is null
	at com.browserstack.utils.FunnelInstrumentation.a(Unknown Source)
	at java.base/java.util.stream.MatchOps$1MatchSink.accept(MatchOps.java:90)
	at java.base/java.util.Spliterators$ArraySpliterator.tryAdvance(Spliterators.java:1034)
	at java.base/java.util.stream.ReferencePipeline.forEachWithCancel(ReferencePipeline.java:147)
	at java.base/java.util.stream.AbstractPipeline.copyIntoWithCancel(AbstractPipeline.java:588)
	at java.base/java.util.stream.AbstractPipeline.copyInto(AbstractPipeline.java:574)
	at java.base/java.util.stream.AbstractPipeline.wrapAndCopyInto(AbstractPipeline.java:560)
	at java.base/java.util.stream.MatchOps$MatchOp.evaluateSequential(MatchOps.java:230)
	at java.base/java.util.stream.MatchOps$MatchOp.evaluateSequential(MatchOps.java:196)
	at java.base/java.util.stream.AbstractPipeline.evaluate(AbstractPipeline.java:265)
	at java.base/java.util.stream.ReferencePipeline.anyMatch(ReferencePipeline.java:672)
	at com.browserstack.utils.FunnelInstrumentation.getProducts(Unknown Source)
	at com.browserstack.utils.FunnelInstrumentation.createParamsForEvent(Unknown Source)
	at com.browserstack.utils.FunnelInstrumentation.sendSDKEvent(Unknown Source)
	at com.browserstack.testNgListeners.TmpSuiteListener.onFinish(Unknown Source)
	at org.testng.TestRunner.fireEvent(TestRunner.java:900)
	at org.testng.TestRunner.afterRun(TestRunner.java:855)
	at org.testng.TestRunner.run(TestRunner.java:618)
	at org.testng.SuiteRunner.runTest(SuiteRunner.java:421)
	at org.testng.SuiteRunner.runSequentially(SuiteRunner.java:413)
	at org.testng.SuiteRunner.privateRun(SuiteRunner.java:373)
	at org.testng.SuiteRunner.run(SuiteRunner.java:312)
	at org.testng.SuiteRunnerWorker.runSuite(SuiteRunnerWorker.java:52)
	at org.testng.SuiteRunnerWorker.run(SuiteRunnerWorker.java:95)
	at org.testng.TestNG.runSuitesSequentially(TestNG.java:1274)
	at org.testng.TestNG.runSuitesLocally(TestNG.java:1208)
	at org.testng.TestNG.runSuites(TestNG.java:1112)
	at org.testng.TestNG.run(TestNG.java:1079)
	at org.testng.remote.AbstractRemoteTestNG.run(AbstractRemoteTestNG.java:115)
	at org.testng.remote.RemoteTestNG.initAndRun(RemoteTestNG.java:293)
	at org.testng.remote.RemoteTestNG.main(RemoteTestNG.java:91)
12:45:45.175 [main] DEBUG c.b.utils.FrameworkDetectionUtils - Couldn't find dependency class: appium
12:45:45.252 [main] DEBUG com.browserstack.testOps.UsageStats - getFormattedData: Collecting data for TestObservability
12:45:45.320 [main] TRACE c.b.t.TestOrchestrationUtils - getInstrumentationData: invoked
12:45:45.334 [main] DEBUG c.b.utils.FunnelInstrumentation - Sending funnel data for SDKTestSuccessful with data: {"event_type":"SDKTestSuccessful","accessKey":"[REDACTED]","userName":"[REDACTED]","event_properties":{"isPercyAutoEnabled":false,"language":"java","sdkRunId":"2059473f-6cba-47b8-8132-54d509da5ad4","buildIdentifier":"unknown","testhub_uuid":"","detectedAppiumVersion":"null","productMap":{"app_automate":false,"accessibility":null,"automate":true,"percy":false,"observability":false,"turboscale":false},"hostname":"Sathish","measures":{"sdk:pre-test":0.03299999237060547},"productUsage":{"testObservability":{"buildHashedId":"","manuallySet":false,"enabled":false}},"browserStackConfig":{"browserstackLocal":null,"percy":false,"logLevel":"info","staticWebDriver":true,"autoDetectFramework":true,"percyCaptureMode":"AUTO","browserStackLocalOptions":null,"percyOptions":null,"testContextOptions":{"skipSessionName":false,"skipSessionStatus":false,"serenityOverridePlugin":false},"platforms":null,"parallelsPerPlatform":null,"framework":null,"accessibility":false,"accessibilityOptions":{},"turboScaleOptions":{},"disableAutoCaptureLogs":true,"testObservability":true,"browserstackAutomation":true,"turboScale":false,"testObservabilityOptions":{},"gradleMConfig":null,"proxySettings":null},"automationFrameworkVersion":null,"percyBuildId":null,"product":"[automate]","buildName":"unknown","os":"Windows 11","languageVersion":"23.0.2","appiumVersion":"null","frameworkDetectionInstrumentation":{},"detectedDependencies":"","referrer":"unknown","locationTrigger":"onFinish","accessibilityConfiguration":{"pollingTimeout":30},"language_framework":"unknown","testOrchestration":{"abortBuildOnFailure":{"enabled":false},"retryTestsOnFailure":{"enabled":false},"userConfig":{}},"detectedSeleniumVersion":"4.1.2","automationFramework":"selenium","seleniumVersion":"null"}}
12:45:45.636 [main] DEBUG c.b.utils.FunnelInstrumentation - API Event SDKTestSuccessful, response: {"message":"Unauthorized"}
12:45:45.684 [main] DEBUG c.b.monitoring.PerformanceTester - Failed to append key metrics to file C:\Users\sathi\eclipse-workspace\AppiumAutomation\log\key-metrics.json
12:46:33.166 [main] WARN  c.b.config.BrowserStackConfig - Test Observability could not be enabled because framework detected is null. We currently support frameworks testng, cucumber-testng & serenity
12:46:33.658 [main] DEBUG com.browserstack.v2.SdkCliUtils - File C:\Users\sathi\.browserstack already exist
12:46:33.660 [main] DEBUG com.browserstack.v2.SdkCliUtils - getExistingCliPath: no binary found
12:46:33.660 [main] DEBUG com.browserstack.v2.SdkCliUtils - Current CLI Path Found: 
12:46:34.598 [main] ERROR com.browserstack.v2.SdkCliUtils - Error in setting up cli path directory, Exception: Unexpected token END OF FILE at position 0.
	at browserstack.shaded.org.json.simple.parser.JSONParser.parse(Unknown Source)
	at browserstack.shaded.org.json.simple.parser.JSONParser.parse(Unknown Source)
	at browserstack.shaded.org.json.simple.parser.JSONParser.parse(Unknown Source)
	at com.browserstack.v2.SdkCliUtils.checkAndUpdateCli(Unknown Source)
	at com.browserstack.v2.SdkCliUtils.setupCliPath(Unknown Source)
	at com.browserstack.v2.SdkCLI.<clinit>(Unknown Source)
	at com.browserstack.monitoring.PerformanceTester.measure(Unknown Source)
	at com.browserstack.monitoring.PerformanceTester.end(Unknown Source)
	at com.browserstack.testNgListeners.BrowserstackSuiteListener.a(Unknown Source)
	at com.browserstack.testNgListeners.BrowserstackSuiteListener.onStart(Unknown Source)
	at org.testng.SuiteRunner.invokeListeners(SuiteRunner.java:242)
	at org.testng.SuiteRunner.run(SuiteRunner.java:310)
	at org.testng.SuiteRunnerWorker.runSuite(SuiteRunnerWorker.java:52)
	at org.testng.SuiteRunnerWorker.run(SuiteRunnerWorker.java:95)
	at org.testng.TestNG.runSuitesSequentially(TestNG.java:1274)
	at org.testng.TestNG.runSuitesLocally(TestNG.java:1208)
	at org.testng.TestNG.runSuites(TestNG.java:1112)
	at org.testng.TestNG.run(TestNG.java:1079)
	at org.testng.remote.AbstractRemoteTestNG.run(AbstractRemoteTestNG.java:115)
	at org.testng.remote.RemoteTestNG.initAndRun(RemoteTestNG.java:293)
	at org.testng.remote.RemoteTestNG.main(RemoteTestNG.java:91)

12:46:34.608 [main] DEBUG c.b.monitoring.PerformanceTester - Failed to append key metrics to file C:\Users\sathi\eclipse-workspace\AppiumAutomation\log\key-metrics.json
12:46:34.775 [main] DEBUG c.b.utils.FunnelInstrumentation - Error in getting Product:
java.lang.NullPointerException: Cannot invoke "String.equalsIgnoreCase(String)" because the return value of "com.browserstack.config.BrowserStackConfig.getFramework()" is null
	at com.browserstack.utils.FunnelInstrumentation.a(Unknown Source)
	at java.base/java.util.stream.MatchOps$1MatchSink.accept(MatchOps.java:90)
	at java.base/java.util.Spliterators$ArraySpliterator.tryAdvance(Spliterators.java:1034)
	at java.base/java.util.stream.ReferencePipeline.forEachWithCancel(ReferencePipeline.java:147)
	at java.base/java.util.stream.AbstractPipeline.copyIntoWithCancel(AbstractPipeline.java:588)
	at java.base/java.util.stream.AbstractPipeline.copyInto(AbstractPipeline.java:574)
	at java.base/java.util.stream.AbstractPipeline.wrapAndCopyInto(AbstractPipeline.java:560)
	at java.base/java.util.stream.MatchOps$MatchOp.evaluateSequential(MatchOps.java:230)
	at java.base/java.util.stream.MatchOps$MatchOp.evaluateSequential(MatchOps.java:196)
	at java.base/java.util.stream.AbstractPipeline.evaluate(AbstractPipeline.java:265)
	at java.base/java.util.stream.ReferencePipeline.anyMatch(ReferencePipeline.java:672)
	at com.browserstack.utils.FunnelInstrumentation.getProducts(Unknown Source)
	at com.browserstack.utils.FunnelInstrumentation.createParamsForEvent(Unknown Source)
	at com.browserstack.utils.FunnelInstrumentation.sendSDKEvent(Unknown Source)
	at com.browserstack.testNgListeners.TmpSuiteListener.onFinish(Unknown Source)
	at org.testng.TestRunner.fireEvent(TestRunner.java:900)
	at org.testng.TestRunner.afterRun(TestRunner.java:855)
	at org.testng.TestRunner.run(TestRunner.java:618)
	at org.testng.SuiteRunner.runTest(SuiteRunner.java:421)
	at org.testng.SuiteRunner.runSequentially(SuiteRunner.java:413)
	at org.testng.SuiteRunner.privateRun(SuiteRunner.java:373)
	at org.testng.SuiteRunner.run(SuiteRunner.java:312)
	at org.testng.SuiteRunnerWorker.runSuite(SuiteRunnerWorker.java:52)
	at org.testng.SuiteRunnerWorker.run(SuiteRunnerWorker.java:95)
	at org.testng.TestNG.runSuitesSequentially(TestNG.java:1274)
	at org.testng.TestNG.runSuitesLocally(TestNG.java:1208)
	at org.testng.TestNG.runSuites(TestNG.java:1112)
	at org.testng.TestNG.run(TestNG.java:1079)
	at org.testng.remote.AbstractRemoteTestNG.run(AbstractRemoteTestNG.java:115)
	at org.testng.remote.RemoteTestNG.initAndRun(RemoteTestNG.java:293)
	at org.testng.remote.RemoteTestNG.main(RemoteTestNG.java:91)
12:46:34.814 [main] DEBUG c.b.utils.FrameworkDetectionUtils - Couldn't find dependency class: appium
12:46:34.897 [main] DEBUG com.browserstack.testOps.UsageStats - getFormattedData: Collecting data for TestObservability
12:46:34.983 [main] TRACE c.b.t.TestOrchestrationUtils - getInstrumentationData: invoked
12:46:34.996 [main] DEBUG c.b.utils.FunnelInstrumentation - Sending funnel data for SDKTestSuccessful with data: {"event_type":"SDKTestSuccessful","accessKey":"[REDACTED]","userName":"[REDACTED]","event_properties":{"isPercyAutoEnabled":false,"language":"java","sdkRunId":"034d5129-ed62-4a4a-ac90-a75268e699fe","buildIdentifier":"unknown","testhub_uuid":"","detectedAppiumVersion":"null","productMap":{"app_automate":false,"accessibility":null,"automate":true,"percy":false,"observability":false,"turboscale":false},"hostname":"Sathish","measures":{"sdk:pre-test":0.028800010681152344},"productUsage":{"testObservability":{"buildHashedId":"","manuallySet":false,"enabled":false}},"browserStackConfig":{"browserstackLocal":null,"percy":false,"logLevel":"info","staticWebDriver":true,"autoDetectFramework":true,"percyCaptureMode":"AUTO","browserStackLocalOptions":null,"percyOptions":null,"testContextOptions":{"skipSessionName":false,"serenityOverridePlugin":false,"skipSessionStatus":false},"platforms":null,"parallelsPerPlatform":null,"framework":null,"accessibility":false,"accessibilityOptions":{},"turboScaleOptions":{},"disableAutoCaptureLogs":true,"testObservability":true,"browserstackAutomation":true,"turboScale":false,"testObservabilityOptions":{},"gradleMConfig":null,"proxySettings":null},"automationFrameworkVersion":null,"percyBuildId":null,"product":"[automate]","buildName":"unknown","os":"Windows 11","languageVersion":"23.0.2","appiumVersion":"null","frameworkDetectionInstrumentation":{},"detectedDependencies":"","referrer":"unknown","locationTrigger":"onFinish","accessibilityConfiguration":{"pollingTimeout":30},"language_framework":"unknown","testOrchestration":{"abortBuildOnFailure":{"enabled":false},"retryTestsOnFailure":{"enabled":false},"userConfig":{}},"detectedSeleniumVersion":"4.1.2","automationFramework":"selenium","seleniumVersion":"null"}}
12:46:35.250 [main] DEBUG c.b.utils.FunnelInstrumentation - API Event SDKTestSuccessful, response: {"message":"Unauthorized"}
12:46:35.325 [main] DEBUG c.b.monitoring.PerformanceTester - Failed to append key metrics to file C:\Users\sathi\eclipse-workspace\AppiumAutomation\log\key-metrics.json
12:49:14.104 [main] WARN  c.b.config.BrowserStackConfig - Test Observability could not be enabled because framework detected is null. We currently support frameworks testng, cucumber-testng & serenity
12:49:14.574 [main] DEBUG com.browserstack.v2.SdkCliUtils - File C:\Users\sathi\.browserstack already exist
12:49:14.577 [main] DEBUG com.browserstack.v2.SdkCliUtils - getExistingCliPath: no binary found
12:49:14.577 [main] DEBUG com.browserstack.v2.SdkCliUtils - Current CLI Path Found: 
12:49:15.889 [main] ERROR com.browserstack.v2.SdkCliUtils - Error in setting up cli path directory, Exception: Unexpected token END OF FILE at position 0.
	at browserstack.shaded.org.json.simple.parser.JSONParser.parse(Unknown Source)
	at browserstack.shaded.org.json.simple.parser.JSONParser.parse(Unknown Source)
	at browserstack.shaded.org.json.simple.parser.JSONParser.parse(Unknown Source)
	at com.browserstack.v2.SdkCliUtils.checkAndUpdateCli(Unknown Source)
	at com.browserstack.v2.SdkCliUtils.setupCliPath(Unknown Source)
	at com.browserstack.v2.SdkCLI.<clinit>(Unknown Source)
	at com.browserstack.monitoring.PerformanceTester.measure(Unknown Source)
	at com.browserstack.monitoring.PerformanceTester.end(Unknown Source)
	at com.browserstack.testNgListeners.BrowserstackSuiteListener.a(Unknown Source)
	at com.browserstack.testNgListeners.BrowserstackSuiteListener.onStart(Unknown Source)
	at org.testng.SuiteRunner.invokeListeners(SuiteRunner.java:242)
	at org.testng.SuiteRunner.run(SuiteRunner.java:310)
	at org.testng.SuiteRunnerWorker.runSuite(SuiteRunnerWorker.java:52)
	at org.testng.SuiteRunnerWorker.run(SuiteRunnerWorker.java:95)
	at org.testng.TestNG.runSuitesSequentially(TestNG.java:1274)
	at org.testng.TestNG.runSuitesLocally(TestNG.java:1208)
	at org.testng.TestNG.runSuites(TestNG.java:1112)
	at org.testng.TestNG.run(TestNG.java:1079)
	at org.testng.remote.AbstractRemoteTestNG.run(AbstractRemoteTestNG.java:115)
	at org.testng.remote.RemoteTestNG.initAndRun(RemoteTestNG.java:293)
	at org.testng.remote.RemoteTestNG.main(RemoteTestNG.java:91)

12:49:15.899 [main] DEBUG c.b.monitoring.PerformanceTester - Failed to append key metrics to file C:\Users\sathi\eclipse-workspace\AppiumAutomation\log\key-metrics.json
12:49:16.048 [main] DEBUG c.b.utils.FunnelInstrumentation - Error in getting Product:
java.lang.NullPointerException: Cannot invoke "String.equalsIgnoreCase(String)" because the return value of "com.browserstack.config.BrowserStackConfig.getFramework()" is null
	at com.browserstack.utils.FunnelInstrumentation.a(Unknown Source)
	at java.base/java.util.stream.MatchOps$1MatchSink.accept(MatchOps.java:90)
	at java.base/java.util.Spliterators$ArraySpliterator.tryAdvance(Spliterators.java:1034)
	at java.base/java.util.stream.ReferencePipeline.forEachWithCancel(ReferencePipeline.java:147)
	at java.base/java.util.stream.AbstractPipeline.copyIntoWithCancel(AbstractPipeline.java:588)
	at java.base/java.util.stream.AbstractPipeline.copyInto(AbstractPipeline.java:574)
	at java.base/java.util.stream.AbstractPipeline.wrapAndCopyInto(AbstractPipeline.java:560)
	at java.base/java.util.stream.MatchOps$MatchOp.evaluateSequential(MatchOps.java:230)
	at java.base/java.util.stream.MatchOps$MatchOp.evaluateSequential(MatchOps.java:196)
	at java.base/java.util.stream.AbstractPipeline.evaluate(AbstractPipeline.java:265)
	at java.base/java.util.stream.ReferencePipeline.anyMatch(ReferencePipeline.java:672)
	at com.browserstack.utils.FunnelInstrumentation.getProducts(Unknown Source)
	at com.browserstack.utils.FunnelInstrumentation.createParamsForEvent(Unknown Source)
	at com.browserstack.utils.FunnelInstrumentation.sendSDKEvent(Unknown Source)
	at com.browserstack.testNgListeners.TmpSuiteListener.onFinish(Unknown Source)
	at org.testng.TestRunner.fireEvent(TestRunner.java:900)
	at org.testng.TestRunner.afterRun(TestRunner.java:855)
	at org.testng.TestRunner.run(TestRunner.java:618)
	at org.testng.SuiteRunner.runTest(SuiteRunner.java:421)
	at org.testng.SuiteRunner.runSequentially(SuiteRunner.java:413)
	at org.testng.SuiteRunner.privateRun(SuiteRunner.java:373)
	at org.testng.SuiteRunner.run(SuiteRunner.java:312)
	at org.testng.SuiteRunnerWorker.runSuite(SuiteRunnerWorker.java:52)
	at org.testng.SuiteRunnerWorker.run(SuiteRunnerWorker.java:95)
	at org.testng.TestNG.runSuitesSequentially(TestNG.java:1274)
	at org.testng.TestNG.runSuitesLocally(TestNG.java:1208)
	at org.testng.TestNG.runSuites(TestNG.java:1112)
	at org.testng.TestNG.run(TestNG.java:1079)
	at org.testng.remote.AbstractRemoteTestNG.run(AbstractRemoteTestNG.java:115)
	at org.testng.remote.RemoteTestNG.initAndRun(RemoteTestNG.java:293)
	at org.testng.remote.RemoteTestNG.main(RemoteTestNG.java:91)
12:49:16.075 [main] DEBUG c.b.utils.FrameworkDetectionUtils - Couldn't find dependency class: appium
12:49:16.164 [main] DEBUG com.browserstack.testOps.UsageStats - getFormattedData: Collecting data for TestObservability
12:49:16.247 [main] TRACE c.b.t.TestOrchestrationUtils - getInstrumentationData: invoked
12:49:16.266 [main] DEBUG c.b.utils.FunnelInstrumentation - Sending funnel data for SDKTestSuccessful with data: {"event_type":"SDKTestSuccessful","accessKey":"[REDACTED]","userName":"[REDACTED]","event_properties":{"isPercyAutoEnabled":false,"language":"java","sdkRunId":"75ed6239-beb7-4ece-9501-683409d90c8e","buildIdentifier":"unknown","testhub_uuid":"","detectedAppiumVersion":"null","productMap":{"app_automate":false,"accessibility":null,"automate":true,"percy":false,"observability":false,"turboscale":false},"hostname":"Sathish","measures":{"sdk:pre-test":0.021799921989440918},"productUsage":{"testObservability":{"buildHashedId":"","manuallySet":false,"enabled":false}},"browserStackConfig":{"browserstackLocal":null,"percy":false,"logLevel":"info","staticWebDriver":true,"autoDetectFramework":true,"percyCaptureMode":"AUTO","browserStackLocalOptions":null,"percyOptions":null,"testContextOptions":{"skipSessionStatus":false,"serenityOverridePlugin":false,"skipSessionName":false},"platforms":null,"parallelsPerPlatform":null,"framework":null,"accessibility":false,"accessibilityOptions":{},"turboScaleOptions":{},"disableAutoCaptureLogs":true,"testObservability":true,"browserstackAutomation":true,"turboScale":false,"testObservabilityOptions":{},"gradleMConfig":null,"proxySettings":null},"automationFrameworkVersion":null,"percyBuildId":null,"product":"[automate]","buildName":"unknown","os":"Windows 11","languageVersion":"23.0.2","appiumVersion":"null","frameworkDetectionInstrumentation":{},"detectedDependencies":"","referrer":"unknown","locationTrigger":"onFinish","accessibilityConfiguration":{"pollingTimeout":30},"language_framework":"unknown","testOrchestration":{"abortBuildOnFailure":{"enabled":false},"retryTestsOnFailure":{"enabled":false},"userConfig":{}},"detectedSeleniumVersion":"4.1.2","automationFramework":"selenium","seleniumVersion":"null"}}
12:49:16.909 [main] DEBUG c.b.utils.FunnelInstrumentation - API Event SDKTestSuccessful, response: {"message":"Unauthorized"}
12:49:16.969 [main] DEBUG c.b.monitoring.PerformanceTester - Failed to append key metrics to file C:\Users\sathi\eclipse-workspace\AppiumAutomation\log\key-metrics.json
12:50:12.222 [main] WARN  c.b.config.BrowserStackConfig - Test Observability could not be enabled because framework detected is null. We currently support frameworks testng, cucumber-testng & serenity
12:50:12.701 [main] DEBUG com.browserstack.v2.SdkCliUtils - File C:\Users\sathi\.browserstack already exist
12:50:12.702 [main] DEBUG com.browserstack.v2.SdkCliUtils - getExistingCliPath: no binary found
12:50:12.703 [main] DEBUG com.browserstack.v2.SdkCliUtils - Current CLI Path Found: 
12:50:13.608 [main] ERROR com.browserstack.v2.SdkCliUtils - Error in setting up cli path directory, Exception: Unexpected token END OF FILE at position 0.
	at browserstack.shaded.org.json.simple.parser.JSONParser.parse(Unknown Source)
	at browserstack.shaded.org.json.simple.parser.JSONParser.parse(Unknown Source)
	at browserstack.shaded.org.json.simple.parser.JSONParser.parse(Unknown Source)
	at com.browserstack.v2.SdkCliUtils.checkAndUpdateCli(Unknown Source)
	at com.browserstack.v2.SdkCliUtils.setupCliPath(Unknown Source)
	at com.browserstack.v2.SdkCLI.<clinit>(Unknown Source)
	at com.browserstack.monitoring.PerformanceTester.measure(Unknown Source)
	at com.browserstack.monitoring.PerformanceTester.end(Unknown Source)
	at com.browserstack.testNgListeners.BrowserstackSuiteListener.a(Unknown Source)
	at com.browserstack.testNgListeners.BrowserstackSuiteListener.onStart(Unknown Source)
	at org.testng.SuiteRunner.invokeListeners(SuiteRunner.java:242)
	at org.testng.SuiteRunner.run(SuiteRunner.java:310)
	at org.testng.SuiteRunnerWorker.runSuite(SuiteRunnerWorker.java:52)
	at org.testng.SuiteRunnerWorker.run(SuiteRunnerWorker.java:95)
	at org.testng.TestNG.runSuitesSequentially(TestNG.java:1274)
	at org.testng.TestNG.runSuitesLocally(TestNG.java:1208)
	at org.testng.TestNG.runSuites(TestNG.java:1112)
	at org.testng.TestNG.run(TestNG.java:1079)
	at org.testng.remote.AbstractRemoteTestNG.run(AbstractRemoteTestNG.java:115)
	at org.testng.remote.RemoteTestNG.initAndRun(RemoteTestNG.java:293)
	at org.testng.remote.RemoteTestNG.main(RemoteTestNG.java:91)

12:50:13.618 [main] DEBUG c.b.monitoring.PerformanceTester - Failed to append key metrics to file C:\Users\sathi\eclipse-workspace\AppiumAutomation\log\key-metrics.json
12:50:13.765 [main] DEBUG c.b.utils.FunnelInstrumentation - Error in getting Product:
java.lang.NullPointerException: Cannot invoke "String.equalsIgnoreCase(String)" because the return value of "com.browserstack.config.BrowserStackConfig.getFramework()" is null
	at com.browserstack.utils.FunnelInstrumentation.a(Unknown Source)
	at java.base/java.util.stream.MatchOps$1MatchSink.accept(MatchOps.java:90)
	at java.base/java.util.Spliterators$ArraySpliterator.tryAdvance(Spliterators.java:1034)
	at java.base/java.util.stream.ReferencePipeline.forEachWithCancel(ReferencePipeline.java:147)
	at java.base/java.util.stream.AbstractPipeline.copyIntoWithCancel(AbstractPipeline.java:588)
	at java.base/java.util.stream.AbstractPipeline.copyInto(AbstractPipeline.java:574)
	at java.base/java.util.stream.AbstractPipeline.wrapAndCopyInto(AbstractPipeline.java:560)
	at java.base/java.util.stream.MatchOps$MatchOp.evaluateSequential(MatchOps.java:230)
	at java.base/java.util.stream.MatchOps$MatchOp.evaluateSequential(MatchOps.java:196)
	at java.base/java.util.stream.AbstractPipeline.evaluate(AbstractPipeline.java:265)
	at java.base/java.util.stream.ReferencePipeline.anyMatch(ReferencePipeline.java:672)
	at com.browserstack.utils.FunnelInstrumentation.getProducts(Unknown Source)
	at com.browserstack.utils.FunnelInstrumentation.createParamsForEvent(Unknown Source)
	at com.browserstack.utils.FunnelInstrumentation.sendSDKEvent(Unknown Source)
	at com.browserstack.testNgListeners.TmpSuiteListener.onFinish(Unknown Source)
	at org.testng.TestRunner.fireEvent(TestRunner.java:900)
	at org.testng.TestRunner.afterRun(TestRunner.java:855)
	at org.testng.TestRunner.run(TestRunner.java:618)
	at org.testng.SuiteRunner.runTest(SuiteRunner.java:421)
	at org.testng.SuiteRunner.runSequentially(SuiteRunner.java:413)
	at org.testng.SuiteRunner.privateRun(SuiteRunner.java:373)
	at org.testng.SuiteRunner.run(SuiteRunner.java:312)
	at org.testng.SuiteRunnerWorker.runSuite(SuiteRunnerWorker.java:52)
	at org.testng.SuiteRunnerWorker.run(SuiteRunnerWorker.java:95)
	at org.testng.TestNG.runSuitesSequentially(TestNG.java:1274)
	at org.testng.TestNG.runSuitesLocally(TestNG.java:1208)
	at org.testng.TestNG.runSuites(TestNG.java:1112)
	at org.testng.TestNG.run(TestNG.java:1079)
	at org.testng.remote.AbstractRemoteTestNG.run(AbstractRemoteTestNG.java:115)
	at org.testng.remote.RemoteTestNG.initAndRun(RemoteTestNG.java:293)
	at org.testng.remote.RemoteTestNG.main(RemoteTestNG.java:91)
12:50:13.787 [main] DEBUG c.b.utils.FrameworkDetectionUtils - Couldn't find dependency class: appium
12:50:13.876 [main] DEBUG com.browserstack.testOps.UsageStats - getFormattedData: Collecting data for TestObservability
12:50:13.950 [main] TRACE c.b.t.TestOrchestrationUtils - getInstrumentationData: invoked
12:50:13.967 [main] DEBUG c.b.utils.FunnelInstrumentation - Sending funnel data for SDKTestSuccessful with data: {"event_type":"SDKTestSuccessful","accessKey":"[REDACTED]","userName":"[REDACTED]","event_properties":{"isPercyAutoEnabled":false,"language":"java","sdkRunId":"9467c449-4623-4695-bc9e-81946021f852","buildIdentifier":"unknown","testhub_uuid":"","detectedAppiumVersion":"null","productMap":{"app_automate":false,"accessibility":null,"automate":true,"percy":false,"observability":false,"turboscale":false},"hostname":"Sathish","measures":{"sdk:pre-test":0.022799968719482422},"productUsage":{"testObservability":{"buildHashedId":"","manuallySet":false,"enabled":false}},"browserStackConfig":{"browserstackLocal":null,"percy":false,"logLevel":"info","staticWebDriver":true,"autoDetectFramework":true,"percyCaptureMode":"AUTO","browserStackLocalOptions":null,"percyOptions":null,"testContextOptions":{"skipSessionName":false,"skipSessionStatus":false,"serenityOverridePlugin":false},"platforms":null,"parallelsPerPlatform":null,"framework":null,"accessibility":false,"accessibilityOptions":{},"turboScaleOptions":{},"disableAutoCaptureLogs":true,"testObservability":true,"browserstackAutomation":true,"turboScale":false,"testObservabilityOptions":{},"gradleMConfig":null,"proxySettings":null},"automationFrameworkVersion":null,"percyBuildId":null,"product":"[automate]","buildName":"unknown","os":"Windows 11","languageVersion":"23.0.2","appiumVersion":"null","frameworkDetectionInstrumentation":{},"detectedDependencies":"","referrer":"unknown","locationTrigger":"onFinish","accessibilityConfiguration":{"pollingTimeout":30},"language_framework":"unknown","testOrchestration":{"abortBuildOnFailure":{"enabled":false},"retryTestsOnFailure":{"enabled":false},"userConfig":{}},"detectedSeleniumVersion":"4.1.2","automationFramework":"selenium","seleniumVersion":"null"}}
12:50:14.588 [main] DEBUG c.b.utils.FunnelInstrumentation - API Event SDKTestSuccessful, response: {"message":"Unauthorized"}
12:50:14.641 [main] DEBUG c.b.monitoring.PerformanceTester - Failed to append key metrics to file C:\Users\sathi\eclipse-workspace\AppiumAutomation\log\key-metrics.json
12:53:08.019 [main] WARN  c.b.config.BrowserStackConfig - Test Observability could not be enabled because framework detected is null. We currently support frameworks testng, cucumber-testng & serenity
12:53:08.478 [main] DEBUG com.browserstack.v2.SdkCliUtils - File C:\Users\sathi\.browserstack already exist
12:53:08.480 [main] DEBUG com.browserstack.v2.SdkCliUtils - getExistingCliPath: no binary found
12:53:08.481 [main] DEBUG com.browserstack.v2.SdkCliUtils - Current CLI Path Found: 
12:53:09.164 [main] ERROR com.browserstack.v2.SdkCliUtils - Error in setting up cli path directory, Exception: Unexpected token END OF FILE at position 0.
	at browserstack.shaded.org.json.simple.parser.JSONParser.parse(Unknown Source)
	at browserstack.shaded.org.json.simple.parser.JSONParser.parse(Unknown Source)
	at browserstack.shaded.org.json.simple.parser.JSONParser.parse(Unknown Source)
	at com.browserstack.v2.SdkCliUtils.checkAndUpdateCli(Unknown Source)
	at com.browserstack.v2.SdkCliUtils.setupCliPath(Unknown Source)
	at com.browserstack.v2.SdkCLI.<clinit>(Unknown Source)
	at com.browserstack.monitoring.PerformanceTester.measure(Unknown Source)
	at com.browserstack.monitoring.PerformanceTester.end(Unknown Source)
	at com.browserstack.testNgListeners.BrowserstackSuiteListener.a(Unknown Source)
	at com.browserstack.testNgListeners.BrowserstackSuiteListener.onStart(Unknown Source)
	at org.testng.SuiteRunner.invokeListeners(SuiteRunner.java:242)
	at org.testng.SuiteRunner.run(SuiteRunner.java:310)
	at org.testng.SuiteRunnerWorker.runSuite(SuiteRunnerWorker.java:52)
	at org.testng.SuiteRunnerWorker.run(SuiteRunnerWorker.java:95)
	at org.testng.TestNG.runSuitesSequentially(TestNG.java:1274)
	at org.testng.TestNG.runSuitesLocally(TestNG.java:1208)
	at org.testng.TestNG.runSuites(TestNG.java:1112)
	at org.testng.TestNG.run(TestNG.java:1079)
	at org.testng.remote.AbstractRemoteTestNG.run(AbstractRemoteTestNG.java:115)
	at org.testng.remote.RemoteTestNG.initAndRun(RemoteTestNG.java:293)
	at org.testng.remote.RemoteTestNG.main(RemoteTestNG.java:91)

12:53:09.175 [main] DEBUG c.b.monitoring.PerformanceTester - Failed to append key metrics to file C:\Users\sathi\eclipse-workspace\AppiumAutomation\log\key-metrics.json
12:53:09.330 [main] DEBUG c.b.utils.FunnelInstrumentation - Error in getting Product:
java.lang.NullPointerException: Cannot invoke "String.equalsIgnoreCase(String)" because the return value of "com.browserstack.config.BrowserStackConfig.getFramework()" is null
	at com.browserstack.utils.FunnelInstrumentation.a(Unknown Source)
	at java.base/java.util.stream.MatchOps$1MatchSink.accept(MatchOps.java:90)
	at java.base/java.util.Spliterators$ArraySpliterator.tryAdvance(Spliterators.java:1034)
	at java.base/java.util.stream.ReferencePipeline.forEachWithCancel(ReferencePipeline.java:147)
	at java.base/java.util.stream.AbstractPipeline.copyIntoWithCancel(AbstractPipeline.java:588)
	at java.base/java.util.stream.AbstractPipeline.copyInto(AbstractPipeline.java:574)
	at java.base/java.util.stream.AbstractPipeline.wrapAndCopyInto(AbstractPipeline.java:560)
	at java.base/java.util.stream.MatchOps$MatchOp.evaluateSequential(MatchOps.java:230)
	at java.base/java.util.stream.MatchOps$MatchOp.evaluateSequential(MatchOps.java:196)
	at java.base/java.util.stream.AbstractPipeline.evaluate(AbstractPipeline.java:265)
	at java.base/java.util.stream.ReferencePipeline.anyMatch(ReferencePipeline.java:672)
	at com.browserstack.utils.FunnelInstrumentation.getProducts(Unknown Source)
	at com.browserstack.utils.FunnelInstrumentation.createParamsForEvent(Unknown Source)
	at com.browserstack.utils.FunnelInstrumentation.sendSDKEvent(Unknown Source)
	at com.browserstack.testNgListeners.TmpSuiteListener.onFinish(Unknown Source)
	at org.testng.TestRunner.fireEvent(TestRunner.java:900)
	at org.testng.TestRunner.afterRun(TestRunner.java:855)
	at org.testng.TestRunner.run(TestRunner.java:618)
	at org.testng.SuiteRunner.runTest(SuiteRunner.java:421)
	at org.testng.SuiteRunner.runSequentially(SuiteRunner.java:413)
	at org.testng.SuiteRunner.privateRun(SuiteRunner.java:373)
	at org.testng.SuiteRunner.run(SuiteRunner.java:312)
	at org.testng.SuiteRunnerWorker.runSuite(SuiteRunnerWorker.java:52)
	at org.testng.SuiteRunnerWorker.run(SuiteRunnerWorker.java:95)
	at org.testng.TestNG.runSuitesSequentially(TestNG.java:1274)
	at org.testng.TestNG.runSuitesLocally(TestNG.java:1208)
	at org.testng.TestNG.runSuites(TestNG.java:1112)
	at org.testng.TestNG.run(TestNG.java:1079)
	at org.testng.remote.AbstractRemoteTestNG.run(AbstractRemoteTestNG.java:115)
	at org.testng.remote.RemoteTestNG.initAndRun(RemoteTestNG.java:293)
	at org.testng.remote.RemoteTestNG.main(RemoteTestNG.java:91)
12:53:09.353 [main] DEBUG c.b.utils.FrameworkDetectionUtils - Couldn't find dependency class: appium
12:53:09.441 [main] DEBUG com.browserstack.testOps.UsageStats - getFormattedData: Collecting data for TestObservability
12:53:09.530 [main] TRACE c.b.t.TestOrchestrationUtils - getInstrumentationData: invoked
12:53:09.548 [main] DEBUG c.b.utils.FunnelInstrumentation - Sending funnel data for SDKTestSuccessful with data: {"event_type":"SDKTestSuccessful","accessKey":"[REDACTED]","userName":"[REDACTED]","event_properties":{"isPercyAutoEnabled":false,"language":"java","sdkRunId":"7f1637b9-3e2f-4bb2-a03e-7b4c6aa01e0d","buildIdentifier":"unknown","testhub_uuid":"","detectedAppiumVersion":"null","productMap":{"app_automate":false,"accessibility":null,"automate":true,"percy":false,"observability":false,"turboscale":false},"hostname":"Sathish","measures":{"sdk:pre-test":0.04500007629394531},"productUsage":{"testObservability":{"buildHashedId":"","manuallySet":false,"enabled":false}},"browserStackConfig":{"browserstackLocal":null,"percy":false,"logLevel":"info","staticWebDriver":true,"autoDetectFramework":true,"percyCaptureMode":"AUTO","browserStackLocalOptions":null,"percyOptions":null,"testContextOptions":{"skipSessionStatus":false,"serenityOverridePlugin":false,"skipSessionName":false},"platforms":null,"parallelsPerPlatform":null,"framework":null,"accessibility":false,"accessibilityOptions":{},"turboScaleOptions":{},"disableAutoCaptureLogs":true,"testObservability":true,"browserstackAutomation":true,"turboScale":false,"testObservabilityOptions":{},"gradleMConfig":null,"proxySettings":null},"automationFrameworkVersion":null,"percyBuildId":null,"product":"[automate]","buildName":"unknown","os":"Windows 11","languageVersion":"23.0.2","appiumVersion":"null","frameworkDetectionInstrumentation":{},"detectedDependencies":"","referrer":"unknown","locationTrigger":"onFinish","accessibilityConfiguration":{"pollingTimeout":30},"language_framework":"unknown","testOrchestration":{"abortBuildOnFailure":{"enabled":false},"retryTestsOnFailure":{"enabled":false},"userConfig":{}},"detectedSeleniumVersion":"4.1.2","automationFramework":"selenium","seleniumVersion":"null"}}
12:53:09.932 [main] DEBUG c.b.utils.FunnelInstrumentation - API Event SDKTestSuccessful, response: {"message":"Unauthorized"}
12:53:09.988 [main] DEBUG c.b.monitoring.PerformanceTester - Failed to append key metrics to file C:\Users\sathi\eclipse-workspace\AppiumAutomation\log\key-metrics.json
14:30:04.489 [main] WARN  c.b.config.BrowserStackConfig - Test Observability could not be enabled because framework detected is null. We currently support frameworks testng, cucumber-testng & serenity
14:30:05.069 [main] DEBUG com.browserstack.v2.SdkCliUtils - File C:\Users\sathi\.browserstack already exist
14:30:05.071 [main] DEBUG com.browserstack.v2.SdkCliUtils - getExistingCliPath: no binary found
14:30:05.071 [main] DEBUG com.browserstack.v2.SdkCliUtils - Current CLI Path Found: 
14:30:06.043 [main] ERROR com.browserstack.v2.SdkCliUtils - Error in setting up cli path directory, Exception: Unexpected token END OF FILE at position 0.
	at browserstack.shaded.org.json.simple.parser.JSONParser.parse(Unknown Source)
	at browserstack.shaded.org.json.simple.parser.JSONParser.parse(Unknown Source)
	at browserstack.shaded.org.json.simple.parser.JSONParser.parse(Unknown Source)
	at com.browserstack.v2.SdkCliUtils.checkAndUpdateCli(Unknown Source)
	at com.browserstack.v2.SdkCliUtils.setupCliPath(Unknown Source)
	at com.browserstack.v2.SdkCLI.<clinit>(Unknown Source)
	at com.browserstack.monitoring.PerformanceTester.measure(Unknown Source)
	at com.browserstack.monitoring.PerformanceTester.end(Unknown Source)
	at com.browserstack.testNgListeners.BrowserstackSuiteListener.a(Unknown Source)
	at com.browserstack.testNgListeners.BrowserstackSuiteListener.onStart(Unknown Source)
	at org.testng.SuiteRunner.invokeListeners(SuiteRunner.java:242)
	at org.testng.SuiteRunner.run(SuiteRunner.java:310)
	at org.testng.SuiteRunnerWorker.runSuite(SuiteRunnerWorker.java:52)
	at org.testng.SuiteRunnerWorker.run(SuiteRunnerWorker.java:95)
	at org.testng.TestNG.runSuitesSequentially(TestNG.java:1274)
	at org.testng.TestNG.runSuitesLocally(TestNG.java:1208)
	at org.testng.TestNG.runSuites(TestNG.java:1112)
	at org.testng.TestNG.run(TestNG.java:1079)
	at org.testng.remote.AbstractRemoteTestNG.run(AbstractRemoteTestNG.java:115)
	at org.testng.remote.RemoteTestNG.initAndRun(RemoteTestNG.java:293)
	at org.testng.remote.RemoteTestNG.main(RemoteTestNG.java:91)

14:30:06.064 [main] DEBUG c.b.monitoring.PerformanceTester - Failed to append key metrics to file C:\Users\sathi\eclipse-workspace\AppiumAutomation\log\key-metrics.json
14:30:06.261 [main] DEBUG c.b.utils.FunnelInstrumentation - Error in getting Product:
java.lang.NullPointerException: Cannot invoke "String.equalsIgnoreCase(String)" because the return value of "com.browserstack.config.BrowserStackConfig.getFramework()" is null
	at com.browserstack.utils.FunnelInstrumentation.a(Unknown Source)
	at java.base/java.util.stream.MatchOps$1MatchSink.accept(MatchOps.java:90)
	at java.base/java.util.Spliterators$ArraySpliterator.tryAdvance(Spliterators.java:1034)
	at java.base/java.util.stream.ReferencePipeline.forEachWithCancel(ReferencePipeline.java:147)
	at java.base/java.util.stream.AbstractPipeline.copyIntoWithCancel(AbstractPipeline.java:588)
	at java.base/java.util.stream.AbstractPipeline.copyInto(AbstractPipeline.java:574)
	at java.base/java.util.stream.AbstractPipeline.wrapAndCopyInto(AbstractPipeline.java:560)
	at java.base/java.util.stream.MatchOps$MatchOp.evaluateSequential(MatchOps.java:230)
	at java.base/java.util.stream.MatchOps$MatchOp.evaluateSequential(MatchOps.java:196)
	at java.base/java.util.stream.AbstractPipeline.evaluate(AbstractPipeline.java:265)
	at java.base/java.util.stream.ReferencePipeline.anyMatch(ReferencePipeline.java:672)
	at com.browserstack.utils.FunnelInstrumentation.getProducts(Unknown Source)
	at com.browserstack.utils.FunnelInstrumentation.createParamsForEvent(Unknown Source)
	at com.browserstack.utils.FunnelInstrumentation.sendSDKEvent(Unknown Source)
	at com.browserstack.testNgListeners.TmpSuiteListener.onFinish(Unknown Source)
	at org.testng.TestRunner.fireEvent(TestRunner.java:900)
	at org.testng.TestRunner.afterRun(TestRunner.java:855)
	at org.testng.TestRunner.run(TestRunner.java:618)
	at org.testng.SuiteRunner.runTest(SuiteRunner.java:421)
	at org.testng.SuiteRunner.runSequentially(SuiteRunner.java:413)
	at org.testng.SuiteRunner.privateRun(SuiteRunner.java:373)
	at org.testng.SuiteRunner.run(SuiteRunner.java:312)
	at org.testng.SuiteRunnerWorker.runSuite(SuiteRunnerWorker.java:52)
	at org.testng.SuiteRunnerWorker.run(SuiteRunnerWorker.java:95)
	at org.testng.TestNG.runSuitesSequentially(TestNG.java:1274)
	at org.testng.TestNG.runSuitesLocally(TestNG.java:1208)
	at org.testng.TestNG.runSuites(TestNG.java:1112)
	at org.testng.TestNG.run(TestNG.java:1079)
	at org.testng.remote.AbstractRemoteTestNG.run(AbstractRemoteTestNG.java:115)
	at org.testng.remote.RemoteTestNG.initAndRun(RemoteTestNG.java:293)
	at org.testng.remote.RemoteTestNG.main(RemoteTestNG.java:91)
14:30:06.311 [main] DEBUG c.b.utils.FrameworkDetectionUtils - Couldn't find dependency class: appium
14:30:06.404 [main] DEBUG com.browserstack.testOps.UsageStats - getFormattedData: Collecting data for TestObservability
14:30:06.505 [main] TRACE c.b.t.TestOrchestrationUtils - getInstrumentationData: invoked
14:30:06.517 [main] DEBUG c.b.utils.FunnelInstrumentation - Sending funnel data for SDKTestSuccessful with data: {"event_type":"SDKTestSuccessful","accessKey":"[REDACTED]","userName":"[REDACTED]","event_properties":{"isPercyAutoEnabled":false,"language":"java","sdkRunId":"082ed6a2-4c7a-48d2-ae61-f8173f59cbcb","buildIdentifier":"unknown","testhub_uuid":"","detectedAppiumVersion":"null","productMap":{"app_automate":false,"accessibility":null,"automate":true,"percy":false,"observability":false,"turboscale":false},"hostname":"Sathish","measures":{"sdk:pre-test":0.025799989700317383},"productUsage":{"testObservability":{"buildHashedId":"","manuallySet":false,"enabled":false}},"browserStackConfig":{"browserstackLocal":null,"percy":false,"logLevel":"info","staticWebDriver":true,"autoDetectFramework":true,"percyCaptureMode":"AUTO","browserStackLocalOptions":null,"percyOptions":null,"testContextOptions":{"skipSessionStatus":false,"serenityOverridePlugin":false,"skipSessionName":false},"platforms":null,"parallelsPerPlatform":null,"framework":null,"accessibility":false,"accessibilityOptions":{},"turboScaleOptions":{},"disableAutoCaptureLogs":true,"testObservability":true,"browserstackAutomation":true,"turboScale":false,"testObservabilityOptions":{},"gradleMConfig":null,"proxySettings":null},"automationFrameworkVersion":null,"percyBuildId":null,"product":"[automate]","buildName":"unknown","os":"Windows 11","languageVersion":"23.0.2","appiumVersion":"null","frameworkDetectionInstrumentation":{},"detectedDependencies":"","referrer":"unknown","locationTrigger":"onFinish","accessibilityConfiguration":{"pollingTimeout":30},"language_framework":"unknown","testOrchestration":{"abortBuildOnFailure":{"enabled":false},"retryTestsOnFailure":{"enabled":false},"userConfig":{}},"detectedSeleniumVersion":"4.1.2","automationFramework":"selenium","seleniumVersion":"null"}}
14:30:06.974 [main] DEBUG c.b.utils.FunnelInstrumentation - API Event SDKTestSuccessful, response: {"message":"Unauthorized"}
14:30:07.056 [main] DEBUG c.b.monitoring.PerformanceTester - Failed to append key metrics to file C:\Users\sathi\eclipse-workspace\AppiumAutomation\log\key-metrics.json
14:32:48.893 [main] WARN  c.b.config.BrowserStackConfig - Test Observability could not be enabled because framework detected is null. We currently support frameworks testng, cucumber-testng & serenity
14:32:49.362 [main] DEBUG com.browserstack.v2.SdkCliUtils - File C:\Users\sathi\.browserstack already exist
14:32:49.364 [main] DEBUG com.browserstack.v2.SdkCliUtils - getExistingCliPath: no binary found
14:32:49.364 [main] DEBUG com.browserstack.v2.SdkCliUtils - Current CLI Path Found: 
14:32:49.922 [main] ERROR com.browserstack.v2.SdkCliUtils - Error in setting up cli path directory, Exception: Unexpected token END OF FILE at position 0.
	at browserstack.shaded.org.json.simple.parser.JSONParser.parse(Unknown Source)
	at browserstack.shaded.org.json.simple.parser.JSONParser.parse(Unknown Source)
	at browserstack.shaded.org.json.simple.parser.JSONParser.parse(Unknown Source)
	at com.browserstack.v2.SdkCliUtils.checkAndUpdateCli(Unknown Source)
	at com.browserstack.v2.SdkCliUtils.setupCliPath(Unknown Source)
	at com.browserstack.v2.SdkCLI.<clinit>(Unknown Source)
	at com.browserstack.monitoring.PerformanceTester.measure(Unknown Source)
	at com.browserstack.monitoring.PerformanceTester.end(Unknown Source)
	at com.browserstack.testNgListeners.BrowserstackSuiteListener.a(Unknown Source)
	at com.browserstack.testNgListeners.BrowserstackSuiteListener.onStart(Unknown Source)
	at org.testng.SuiteRunner.invokeListeners(SuiteRunner.java:242)
	at org.testng.SuiteRunner.run(SuiteRunner.java:310)
	at org.testng.SuiteRunnerWorker.runSuite(SuiteRunnerWorker.java:52)
	at org.testng.SuiteRunnerWorker.run(SuiteRunnerWorker.java:95)
	at org.testng.TestNG.runSuitesSequentially(TestNG.java:1274)
	at org.testng.TestNG.runSuitesLocally(TestNG.java:1208)
	at org.testng.TestNG.runSuites(TestNG.java:1112)
	at org.testng.TestNG.run(TestNG.java:1079)
	at org.testng.remote.AbstractRemoteTestNG.run(AbstractRemoteTestNG.java:115)
	at org.testng.remote.RemoteTestNG.initAndRun(RemoteTestNG.java:293)
	at org.testng.remote.RemoteTestNG.main(RemoteTestNG.java:91)

14:32:49.931 [main] DEBUG c.b.monitoring.PerformanceTester - Failed to append key metrics to file C:\Users\sathi\eclipse-workspace\AppiumAutomation\log\key-metrics.json
14:32:50.088 [main] DEBUG c.b.utils.FunnelInstrumentation - Error in getting Product:
java.lang.NullPointerException: Cannot invoke "String.equalsIgnoreCase(String)" because the return value of "com.browserstack.config.BrowserStackConfig.getFramework()" is null
	at com.browserstack.utils.FunnelInstrumentation.a(Unknown Source)
	at java.base/java.util.stream.MatchOps$1MatchSink.accept(MatchOps.java:90)
	at java.base/java.util.Spliterators$ArraySpliterator.tryAdvance(Spliterators.java:1034)
	at java.base/java.util.stream.ReferencePipeline.forEachWithCancel(ReferencePipeline.java:147)
	at java.base/java.util.stream.AbstractPipeline.copyIntoWithCancel(AbstractPipeline.java:588)
	at java.base/java.util.stream.AbstractPipeline.copyInto(AbstractPipeline.java:574)
	at java.base/java.util.stream.AbstractPipeline.wrapAndCopyInto(AbstractPipeline.java:560)
	at java.base/java.util.stream.MatchOps$MatchOp.evaluateSequential(MatchOps.java:230)
	at java.base/java.util.stream.MatchOps$MatchOp.evaluateSequential(MatchOps.java:196)
	at java.base/java.util.stream.AbstractPipeline.evaluate(AbstractPipeline.java:265)
	at java.base/java.util.stream.ReferencePipeline.anyMatch(ReferencePipeline.java:672)
	at com.browserstack.utils.FunnelInstrumentation.getProducts(Unknown Source)
	at com.browserstack.utils.FunnelInstrumentation.createParamsForEvent(Unknown Source)
	at com.browserstack.utils.FunnelInstrumentation.sendSDKEvent(Unknown Source)
	at com.browserstack.testNgListeners.TmpSuiteListener.onFinish(Unknown Source)
	at org.testng.TestRunner.fireEvent(TestRunner.java:900)
	at org.testng.TestRunner.afterRun(TestRunner.java:855)
	at org.testng.TestRunner.run(TestRunner.java:618)
	at org.testng.SuiteRunner.runTest(SuiteRunner.java:421)
	at org.testng.SuiteRunner.runSequentially(SuiteRunner.java:413)
	at org.testng.SuiteRunner.privateRun(SuiteRunner.java:373)
	at org.testng.SuiteRunner.run(SuiteRunner.java:312)
	at org.testng.SuiteRunnerWorker.runSuite(SuiteRunnerWorker.java:52)
	at org.testng.SuiteRunnerWorker.run(SuiteRunnerWorker.java:95)
	at org.testng.TestNG.runSuitesSequentially(TestNG.java:1274)
	at org.testng.TestNG.runSuitesLocally(TestNG.java:1208)
	at org.testng.TestNG.runSuites(TestNG.java:1112)
	at org.testng.TestNG.run(TestNG.java:1079)
	at org.testng.remote.AbstractRemoteTestNG.run(AbstractRemoteTestNG.java:115)
	at org.testng.remote.RemoteTestNG.initAndRun(RemoteTestNG.java:293)
	at org.testng.remote.RemoteTestNG.main(RemoteTestNG.java:91)
14:32:50.112 [main] DEBUG c.b.utils.FrameworkDetectionUtils - Couldn't find dependency class: appium
14:32:50.199 [main] DEBUG com.browserstack.testOps.UsageStats - getFormattedData: Collecting data for TestObservability
14:32:50.300 [main] TRACE c.b.t.TestOrchestrationUtils - getInstrumentationData: invoked
14:32:50.317 [main] DEBUG c.b.utils.FunnelInstrumentation - Sending funnel data for SDKTestSuccessful with data: {"event_type":"SDKTestSuccessful","accessKey":"[REDACTED]","userName":"[REDACTED]","event_properties":{"isPercyAutoEnabled":false,"language":"java","sdkRunId":"8b1542f8-d9a2-48ef-b8db-5978610f1344","buildIdentifier":"unknown","testhub_uuid":"","detectedAppiumVersion":"null","productMap":{"app_automate":false,"accessibility":null,"automate":true,"percy":false,"observability":false,"turboscale":false},"hostname":"Sathish","measures":{"sdk:pre-test":0.03040003776550293},"productUsage":{"testObservability":{"buildHashedId":"","manuallySet":false,"enabled":false}},"browserStackConfig":{"browserstackLocal":null,"percy":false,"logLevel":"info","staticWebDriver":true,"autoDetectFramework":true,"percyCaptureMode":"AUTO","browserStackLocalOptions":null,"percyOptions":null,"testContextOptions":{"serenityOverridePlugin":false,"skipSessionStatus":false,"skipSessionName":false},"platforms":null,"parallelsPerPlatform":null,"framework":null,"accessibility":false,"accessibilityOptions":{},"turboScaleOptions":{},"disableAutoCaptureLogs":true,"testObservability":true,"browserstackAutomation":true,"turboScale":false,"testObservabilityOptions":{},"gradleMConfig":null,"proxySettings":null},"automationFrameworkVersion":null,"percyBuildId":null,"product":"[automate]","buildName":"unknown","os":"Windows 11","languageVersion":"23.0.2","appiumVersion":"null","frameworkDetectionInstrumentation":{},"detectedDependencies":"","referrer":"unknown","locationTrigger":"onFinish","accessibilityConfiguration":{"pollingTimeout":30},"language_framework":"unknown","testOrchestration":{"abortBuildOnFailure":{"enabled":false},"retryTestsOnFailure":{"enabled":false},"userConfig":{}},"detectedSeleniumVersion":"4.1.2","automationFramework":"selenium","seleniumVersion":"null"}}
14:32:51.008 [main] DEBUG c.b.utils.FunnelInstrumentation - API Event SDKTestSuccessful, response: {"message":"Unauthorized"}
14:32:51.079 [main] DEBUG c.b.monitoring.PerformanceTester - Failed to append key metrics to file C:\Users\sathi\eclipse-workspace\AppiumAutomation\log\key-metrics.json
14:39:42.475 [main] WARN  c.b.config.BrowserStackConfig - Test Observability could not be enabled because framework detected is null. We currently support frameworks testng, cucumber-testng & serenity
14:39:42.935 [main] DEBUG com.browserstack.v2.SdkCliUtils - File C:\Users\sathi\.browserstack already exist
14:39:42.937 [main] DEBUG com.browserstack.v2.SdkCliUtils - getExistingCliPath: no binary found
14:39:42.937 [main] DEBUG com.browserstack.v2.SdkCliUtils - Current CLI Path Found: 
14:39:43.743 [main] ERROR com.browserstack.v2.SdkCliUtils - Error in setting up cli path directory, Exception: Unexpected token END OF FILE at position 0.
	at browserstack.shaded.org.json.simple.parser.JSONParser.parse(Unknown Source)
	at browserstack.shaded.org.json.simple.parser.JSONParser.parse(Unknown Source)
	at browserstack.shaded.org.json.simple.parser.JSONParser.parse(Unknown Source)
	at com.browserstack.v2.SdkCliUtils.checkAndUpdateCli(Unknown Source)
	at com.browserstack.v2.SdkCliUtils.setupCliPath(Unknown Source)
	at com.browserstack.v2.SdkCLI.<clinit>(Unknown Source)
	at com.browserstack.monitoring.PerformanceTester.measure(Unknown Source)
	at com.browserstack.monitoring.PerformanceTester.end(Unknown Source)
	at com.browserstack.testNgListeners.BrowserstackSuiteListener.a(Unknown Source)
	at com.browserstack.testNgListeners.BrowserstackSuiteListener.onStart(Unknown Source)
	at org.testng.SuiteRunner.invokeListeners(SuiteRunner.java:242)
	at org.testng.SuiteRunner.run(SuiteRunner.java:310)
	at org.testng.SuiteRunnerWorker.runSuite(SuiteRunnerWorker.java:52)
	at org.testng.SuiteRunnerWorker.run(SuiteRunnerWorker.java:95)
	at org.testng.TestNG.runSuitesSequentially(TestNG.java:1274)
	at org.testng.TestNG.runSuitesLocally(TestNG.java:1208)
	at org.testng.TestNG.runSuites(TestNG.java:1112)
	at org.testng.TestNG.run(TestNG.java:1079)
	at org.testng.remote.AbstractRemoteTestNG.run(AbstractRemoteTestNG.java:115)
	at org.testng.remote.RemoteTestNG.initAndRun(RemoteTestNG.java:293)
	at org.testng.remote.RemoteTestNG.main(RemoteTestNG.java:91)

14:39:43.753 [main] DEBUG c.b.monitoring.PerformanceTester - Failed to append key metrics to file C:\Users\sathi\eclipse-workspace\AppiumAutomation\log\key-metrics.json
14:39:43.908 [main] DEBUG c.b.utils.FunnelInstrumentation - Error in getting Product:
java.lang.NullPointerException: Cannot invoke "String.equalsIgnoreCase(String)" because the return value of "com.browserstack.config.BrowserStackConfig.getFramework()" is null
	at com.browserstack.utils.FunnelInstrumentation.a(Unknown Source)
	at java.base/java.util.stream.MatchOps$1MatchSink.accept(MatchOps.java:90)
	at java.base/java.util.Spliterators$ArraySpliterator.tryAdvance(Spliterators.java:1034)
	at java.base/java.util.stream.ReferencePipeline.forEachWithCancel(ReferencePipeline.java:147)
	at java.base/java.util.stream.AbstractPipeline.copyIntoWithCancel(AbstractPipeline.java:588)
	at java.base/java.util.stream.AbstractPipeline.copyInto(AbstractPipeline.java:574)
	at java.base/java.util.stream.AbstractPipeline.wrapAndCopyInto(AbstractPipeline.java:560)
	at java.base/java.util.stream.MatchOps$MatchOp.evaluateSequential(MatchOps.java:230)
	at java.base/java.util.stream.MatchOps$MatchOp.evaluateSequential(MatchOps.java:196)
	at java.base/java.util.stream.AbstractPipeline.evaluate(AbstractPipeline.java:265)
	at java.base/java.util.stream.ReferencePipeline.anyMatch(ReferencePipeline.java:672)
	at com.browserstack.utils.FunnelInstrumentation.getProducts(Unknown Source)
	at com.browserstack.utils.FunnelInstrumentation.createParamsForEvent(Unknown Source)
	at com.browserstack.utils.FunnelInstrumentation.sendSDKEvent(Unknown Source)
	at com.browserstack.testNgListeners.TmpSuiteListener.onFinish(Unknown Source)
	at org.testng.TestRunner.fireEvent(TestRunner.java:900)
	at org.testng.TestRunner.afterRun(TestRunner.java:855)
	at org.testng.TestRunner.run(TestRunner.java:618)
	at org.testng.SuiteRunner.runTest(SuiteRunner.java:421)
	at org.testng.SuiteRunner.runSequentially(SuiteRunner.java:413)
	at org.testng.SuiteRunner.privateRun(SuiteRunner.java:373)
	at org.testng.SuiteRunner.run(SuiteRunner.java:312)
	at org.testng.SuiteRunnerWorker.runSuite(SuiteRunnerWorker.java:52)
	at org.testng.SuiteRunnerWorker.run(SuiteRunnerWorker.java:95)
	at org.testng.TestNG.runSuitesSequentially(TestNG.java:1274)
	at org.testng.TestNG.runSuitesLocally(TestNG.java:1208)
	at org.testng.TestNG.runSuites(TestNG.java:1112)
	at org.testng.TestNG.run(TestNG.java:1079)
	at org.testng.remote.AbstractRemoteTestNG.run(AbstractRemoteTestNG.java:115)
	at org.testng.remote.RemoteTestNG.initAndRun(RemoteTestNG.java:293)
	at org.testng.remote.RemoteTestNG.main(RemoteTestNG.java:91)
14:39:43.936 [main] DEBUG c.b.utils.FrameworkDetectionUtils - Couldn't find dependency class: appium
14:39:44.046 [main] DEBUG com.browserstack.testOps.UsageStats - getFormattedData: Collecting data for TestObservability
14:39:44.128 [main] TRACE c.b.t.TestOrchestrationUtils - getInstrumentationData: invoked
14:39:44.149 [main] DEBUG c.b.utils.FunnelInstrumentation - Sending funnel data for SDKTestSuccessful with data: {"event_type":"SDKTestSuccessful","accessKey":"[REDACTED]","userName":"[REDACTED]","event_properties":{"isPercyAutoEnabled":false,"language":"java","sdkRunId":"33463b9b-fbcb-4727-82e0-490b1178eacc","buildIdentifier":"unknown","testhub_uuid":"","detectedAppiumVersion":"null","productMap":{"app_automate":false,"accessibility":null,"automate":true,"percy":false,"observability":false,"turboscale":false},"hostname":"Sathish","measures":{"sdk:pre-test":0.0205000638961792},"productUsage":{"testObservability":{"buildHashedId":"","manuallySet":false,"enabled":false}},"browserStackConfig":{"browserstackLocal":null,"percy":false,"logLevel":"info","staticWebDriver":true,"autoDetectFramework":true,"percyCaptureMode":"AUTO","browserStackLocalOptions":null,"percyOptions":null,"testContextOptions":{"skipSessionName":false,"skipSessionStatus":false,"serenityOverridePlugin":false},"platforms":null,"parallelsPerPlatform":null,"framework":null,"accessibility":false,"accessibilityOptions":{},"turboScaleOptions":{},"disableAutoCaptureLogs":true,"testObservability":true,"browserstackAutomation":true,"turboScale":false,"testObservabilityOptions":{},"gradleMConfig":null,"proxySettings":null},"automationFrameworkVersion":null,"percyBuildId":null,"product":"[automate]","buildName":"unknown","os":"Windows 11","languageVersion":"23.0.2","appiumVersion":"null","frameworkDetectionInstrumentation":{},"detectedDependencies":"","referrer":"unknown","locationTrigger":"onFinish","accessibilityConfiguration":{"pollingTimeout":30},"language_framework":"unknown","testOrchestration":{"abortBuildOnFailure":{"enabled":false},"retryTestsOnFailure":{"enabled":false},"userConfig":{}},"detectedSeleniumVersion":"4.1.2","automationFramework":"selenium","seleniumVersion":"null"}}
14:39:45.271 [main] DEBUG c.b.utils.FunnelInstrumentation - API Event SDKTestSuccessful, response: {"message":"Unauthorized"}
14:39:45.344 [main] DEBUG c.b.monitoring.PerformanceTester - Failed to append key metrics to file C:\Users\sathi\eclipse-workspace\AppiumAutomation\log\key-metrics.json
14:41:03.696 [main] WARN  c.b.config.BrowserStackConfig - Test Observability could not be enabled because framework detected is null. We currently support frameworks testng, cucumber-testng & serenity
14:41:04.176 [main] DEBUG com.browserstack.v2.SdkCliUtils - File C:\Users\sathi\.browserstack already exist
14:41:04.178 [main] DEBUG com.browserstack.v2.SdkCliUtils - getExistingCliPath: no binary found
14:41:04.178 [main] DEBUG com.browserstack.v2.SdkCliUtils - Current CLI Path Found: 
14:41:04.970 [main] ERROR com.browserstack.v2.SdkCliUtils - Error in setting up cli path directory, Exception: Unexpected token END OF FILE at position 0.
	at browserstack.shaded.org.json.simple.parser.JSONParser.parse(Unknown Source)
	at browserstack.shaded.org.json.simple.parser.JSONParser.parse(Unknown Source)
	at browserstack.shaded.org.json.simple.parser.JSONParser.parse(Unknown Source)
	at com.browserstack.v2.SdkCliUtils.checkAndUpdateCli(Unknown Source)
	at com.browserstack.v2.SdkCliUtils.setupCliPath(Unknown Source)
	at com.browserstack.v2.SdkCLI.<clinit>(Unknown Source)
	at com.browserstack.monitoring.PerformanceTester.measure(Unknown Source)
	at com.browserstack.monitoring.PerformanceTester.end(Unknown Source)
	at com.browserstack.testNgListeners.BrowserstackSuiteListener.a(Unknown Source)
	at com.browserstack.testNgListeners.BrowserstackSuiteListener.onStart(Unknown Source)
	at org.testng.SuiteRunner.invokeListeners(SuiteRunner.java:242)
	at org.testng.SuiteRunner.run(SuiteRunner.java:310)
	at org.testng.SuiteRunnerWorker.runSuite(SuiteRunnerWorker.java:52)
	at org.testng.SuiteRunnerWorker.run(SuiteRunnerWorker.java:95)
	at org.testng.TestNG.runSuitesSequentially(TestNG.java:1274)
	at org.testng.TestNG.runSuitesLocally(TestNG.java:1208)
	at org.testng.TestNG.runSuites(TestNG.java:1112)
	at org.testng.TestNG.run(TestNG.java:1079)
	at org.testng.remote.AbstractRemoteTestNG.run(AbstractRemoteTestNG.java:115)
	at org.testng.remote.RemoteTestNG.initAndRun(RemoteTestNG.java:293)
	at org.testng.remote.RemoteTestNG.main(RemoteTestNG.java:91)

14:41:04.978 [main] DEBUG c.b.monitoring.PerformanceTester - Failed to append key metrics to file C:\Users\sathi\eclipse-workspace\AppiumAutomation\log\key-metrics.json
14:41:05.103 [main] DEBUG c.b.utils.FunnelInstrumentation - Error in getting Product:
java.lang.NullPointerException: Cannot invoke "String.equalsIgnoreCase(String)" because the return value of "com.browserstack.config.BrowserStackConfig.getFramework()" is null
	at com.browserstack.utils.FunnelInstrumentation.a(Unknown Source)
	at java.base/java.util.stream.MatchOps$1MatchSink.accept(MatchOps.java:90)
	at java.base/java.util.Spliterators$ArraySpliterator.tryAdvance(Spliterators.java:1034)
	at java.base/java.util.stream.ReferencePipeline.forEachWithCancel(ReferencePipeline.java:147)
	at java.base/java.util.stream.AbstractPipeline.copyIntoWithCancel(AbstractPipeline.java:588)
	at java.base/java.util.stream.AbstractPipeline.copyInto(AbstractPipeline.java:574)
	at java.base/java.util.stream.AbstractPipeline.wrapAndCopyInto(AbstractPipeline.java:560)
	at java.base/java.util.stream.MatchOps$MatchOp.evaluateSequential(MatchOps.java:230)
	at java.base/java.util.stream.MatchOps$MatchOp.evaluateSequential(MatchOps.java:196)
	at java.base/java.util.stream.AbstractPipeline.evaluate(AbstractPipeline.java:265)
	at java.base/java.util.stream.ReferencePipeline.anyMatch(ReferencePipeline.java:672)
	at com.browserstack.utils.FunnelInstrumentation.getProducts(Unknown Source)
	at com.browserstack.utils.FunnelInstrumentation.createParamsForEvent(Unknown Source)
	at com.browserstack.utils.FunnelInstrumentation.sendSDKEvent(Unknown Source)
	at com.browserstack.testNgListeners.TmpSuiteListener.onFinish(Unknown Source)
	at org.testng.TestRunner.fireEvent(TestRunner.java:900)
	at org.testng.TestRunner.afterRun(TestRunner.java:855)
	at org.testng.TestRunner.run(TestRunner.java:618)
	at org.testng.SuiteRunner.runTest(SuiteRunner.java:421)
	at org.testng.SuiteRunner.runSequentially(SuiteRunner.java:413)
	at org.testng.SuiteRunner.privateRun(SuiteRunner.java:373)
	at org.testng.SuiteRunner.run(SuiteRunner.java:312)
	at org.testng.SuiteRunnerWorker.runSuite(SuiteRunnerWorker.java:52)
	at org.testng.SuiteRunnerWorker.run(SuiteRunnerWorker.java:95)
	at org.testng.TestNG.runSuitesSequentially(TestNG.java:1274)
	at org.testng.TestNG.runSuitesLocally(TestNG.java:1208)
	at org.testng.TestNG.runSuites(TestNG.java:1112)
	at org.testng.TestNG.run(TestNG.java:1079)
	at org.testng.remote.AbstractRemoteTestNG.run(AbstractRemoteTestNG.java:115)
	at org.testng.remote.RemoteTestNG.initAndRun(RemoteTestNG.java:293)
	at org.testng.remote.RemoteTestNG.main(RemoteTestNG.java:91)
14:41:05.123 [main] DEBUG c.b.utils.FrameworkDetectionUtils - Couldn't find dependency class: appium
14:41:05.197 [main] DEBUG com.browserstack.testOps.UsageStats - getFormattedData: Collecting data for TestObservability
14:41:05.259 [main] TRACE c.b.t.TestOrchestrationUtils - getInstrumentationData: invoked
14:41:05.271 [main] DEBUG c.b.utils.FunnelInstrumentation - Sending funnel data for SDKTestSuccessful with data: {"event_type":"SDKTestSuccessful","accessKey":"[REDACTED]","userName":"[REDACTED]","event_properties":{"isPercyAutoEnabled":false,"language":"java","sdkRunId":"6cdb24b1-342d-4c6b-aa8f-839c23cf823b","buildIdentifier":"unknown","testhub_uuid":"","detectedAppiumVersion":"null","productMap":{"app_automate":false,"accessibility":null,"automate":true,"percy":false,"observability":false,"turboscale":false},"hostname":"Sathish","measures":{"sdk:pre-test":0.021499991416931152},"productUsage":{"testObservability":{"buildHashedId":"","manuallySet":false,"enabled":false}},"browserStackConfig":{"browserstackLocal":null,"percy":false,"logLevel":"info","staticWebDriver":true,"autoDetectFramework":true,"percyCaptureMode":"AUTO","browserStackLocalOptions":null,"percyOptions":null,"testContextOptions":{"skipSessionName":false,"skipSessionStatus":false,"serenityOverridePlugin":false},"platforms":null,"parallelsPerPlatform":null,"framework":null,"accessibility":false,"accessibilityOptions":{},"turboScaleOptions":{},"disableAutoCaptureLogs":true,"testObservability":true,"browserstackAutomation":true,"turboScale":false,"testObservabilityOptions":{},"gradleMConfig":null,"proxySettings":null},"automationFrameworkVersion":null,"percyBuildId":null,"product":"[automate]","buildName":"unknown","os":"Windows 11","languageVersion":"23.0.2","appiumVersion":"null","frameworkDetectionInstrumentation":{},"detectedDependencies":"","referrer":"unknown","locationTrigger":"onFinish","accessibilityConfiguration":{"pollingTimeout":30},"language_framework":"unknown","testOrchestration":{"abortBuildOnFailure":{"enabled":false},"retryTestsOnFailure":{"enabled":false},"userConfig":{}},"detectedSeleniumVersion":"4.1.2","automationFramework":"selenium","seleniumVersion":"null"}}
14:41:05.856 [main] DEBUG c.b.utils.FunnelInstrumentation - API Event SDKTestSuccessful, response: {"message":"Unauthorized"}
14:41:05.919 [main] DEBUG c.b.monitoring.PerformanceTester - Failed to append key metrics to file C:\Users\sathi\eclipse-workspace\AppiumAutomation\log\key-metrics.json
14:42:51.322 [main] WARN  c.b.config.BrowserStackConfig - Test Observability could not be enabled because framework detected is null. We currently support frameworks testng, cucumber-testng & serenity
14:42:51.886 [main] DEBUG com.browserstack.v2.SdkCliUtils - File C:\Users\sathi\.browserstack already exist
14:42:51.888 [main] DEBUG com.browserstack.v2.SdkCliUtils - getExistingCliPath: no binary found
14:42:51.889 [main] DEBUG com.browserstack.v2.SdkCliUtils - Current CLI Path Found: 
14:42:52.666 [main] ERROR com.browserstack.v2.SdkCliUtils - Error in setting up cli path directory, Exception: Unexpected token END OF FILE at position 0.
	at browserstack.shaded.org.json.simple.parser.JSONParser.parse(Unknown Source)
	at browserstack.shaded.org.json.simple.parser.JSONParser.parse(Unknown Source)
	at browserstack.shaded.org.json.simple.parser.JSONParser.parse(Unknown Source)
	at com.browserstack.v2.SdkCliUtils.checkAndUpdateCli(Unknown Source)
	at com.browserstack.v2.SdkCliUtils.setupCliPath(Unknown Source)
	at com.browserstack.v2.SdkCLI.<clinit>(Unknown Source)
	at com.browserstack.monitoring.PerformanceTester.measure(Unknown Source)
	at com.browserstack.monitoring.PerformanceTester.end(Unknown Source)
	at com.browserstack.testNgListeners.BrowserstackSuiteListener.a(Unknown Source)
	at com.browserstack.testNgListeners.BrowserstackSuiteListener.onStart(Unknown Source)
	at org.testng.SuiteRunner.invokeListeners(SuiteRunner.java:242)
	at org.testng.SuiteRunner.run(SuiteRunner.java:310)
	at org.testng.SuiteRunnerWorker.runSuite(SuiteRunnerWorker.java:52)
	at org.testng.SuiteRunnerWorker.run(SuiteRunnerWorker.java:95)
	at org.testng.TestNG.runSuitesSequentially(TestNG.java:1274)
	at org.testng.TestNG.runSuitesLocally(TestNG.java:1208)
	at org.testng.TestNG.runSuites(TestNG.java:1112)
	at org.testng.TestNG.run(TestNG.java:1079)
	at org.testng.remote.AbstractRemoteTestNG.run(AbstractRemoteTestNG.java:115)
	at org.testng.remote.RemoteTestNG.initAndRun(RemoteTestNG.java:293)
	at org.testng.remote.RemoteTestNG.main(RemoteTestNG.java:91)

14:42:52.680 [main] DEBUG c.b.monitoring.PerformanceTester - Failed to append key metrics to file C:\Users\sathi\eclipse-workspace\AppiumAutomation\log\key-metrics.json
14:42:52.849 [main] DEBUG c.b.utils.FunnelInstrumentation - Error in getting Product:
java.lang.NullPointerException: Cannot invoke "String.equalsIgnoreCase(String)" because the return value of "com.browserstack.config.BrowserStackConfig.getFramework()" is null
	at com.browserstack.utils.FunnelInstrumentation.a(Unknown Source)
	at java.base/java.util.stream.MatchOps$1MatchSink.accept(MatchOps.java:90)
	at java.base/java.util.Spliterators$ArraySpliterator.tryAdvance(Spliterators.java:1034)
	at java.base/java.util.stream.ReferencePipeline.forEachWithCancel(ReferencePipeline.java:147)
	at java.base/java.util.stream.AbstractPipeline.copyIntoWithCancel(AbstractPipeline.java:588)
	at java.base/java.util.stream.AbstractPipeline.copyInto(AbstractPipeline.java:574)
	at java.base/java.util.stream.AbstractPipeline.wrapAndCopyInto(AbstractPipeline.java:560)
	at java.base/java.util.stream.MatchOps$MatchOp.evaluateSequential(MatchOps.java:230)
	at java.base/java.util.stream.MatchOps$MatchOp.evaluateSequential(MatchOps.java:196)
	at java.base/java.util.stream.AbstractPipeline.evaluate(AbstractPipeline.java:265)
	at java.base/java.util.stream.ReferencePipeline.anyMatch(ReferencePipeline.java:672)
	at com.browserstack.utils.FunnelInstrumentation.getProducts(Unknown Source)
	at com.browserstack.utils.FunnelInstrumentation.createParamsForEvent(Unknown Source)
	at com.browserstack.utils.FunnelInstrumentation.sendSDKEvent(Unknown Source)
	at com.browserstack.testNgListeners.TmpSuiteListener.onFinish(Unknown Source)
	at org.testng.TestRunner.fireEvent(TestRunner.java:900)
	at org.testng.TestRunner.afterRun(TestRunner.java:855)
	at org.testng.TestRunner.run(TestRunner.java:618)
	at org.testng.SuiteRunner.runTest(SuiteRunner.java:421)
	at org.testng.SuiteRunner.runSequentially(SuiteRunner.java:413)
	at org.testng.SuiteRunner.privateRun(SuiteRunner.java:373)
	at org.testng.SuiteRunner.run(SuiteRunner.java:312)
	at org.testng.SuiteRunnerWorker.runSuite(SuiteRunnerWorker.java:52)
	at org.testng.SuiteRunnerWorker.run(SuiteRunnerWorker.java:95)
	at org.testng.TestNG.runSuitesSequentially(TestNG.java:1274)
	at org.testng.TestNG.runSuitesLocally(TestNG.java:1208)
	at org.testng.TestNG.runSuites(TestNG.java:1112)
	at org.testng.TestNG.run(TestNG.java:1079)
	at org.testng.remote.AbstractRemoteTestNG.run(AbstractRemoteTestNG.java:115)
	at org.testng.remote.RemoteTestNG.initAndRun(RemoteTestNG.java:293)
	at org.testng.remote.RemoteTestNG.main(RemoteTestNG.java:91)
14:42:52.876 [main] DEBUG c.b.utils.FrameworkDetectionUtils - Couldn't find dependency class: appium
14:42:52.968 [main] DEBUG com.browserstack.testOps.UsageStats - getFormattedData: Collecting data for TestObservability
14:42:53.060 [main] TRACE c.b.t.TestOrchestrationUtils - getInstrumentationData: invoked
14:42:53.080 [main] DEBUG c.b.utils.FunnelInstrumentation - Sending funnel data for SDKTestSuccessful with data: {"event_type":"SDKTestSuccessful","accessKey":"[REDACTED]","userName":"[REDACTED]","event_properties":{"isPercyAutoEnabled":false,"language":"java","sdkRunId":"265d73b4-3675-4c12-8e69-5ff832529a98","buildIdentifier":"unknown","testhub_uuid":"","detectedAppiumVersion":"null","productMap":{"app_automate":false,"accessibility":null,"automate":true,"percy":false,"observability":false,"turboscale":false},"hostname":"Sathish","measures":{"sdk:pre-test":0.027500033378601074},"productUsage":{"testObservability":{"buildHashedId":"","manuallySet":false,"enabled":false}},"browserStackConfig":{"browserstackLocal":null,"percy":false,"logLevel":"info","staticWebDriver":true,"autoDetectFramework":true,"percyCaptureMode":"AUTO","browserStackLocalOptions":null,"percyOptions":null,"testContextOptions":{"skipSessionName":false,"skipSessionStatus":false,"serenityOverridePlugin":false},"platforms":null,"parallelsPerPlatform":null,"framework":null,"accessibility":false,"accessibilityOptions":{},"turboScaleOptions":{},"disableAutoCaptureLogs":true,"testObservability":true,"browserstackAutomation":true,"turboScale":false,"testObservabilityOptions":{},"gradleMConfig":null,"proxySettings":null},"automationFrameworkVersion":null,"percyBuildId":null,"product":"[automate]","buildName":"unknown","os":"Windows 11","languageVersion":"23.0.2","appiumVersion":"null","frameworkDetectionInstrumentation":{},"detectedDependencies":"","referrer":"unknown","locationTrigger":"onFinish","accessibilityConfiguration":{"pollingTimeout":30},"language_framework":"unknown","testOrchestration":{"abortBuildOnFailure":{"enabled":false},"retryTestsOnFailure":{"enabled":false},"userConfig":{}},"detectedSeleniumVersion":"4.1.2","automationFramework":"selenium","seleniumVersion":"null"}}
14:42:53.546 [main] DEBUG c.b.utils.FunnelInstrumentation - API Event SDKTestSuccessful, response: {"message":"Unauthorized"}
14:42:53.617 [main] DEBUG c.b.monitoring.PerformanceTester - Failed to append key metrics to file C:\Users\sathi\eclipse-workspace\AppiumAutomation\log\key-metrics.json
14:43:10.521 [main] WARN  c.b.config.BrowserStackConfig - Test Observability could not be enabled because framework detected is null. We currently support frameworks testng, cucumber-testng & serenity
14:43:10.983 [main] DEBUG com.browserstack.v2.SdkCliUtils - File C:\Users\sathi\.browserstack already exist
14:43:10.984 [main] DEBUG com.browserstack.v2.SdkCliUtils - getExistingCliPath: no binary found
14:43:10.985 [main] DEBUG com.browserstack.v2.SdkCliUtils - Current CLI Path Found: 
14:43:11.882 [main] ERROR com.browserstack.v2.SdkCliUtils - Error in setting up cli path directory, Exception: Unexpected token END OF FILE at position 0.
	at browserstack.shaded.org.json.simple.parser.JSONParser.parse(Unknown Source)
	at browserstack.shaded.org.json.simple.parser.JSONParser.parse(Unknown Source)
	at browserstack.shaded.org.json.simple.parser.JSONParser.parse(Unknown Source)
	at com.browserstack.v2.SdkCliUtils.checkAndUpdateCli(Unknown Source)
	at com.browserstack.v2.SdkCliUtils.setupCliPath(Unknown Source)
	at com.browserstack.v2.SdkCLI.<clinit>(Unknown Source)
	at com.browserstack.monitoring.PerformanceTester.measure(Unknown Source)
	at com.browserstack.monitoring.PerformanceTester.end(Unknown Source)
	at com.browserstack.testNgListeners.BrowserstackSuiteListener.a(Unknown Source)
	at com.browserstack.testNgListeners.BrowserstackSuiteListener.onStart(Unknown Source)
	at org.testng.SuiteRunner.invokeListeners(SuiteRunner.java:242)
	at org.testng.SuiteRunner.run(SuiteRunner.java:310)
	at org.testng.SuiteRunnerWorker.runSuite(SuiteRunnerWorker.java:52)
	at org.testng.SuiteRunnerWorker.run(SuiteRunnerWorker.java:95)
	at org.testng.TestNG.runSuitesSequentially(TestNG.java:1274)
	at org.testng.TestNG.runSuitesLocally(TestNG.java:1208)
	at org.testng.TestNG.runSuites(TestNG.java:1112)
	at org.testng.TestNG.run(TestNG.java:1079)
	at org.testng.remote.AbstractRemoteTestNG.run(AbstractRemoteTestNG.java:115)
	at org.testng.remote.RemoteTestNG.initAndRun(RemoteTestNG.java:293)
	at org.testng.remote.RemoteTestNG.main(RemoteTestNG.java:91)

14:43:11.893 [main] DEBUG c.b.monitoring.PerformanceTester - Failed to append key metrics to file C:\Users\sathi\eclipse-workspace\AppiumAutomation\log\key-metrics.json
14:43:12.071 [main] DEBUG c.b.utils.FunnelInstrumentation - Error in getting Product:
java.lang.NullPointerException: Cannot invoke "String.equalsIgnoreCase(String)" because the return value of "com.browserstack.config.BrowserStackConfig.getFramework()" is null
	at com.browserstack.utils.FunnelInstrumentation.a(Unknown Source)
	at java.base/java.util.stream.MatchOps$1MatchSink.accept(MatchOps.java:90)
	at java.base/java.util.Spliterators$ArraySpliterator.tryAdvance(Spliterators.java:1034)
	at java.base/java.util.stream.ReferencePipeline.forEachWithCancel(ReferencePipeline.java:147)
	at java.base/java.util.stream.AbstractPipeline.copyIntoWithCancel(AbstractPipeline.java:588)
	at java.base/java.util.stream.AbstractPipeline.copyInto(AbstractPipeline.java:574)
	at java.base/java.util.stream.AbstractPipeline.wrapAndCopyInto(AbstractPipeline.java:560)
	at java.base/java.util.stream.MatchOps$MatchOp.evaluateSequential(MatchOps.java:230)
	at java.base/java.util.stream.MatchOps$MatchOp.evaluateSequential(MatchOps.java:196)
	at java.base/java.util.stream.AbstractPipeline.evaluate(AbstractPipeline.java:265)
	at java.base/java.util.stream.ReferencePipeline.anyMatch(ReferencePipeline.java:672)
	at com.browserstack.utils.FunnelInstrumentation.getProducts(Unknown Source)
	at com.browserstack.utils.FunnelInstrumentation.createParamsForEvent(Unknown Source)
	at com.browserstack.utils.FunnelInstrumentation.sendSDKEvent(Unknown Source)
	at com.browserstack.testNgListeners.TmpSuiteListener.onFinish(Unknown Source)
	at org.testng.TestRunner.fireEvent(TestRunner.java:900)
	at org.testng.TestRunner.afterRun(TestRunner.java:855)
	at org.testng.TestRunner.run(TestRunner.java:618)
	at org.testng.SuiteRunner.runTest(SuiteRunner.java:421)
	at org.testng.SuiteRunner.runSequentially(SuiteRunner.java:413)
	at org.testng.SuiteRunner.privateRun(SuiteRunner.java:373)
	at org.testng.SuiteRunner.run(SuiteRunner.java:312)
	at org.testng.SuiteRunnerWorker.runSuite(SuiteRunnerWorker.java:52)
	at org.testng.SuiteRunnerWorker.run(SuiteRunnerWorker.java:95)
	at org.testng.TestNG.runSuitesSequentially(TestNG.java:1274)
	at org.testng.TestNG.runSuitesLocally(TestNG.java:1208)
	at org.testng.TestNG.runSuites(TestNG.java:1112)
	at org.testng.TestNG.run(TestNG.java:1079)
	at org.testng.remote.AbstractRemoteTestNG.run(AbstractRemoteTestNG.java:115)
	at org.testng.remote.RemoteTestNG.initAndRun(RemoteTestNG.java:293)
	at org.testng.remote.RemoteTestNG.main(RemoteTestNG.java:91)
14:43:12.095 [main] DEBUG c.b.utils.FrameworkDetectionUtils - Couldn't find dependency class: appium
14:43:12.186 [main] DEBUG com.browserstack.testOps.UsageStats - getFormattedData: Collecting data for TestObservability
14:43:12.278 [main] TRACE c.b.t.TestOrchestrationUtils - getInstrumentationData: invoked
14:43:12.293 [main] DEBUG c.b.utils.FunnelInstrumentation - Sending funnel data for SDKTestSuccessful with data: {"event_type":"SDKTestSuccessful","accessKey":"[REDACTED]","userName":"[REDACTED]","event_properties":{"isPercyAutoEnabled":false,"language":"java","sdkRunId":"7b77066f-9f1c-460a-bba7-5213db58e25e","buildIdentifier":"unknown","testhub_uuid":"","detectedAppiumVersion":"null","productMap":{"app_automate":false,"accessibility":null,"automate":true,"percy":false,"observability":false,"turboscale":false},"hostname":"Sathish","measures":{"sdk:pre-test":0.02740001678466797},"productUsage":{"testObservability":{"buildHashedId":"","manuallySet":false,"enabled":false}},"browserStackConfig":{"browserstackLocal":null,"percy":false,"logLevel":"info","staticWebDriver":true,"autoDetectFramework":true,"percyCaptureMode":"AUTO","browserStackLocalOptions":null,"percyOptions":null,"testContextOptions":{"serenityOverridePlugin":false,"skipSessionStatus":false,"skipSessionName":false},"platforms":null,"parallelsPerPlatform":null,"framework":null,"accessibility":false,"accessibilityOptions":{},"turboScaleOptions":{},"disableAutoCaptureLogs":true,"testObservability":true,"browserstackAutomation":true,"turboScale":false,"testObservabilityOptions":{},"gradleMConfig":null,"proxySettings":null},"automationFrameworkVersion":null,"percyBuildId":null,"product":"[automate]","buildName":"unknown","os":"Windows 11","languageVersion":"23.0.2","appiumVersion":"null","frameworkDetectionInstrumentation":{},"detectedDependencies":"","referrer":"unknown","locationTrigger":"onFinish","accessibilityConfiguration":{"pollingTimeout":30},"language_framework":"unknown","testOrchestration":{"abortBuildOnFailure":{"enabled":false},"retryTestsOnFailure":{"enabled":false},"userConfig":{}},"detectedSeleniumVersion":"4.1.2","automationFramework":"selenium","seleniumVersion":"null"}}
14:43:12.804 [main] DEBUG c.b.utils.FunnelInstrumentation - API Event SDKTestSuccessful, response: {"message":"Unauthorized"}
14:43:12.876 [main] DEBUG c.b.monitoring.PerformanceTester - Failed to append key metrics to file C:\Users\sathi\eclipse-workspace\AppiumAutomation\log\key-metrics.json
14:46:43.992 [main] WARN  c.b.config.BrowserStackConfig - Test Observability could not be enabled because framework detected is null. We currently support frameworks testng, cucumber-testng & serenity
14:46:44.460 [main] DEBUG com.browserstack.v2.SdkCliUtils - File C:\Users\sathi\.browserstack already exist
14:46:44.462 [main] DEBUG com.browserstack.v2.SdkCliUtils - getExistingCliPath: no binary found
14:46:44.463 [main] DEBUG com.browserstack.v2.SdkCliUtils - Current CLI Path Found: 
14:46:45.331 [main] ERROR com.browserstack.v2.SdkCliUtils - Error in setting up cli path directory, Exception: Unexpected token END OF FILE at position 0.
	at browserstack.shaded.org.json.simple.parser.JSONParser.parse(Unknown Source)
	at browserstack.shaded.org.json.simple.parser.JSONParser.parse(Unknown Source)
	at browserstack.shaded.org.json.simple.parser.JSONParser.parse(Unknown Source)
	at com.browserstack.v2.SdkCliUtils.checkAndUpdateCli(Unknown Source)
	at com.browserstack.v2.SdkCliUtils.setupCliPath(Unknown Source)
	at com.browserstack.v2.SdkCLI.<clinit>(Unknown Source)
	at com.browserstack.monitoring.PerformanceTester.measure(Unknown Source)
	at com.browserstack.monitoring.PerformanceTester.end(Unknown Source)
	at com.browserstack.testNgListeners.BrowserstackSuiteListener.a(Unknown Source)
	at com.browserstack.testNgListeners.BrowserstackSuiteListener.onStart(Unknown Source)
	at org.testng.SuiteRunner.invokeListeners(SuiteRunner.java:242)
	at org.testng.SuiteRunner.run(SuiteRunner.java:310)
	at org.testng.SuiteRunnerWorker.runSuite(SuiteRunnerWorker.java:52)
	at org.testng.SuiteRunnerWorker.run(SuiteRunnerWorker.java:95)
	at org.testng.TestNG.runSuitesSequentially(TestNG.java:1274)
	at org.testng.TestNG.runSuitesLocally(TestNG.java:1208)
	at org.testng.TestNG.runSuites(TestNG.java:1112)
	at org.testng.TestNG.run(TestNG.java:1079)
	at org.testng.remote.AbstractRemoteTestNG.run(AbstractRemoteTestNG.java:115)
	at org.testng.remote.RemoteTestNG.initAndRun(RemoteTestNG.java:293)
	at org.testng.remote.RemoteTestNG.main(RemoteTestNG.java:91)

14:46:45.341 [main] DEBUG c.b.monitoring.PerformanceTester - Failed to append key metrics to file C:\Users\sathi\eclipse-workspace\AppiumAutomation\log\key-metrics.json
14:46:45.501 [main] DEBUG c.b.utils.FunnelInstrumentation - Error in getting Product:
java.lang.NullPointerException: Cannot invoke "String.equalsIgnoreCase(String)" because the return value of "com.browserstack.config.BrowserStackConfig.getFramework()" is null
	at com.browserstack.utils.FunnelInstrumentation.a(Unknown Source)
	at java.base/java.util.stream.MatchOps$1MatchSink.accept(MatchOps.java:90)
	at java.base/java.util.Spliterators$ArraySpliterator.tryAdvance(Spliterators.java:1034)
	at java.base/java.util.stream.ReferencePipeline.forEachWithCancel(ReferencePipeline.java:147)
	at java.base/java.util.stream.AbstractPipeline.copyIntoWithCancel(AbstractPipeline.java:588)
	at java.base/java.util.stream.AbstractPipeline.copyInto(AbstractPipeline.java:574)
	at java.base/java.util.stream.AbstractPipeline.wrapAndCopyInto(AbstractPipeline.java:560)
	at java.base/java.util.stream.MatchOps$MatchOp.evaluateSequential(MatchOps.java:230)
	at java.base/java.util.stream.MatchOps$MatchOp.evaluateSequential(MatchOps.java:196)
	at java.base/java.util.stream.AbstractPipeline.evaluate(AbstractPipeline.java:265)
	at java.base/java.util.stream.ReferencePipeline.anyMatch(ReferencePipeline.java:672)
	at com.browserstack.utils.FunnelInstrumentation.getProducts(Unknown Source)
	at com.browserstack.utils.FunnelInstrumentation.createParamsForEvent(Unknown Source)
	at com.browserstack.utils.FunnelInstrumentation.sendSDKEvent(Unknown Source)
	at com.browserstack.testNgListeners.TmpSuiteListener.onFinish(Unknown Source)
	at org.testng.TestRunner.fireEvent(TestRunner.java:900)
	at org.testng.TestRunner.afterRun(TestRunner.java:855)
	at org.testng.TestRunner.run(TestRunner.java:618)
	at org.testng.SuiteRunner.runTest(SuiteRunner.java:421)
	at org.testng.SuiteRunner.runSequentially(SuiteRunner.java:413)
	at org.testng.SuiteRunner.privateRun(SuiteRunner.java:373)
	at org.testng.SuiteRunner.run(SuiteRunner.java:312)
	at org.testng.SuiteRunnerWorker.runSuite(SuiteRunnerWorker.java:52)
	at org.testng.SuiteRunnerWorker.run(SuiteRunnerWorker.java:95)
	at org.testng.TestNG.runSuitesSequentially(TestNG.java:1274)
	at org.testng.TestNG.runSuitesLocally(TestNG.java:1208)
	at org.testng.TestNG.runSuites(TestNG.java:1112)
	at org.testng.TestNG.run(TestNG.java:1079)
	at org.testng.remote.AbstractRemoteTestNG.run(AbstractRemoteTestNG.java:115)
	at org.testng.remote.RemoteTestNG.initAndRun(RemoteTestNG.java:293)
	at org.testng.remote.RemoteTestNG.main(RemoteTestNG.java:91)
14:46:45.530 [main] DEBUG c.b.utils.FrameworkDetectionUtils - Couldn't find dependency class: appium
14:46:45.612 [main] DEBUG com.browserstack.testOps.UsageStats - getFormattedData: Collecting data for TestObservability
14:46:45.695 [main] TRACE c.b.t.TestOrchestrationUtils - getInstrumentationData: invoked
14:46:45.714 [main] DEBUG c.b.utils.FunnelInstrumentation - Sending funnel data for SDKTestSuccessful with data: {"event_type":"SDKTestSuccessful","accessKey":"[REDACTED]","userName":"[REDACTED]","event_properties":{"isPercyAutoEnabled":false,"language":"java","sdkRunId":"ec6990bc-67ca-4791-bc80-9a142747df41","buildIdentifier":"unknown","testhub_uuid":"","detectedAppiumVersion":"null","productMap":{"app_automate":false,"accessibility":null,"automate":true,"percy":false,"observability":false,"turboscale":false},"hostname":"Sathish","measures":{"sdk:pre-test":0.02369999885559082},"productUsage":{"testObservability":{"buildHashedId":"","manuallySet":false,"enabled":false}},"browserStackConfig":{"browserstackLocal":null,"percy":false,"logLevel":"info","staticWebDriver":true,"autoDetectFramework":true,"percyCaptureMode":"AUTO","browserStackLocalOptions":null,"percyOptions":null,"testContextOptions":{"skipSessionName":false,"serenityOverridePlugin":false,"skipSessionStatus":false},"platforms":null,"parallelsPerPlatform":null,"framework":null,"accessibility":false,"accessibilityOptions":{},"turboScaleOptions":{},"disableAutoCaptureLogs":true,"testObservability":true,"browserstackAutomation":true,"turboScale":false,"testObservabilityOptions":{},"gradleMConfig":null,"proxySettings":null},"automationFrameworkVersion":null,"percyBuildId":null,"product":"[automate]","buildName":"unknown","os":"Windows 11","languageVersion":"23.0.2","appiumVersion":"null","frameworkDetectionInstrumentation":{},"detectedDependencies":"","referrer":"unknown","locationTrigger":"onFinish","accessibilityConfiguration":{"pollingTimeout":30},"language_framework":"unknown","testOrchestration":{"abortBuildOnFailure":{"enabled":false},"retryTestsOnFailure":{"enabled":false},"userConfig":{}},"detectedSeleniumVersion":"4.1.2","automationFramework":"selenium","seleniumVersion":"null"}}
14:46:46.220 [main] DEBUG c.b.utils.FunnelInstrumentation - API Event SDKTestSuccessful, response: {"message":"Unauthorized"}
14:46:46.263 [main] DEBUG c.b.monitoring.PerformanceTester - Failed to append key metrics to file C:\Users\sathi\eclipse-workspace\AppiumAutomation\log\key-metrics.json
14:50:53.050 [main] WARN  c.b.config.BrowserStackConfig - Test Observability could not be enabled because framework detected is null. We currently support frameworks testng, cucumber-testng & serenity
14:50:53.627 [main] DEBUG com.browserstack.v2.SdkCliUtils - File C:\Users\sathi\.browserstack already exist
14:50:53.628 [main] DEBUG com.browserstack.v2.SdkCliUtils - getExistingCliPath: no binary found
14:50:53.628 [main] DEBUG com.browserstack.v2.SdkCliUtils - Current CLI Path Found: 
14:50:54.217 [main] ERROR com.browserstack.v2.SdkCliUtils - Error in setting up cli path directory, Exception: Unexpected token END OF FILE at position 0.
	at browserstack.shaded.org.json.simple.parser.JSONParser.parse(Unknown Source)
	at browserstack.shaded.org.json.simple.parser.JSONParser.parse(Unknown Source)
	at browserstack.shaded.org.json.simple.parser.JSONParser.parse(Unknown Source)
	at com.browserstack.v2.SdkCliUtils.checkAndUpdateCli(Unknown Source)
	at com.browserstack.v2.SdkCliUtils.setupCliPath(Unknown Source)
	at com.browserstack.v2.SdkCLI.<clinit>(Unknown Source)
	at com.browserstack.monitoring.PerformanceTester.measure(Unknown Source)
	at com.browserstack.monitoring.PerformanceTester.end(Unknown Source)
	at com.browserstack.testNgListeners.BrowserstackSuiteListener.a(Unknown Source)
	at com.browserstack.testNgListeners.BrowserstackSuiteListener.onStart(Unknown Source)
	at org.testng.SuiteRunner.invokeListeners(SuiteRunner.java:242)
	at org.testng.SuiteRunner.run(SuiteRunner.java:310)
	at org.testng.SuiteRunnerWorker.runSuite(SuiteRunnerWorker.java:52)
	at org.testng.SuiteRunnerWorker.run(SuiteRunnerWorker.java:95)
	at org.testng.TestNG.runSuitesSequentially(TestNG.java:1274)
	at org.testng.TestNG.runSuitesLocally(TestNG.java:1208)
	at org.testng.TestNG.runSuites(TestNG.java:1112)
	at org.testng.TestNG.run(TestNG.java:1079)
	at org.testng.remote.AbstractRemoteTestNG.run(AbstractRemoteTestNG.java:115)
	at org.testng.remote.RemoteTestNG.initAndRun(RemoteTestNG.java:293)
	at org.testng.remote.RemoteTestNG.main(RemoteTestNG.java:91)

14:50:54.227 [main] DEBUG c.b.monitoring.PerformanceTester - Failed to append key metrics to file C:\Users\sathi\eclipse-workspace\AppiumAutomation\log\key-metrics.json
14:50:54.383 [main] DEBUG c.b.utils.FunnelInstrumentation - Error in getting Product:
java.lang.NullPointerException: Cannot invoke "String.equalsIgnoreCase(String)" because the return value of "com.browserstack.config.BrowserStackConfig.getFramework()" is null
	at com.browserstack.utils.FunnelInstrumentation.a(Unknown Source)
	at java.base/java.util.stream.MatchOps$1MatchSink.accept(MatchOps.java:90)
	at java.base/java.util.Spliterators$ArraySpliterator.tryAdvance(Spliterators.java:1034)
	at java.base/java.util.stream.ReferencePipeline.forEachWithCancel(ReferencePipeline.java:147)
	at java.base/java.util.stream.AbstractPipeline.copyIntoWithCancel(AbstractPipeline.java:588)
	at java.base/java.util.stream.AbstractPipeline.copyInto(AbstractPipeline.java:574)
	at java.base/java.util.stream.AbstractPipeline.wrapAndCopyInto(AbstractPipeline.java:560)
	at java.base/java.util.stream.MatchOps$MatchOp.evaluateSequential(MatchOps.java:230)
	at java.base/java.util.stream.MatchOps$MatchOp.evaluateSequential(MatchOps.java:196)
	at java.base/java.util.stream.AbstractPipeline.evaluate(AbstractPipeline.java:265)
	at java.base/java.util.stream.ReferencePipeline.anyMatch(ReferencePipeline.java:672)
	at com.browserstack.utils.FunnelInstrumentation.getProducts(Unknown Source)
	at com.browserstack.utils.FunnelInstrumentation.createParamsForEvent(Unknown Source)
	at com.browserstack.utils.FunnelInstrumentation.sendSDKEvent(Unknown Source)
	at com.browserstack.testNgListeners.TmpSuiteListener.onFinish(Unknown Source)
	at org.testng.TestRunner.fireEvent(TestRunner.java:900)
	at org.testng.TestRunner.afterRun(TestRunner.java:855)
	at org.testng.TestRunner.run(TestRunner.java:618)
	at org.testng.SuiteRunner.runTest(SuiteRunner.java:421)
	at org.testng.SuiteRunner.runSequentially(SuiteRunner.java:413)
	at org.testng.SuiteRunner.privateRun(SuiteRunner.java:373)
	at org.testng.SuiteRunner.run(SuiteRunner.java:312)
	at org.testng.SuiteRunnerWorker.runSuite(SuiteRunnerWorker.java:52)
	at org.testng.SuiteRunnerWorker.run(SuiteRunnerWorker.java:95)
	at org.testng.TestNG.runSuitesSequentially(TestNG.java:1274)
	at org.testng.TestNG.runSuitesLocally(TestNG.java:1208)
	at org.testng.TestNG.runSuites(TestNG.java:1112)
	at org.testng.TestNG.run(TestNG.java:1079)
	at org.testng.remote.AbstractRemoteTestNG.run(AbstractRemoteTestNG.java:115)
	at org.testng.remote.RemoteTestNG.initAndRun(RemoteTestNG.java:293)
	at org.testng.remote.RemoteTestNG.main(RemoteTestNG.java:91)
14:50:54.425 [main] DEBUG c.b.utils.FrameworkDetectionUtils - Couldn't find dependency class: appium
14:50:54.503 [main] DEBUG com.browserstack.testOps.UsageStats - getFormattedData: Collecting data for TestObservability
14:50:54.571 [main] TRACE c.b.t.TestOrchestrationUtils - getInstrumentationData: invoked
14:50:54.582 [main] DEBUG c.b.utils.FunnelInstrumentation - Sending funnel data for SDKTestSuccessful with data: {"event_type":"SDKTestSuccessful","accessKey":"[REDACTED]","userName":"[REDACTED]","event_properties":{"isPercyAutoEnabled":false,"language":"java","sdkRunId":"bdfd2ddb-891b-40db-94b1-8c785ed4d536","buildIdentifier":"unknown","testhub_uuid":"","detectedAppiumVersion":"null","productMap":{"app_automate":false,"accessibility":null,"automate":true,"percy":false,"observability":false,"turboscale":false},"hostname":"Sathish","measures":{"sdk:pre-test":0.024399995803833008},"productUsage":{"testObservability":{"buildHashedId":"","manuallySet":false,"enabled":false}},"browserStackConfig":{"browserstackLocal":null,"percy":false,"logLevel":"info","staticWebDriver":true,"autoDetectFramework":true,"percyCaptureMode":"AUTO","browserStackLocalOptions":null,"percyOptions":null,"testContextOptions":{"skipSessionName":false,"serenityOverridePlugin":false,"skipSessionStatus":false},"platforms":null,"parallelsPerPlatform":null,"framework":null,"accessibility":false,"accessibilityOptions":{},"turboScaleOptions":{},"disableAutoCaptureLogs":true,"testObservability":true,"browserstackAutomation":true,"turboScale":false,"testObservabilityOptions":{},"gradleMConfig":null,"proxySettings":null},"automationFrameworkVersion":null,"percyBuildId":null,"product":"[automate]","buildName":"unknown","os":"Windows 11","languageVersion":"23.0.2","appiumVersion":"null","frameworkDetectionInstrumentation":{},"detectedDependencies":"","referrer":"unknown","locationTrigger":"onFinish","accessibilityConfiguration":{"pollingTimeout":30},"language_framework":"unknown","testOrchestration":{"abortBuildOnFailure":{"enabled":false},"retryTestsOnFailure":{"enabled":false},"userConfig":{}},"detectedSeleniumVersion":"4.1.2","automationFramework":"selenium","seleniumVersion":"null"}}
14:50:54.834 [main] DEBUG c.b.utils.FunnelInstrumentation - API Event SDKTestSuccessful, response: {"message":"Unauthorized"}
14:50:54.908 [main] DEBUG c.b.monitoring.PerformanceTester - Failed to append key metrics to file C:\Users\sathi\eclipse-workspace\AppiumAutomation\log\key-metrics.json
14:56:13.219 [main] WARN  c.b.config.BrowserStackConfig - Test Observability could not be enabled because framework detected is null. We currently support frameworks testng, cucumber-testng & serenity
14:56:13.703 [main] DEBUG com.browserstack.v2.SdkCliUtils - File C:\Users\sathi\.browserstack already exist
14:56:13.705 [main] DEBUG com.browserstack.v2.SdkCliUtils - getExistingCliPath: no binary found
14:56:13.706 [main] DEBUG com.browserstack.v2.SdkCliUtils - Current CLI Path Found: 
14:56:15.719 [main] ERROR com.browserstack.v2.SdkCliUtils - Error in setting up cli path directory, Exception: Unexpected token END OF FILE at position 0.
	at browserstack.shaded.org.json.simple.parser.JSONParser.parse(Unknown Source)
	at browserstack.shaded.org.json.simple.parser.JSONParser.parse(Unknown Source)
	at browserstack.shaded.org.json.simple.parser.JSONParser.parse(Unknown Source)
	at com.browserstack.v2.SdkCliUtils.checkAndUpdateCli(Unknown Source)
	at com.browserstack.v2.SdkCliUtils.setupCliPath(Unknown Source)
	at com.browserstack.v2.SdkCLI.<clinit>(Unknown Source)
	at com.browserstack.monitoring.PerformanceTester.measure(Unknown Source)
	at com.browserstack.monitoring.PerformanceTester.end(Unknown Source)
	at com.browserstack.testNgListeners.BrowserstackSuiteListener.a(Unknown Source)
	at com.browserstack.testNgListeners.BrowserstackSuiteListener.onStart(Unknown Source)
	at org.testng.SuiteRunner.invokeListeners(SuiteRunner.java:242)
	at org.testng.SuiteRunner.run(SuiteRunner.java:310)
	at org.testng.SuiteRunnerWorker.runSuite(SuiteRunnerWorker.java:52)
	at org.testng.SuiteRunnerWorker.run(SuiteRunnerWorker.java:95)
	at org.testng.TestNG.runSuitesSequentially(TestNG.java:1274)
	at org.testng.TestNG.runSuitesLocally(TestNG.java:1208)
	at org.testng.TestNG.runSuites(TestNG.java:1112)
	at org.testng.TestNG.run(TestNG.java:1079)
	at org.testng.remote.AbstractRemoteTestNG.run(AbstractRemoteTestNG.java:115)
	at org.testng.remote.RemoteTestNG.initAndRun(RemoteTestNG.java:293)
	at org.testng.remote.RemoteTestNG.main(RemoteTestNG.java:91)

14:56:15.730 [main] DEBUG c.b.monitoring.PerformanceTester - Failed to append key metrics to file C:\Users\sathi\eclipse-workspace\AppiumAutomation\log\key-metrics.json
14:56:16.056 [main] DEBUG c.b.utils.FunnelInstrumentation - Error in getting Product:
java.lang.NullPointerException: Cannot invoke "String.equalsIgnoreCase(String)" because the return value of "com.browserstack.config.BrowserStackConfig.getFramework()" is null
	at com.browserstack.utils.FunnelInstrumentation.a(Unknown Source)
	at java.base/java.util.stream.MatchOps$1MatchSink.accept(MatchOps.java:90)
	at java.base/java.util.Spliterators$ArraySpliterator.tryAdvance(Spliterators.java:1034)
	at java.base/java.util.stream.ReferencePipeline.forEachWithCancel(ReferencePipeline.java:147)
	at java.base/java.util.stream.AbstractPipeline.copyIntoWithCancel(AbstractPipeline.java:588)
	at java.base/java.util.stream.AbstractPipeline.copyInto(AbstractPipeline.java:574)
	at java.base/java.util.stream.AbstractPipeline.wrapAndCopyInto(AbstractPipeline.java:560)
	at java.base/java.util.stream.MatchOps$MatchOp.evaluateSequential(MatchOps.java:230)
	at java.base/java.util.stream.MatchOps$MatchOp.evaluateSequential(MatchOps.java:196)
	at java.base/java.util.stream.AbstractPipeline.evaluate(AbstractPipeline.java:265)
	at java.base/java.util.stream.ReferencePipeline.anyMatch(ReferencePipeline.java:672)
	at com.browserstack.utils.FunnelInstrumentation.getProducts(Unknown Source)
	at com.browserstack.utils.FunnelInstrumentation.createParamsForEvent(Unknown Source)
	at com.browserstack.utils.FunnelInstrumentation.sendSDKEvent(Unknown Source)
	at com.browserstack.testNgListeners.TmpSuiteListener.onFinish(Unknown Source)
	at org.testng.TestRunner.fireEvent(TestRunner.java:900)
	at org.testng.TestRunner.afterRun(TestRunner.java:855)
	at org.testng.TestRunner.run(TestRunner.java:618)
	at org.testng.SuiteRunner.runTest(SuiteRunner.java:421)
	at org.testng.SuiteRunner.runSequentially(SuiteRunner.java:413)
	at org.testng.SuiteRunner.privateRun(SuiteRunner.java:373)
	at org.testng.SuiteRunner.run(SuiteRunner.java:312)
	at org.testng.SuiteRunnerWorker.runSuite(SuiteRunnerWorker.java:52)
	at org.testng.SuiteRunnerWorker.run(SuiteRunnerWorker.java:95)
	at org.testng.TestNG.runSuitesSequentially(TestNG.java:1274)
	at org.testng.TestNG.runSuitesLocally(TestNG.java:1208)
	at org.testng.TestNG.runSuites(TestNG.java:1112)
	at org.testng.TestNG.run(TestNG.java:1079)
	at org.testng.remote.AbstractRemoteTestNG.run(AbstractRemoteTestNG.java:115)
	at org.testng.remote.RemoteTestNG.initAndRun(RemoteTestNG.java:293)
	at org.testng.remote.RemoteTestNG.main(RemoteTestNG.java:91)
14:56:16.106 [main] DEBUG c.b.utils.FrameworkDetectionUtils - Couldn't find dependency class: appium
14:56:16.205 [main] DEBUG com.browserstack.testOps.UsageStats - getFormattedData: Collecting data for TestObservability
14:56:16.296 [main] TRACE c.b.t.TestOrchestrationUtils - getInstrumentationData: invoked
14:56:16.320 [main] DEBUG c.b.utils.FunnelInstrumentation - Sending funnel data for SDKTestSuccessful with data: {"event_type":"SDKTestSuccessful","accessKey":"[REDACTED]","userName":"[REDACTED]","event_properties":{"isPercyAutoEnabled":false,"language":"java","sdkRunId":"1c58dcb0-127a-43ee-b25f-ac7bb0fe6473","buildIdentifier":"unknown","testhub_uuid":"","detectedAppiumVersion":"null","productMap":{"app_automate":false,"accessibility":null,"automate":true,"percy":false,"observability":false,"turboscale":false},"hostname":"Sathish","measures":{"sdk:pre-test":0.022099971771240234},"productUsage":{"testObservability":{"buildHashedId":"","manuallySet":false,"enabled":false}},"browserStackConfig":{"browserstackLocal":null,"percy":false,"logLevel":"info","staticWebDriver":true,"autoDetectFramework":true,"percyCaptureMode":"AUTO","browserStackLocalOptions":null,"percyOptions":null,"testContextOptions":{"skipSessionStatus":false,"skipSessionName":false,"serenityOverridePlugin":false},"platforms":null,"parallelsPerPlatform":null,"framework":null,"accessibility":false,"accessibilityOptions":{},"turboScaleOptions":{},"disableAutoCaptureLogs":true,"testObservability":true,"browserstackAutomation":true,"turboScale":false,"testObservabilityOptions":{},"gradleMConfig":null,"proxySettings":null},"automationFrameworkVersion":null,"percyBuildId":null,"product":"[automate]","buildName":"unknown","os":"Windows 11","languageVersion":"23.0.2","appiumVersion":"null","frameworkDetectionInstrumentation":{},"detectedDependencies":"","referrer":"unknown","locationTrigger":"onFinish","accessibilityConfiguration":{"pollingTimeout":30},"language_framework":"unknown","testOrchestration":{"abortBuildOnFailure":{"enabled":false},"retryTestsOnFailure":{"enabled":false},"userConfig":{}},"detectedSeleniumVersion":"4.1.2","automationFramework":"selenium","seleniumVersion":"null"}}
14:56:16.820 [main] DEBUG c.b.utils.FunnelInstrumentation - API Event SDKTestSuccessful, response: {"message":"Unauthorized"}
14:56:16.884 [main] DEBUG c.b.monitoring.PerformanceTester - Failed to append key metrics to file C:\Users\sathi\eclipse-workspace\AppiumAutomation\log\key-metrics.json
14:56:59.835 [main] WARN  c.b.config.BrowserStackConfig - Test Observability could not be enabled because framework detected is null. We currently support frameworks testng, cucumber-testng & serenity
14:57:00.304 [main] DEBUG com.browserstack.v2.SdkCliUtils - File C:\Users\sathi\.browserstack already exist
14:57:00.306 [main] DEBUG com.browserstack.v2.SdkCliUtils - getExistingCliPath: no binary found
14:57:00.306 [main] DEBUG com.browserstack.v2.SdkCliUtils - Current CLI Path Found: 
14:57:00.907 [main] ERROR com.browserstack.v2.SdkCliUtils - Error in setting up cli path directory, Exception: Unexpected token END OF FILE at position 0.
	at browserstack.shaded.org.json.simple.parser.JSONParser.parse(Unknown Source)
	at browserstack.shaded.org.json.simple.parser.JSONParser.parse(Unknown Source)
	at browserstack.shaded.org.json.simple.parser.JSONParser.parse(Unknown Source)
	at com.browserstack.v2.SdkCliUtils.checkAndUpdateCli(Unknown Source)
	at com.browserstack.v2.SdkCliUtils.setupCliPath(Unknown Source)
	at com.browserstack.v2.SdkCLI.<clinit>(Unknown Source)
	at com.browserstack.monitoring.PerformanceTester.measure(Unknown Source)
	at com.browserstack.monitoring.PerformanceTester.end(Unknown Source)
	at com.browserstack.testNgListeners.BrowserstackSuiteListener.a(Unknown Source)
	at com.browserstack.testNgListeners.BrowserstackSuiteListener.onStart(Unknown Source)
	at org.testng.SuiteRunner.invokeListeners(SuiteRunner.java:242)
	at org.testng.SuiteRunner.run(SuiteRunner.java:310)
	at org.testng.SuiteRunnerWorker.runSuite(SuiteRunnerWorker.java:52)
	at org.testng.SuiteRunnerWorker.run(SuiteRunnerWorker.java:95)
	at org.testng.TestNG.runSuitesSequentially(TestNG.java:1274)
	at org.testng.TestNG.runSuitesLocally(TestNG.java:1208)
	at org.testng.TestNG.runSuites(TestNG.java:1112)
	at org.testng.TestNG.run(TestNG.java:1079)
	at org.testng.remote.AbstractRemoteTestNG.run(AbstractRemoteTestNG.java:115)
	at org.testng.remote.RemoteTestNG.initAndRun(RemoteTestNG.java:293)
	at org.testng.remote.RemoteTestNG.main(RemoteTestNG.java:91)

14:57:00.919 [main] DEBUG c.b.monitoring.PerformanceTester - Failed to append key metrics to file C:\Users\sathi\eclipse-workspace\AppiumAutomation\log\key-metrics.json
14:57:01.196 [main] DEBUG c.b.utils.FunnelInstrumentation - Error in getting Product:
java.lang.NullPointerException: Cannot invoke "String.equalsIgnoreCase(String)" because the return value of "com.browserstack.config.BrowserStackConfig.getFramework()" is null
	at com.browserstack.utils.FunnelInstrumentation.a(Unknown Source)
	at java.base/java.util.stream.MatchOps$1MatchSink.accept(MatchOps.java:90)
	at java.base/java.util.Spliterators$ArraySpliterator.tryAdvance(Spliterators.java:1034)
	at java.base/java.util.stream.ReferencePipeline.forEachWithCancel(ReferencePipeline.java:147)
	at java.base/java.util.stream.AbstractPipeline.copyIntoWithCancel(AbstractPipeline.java:588)
	at java.base/java.util.stream.AbstractPipeline.copyInto(AbstractPipeline.java:574)
	at java.base/java.util.stream.AbstractPipeline.wrapAndCopyInto(AbstractPipeline.java:560)
	at java.base/java.util.stream.MatchOps$MatchOp.evaluateSequential(MatchOps.java:230)
	at java.base/java.util.stream.MatchOps$MatchOp.evaluateSequential(MatchOps.java:196)
	at java.base/java.util.stream.AbstractPipeline.evaluate(AbstractPipeline.java:265)
	at java.base/java.util.stream.ReferencePipeline.anyMatch(ReferencePipeline.java:672)
	at com.browserstack.utils.FunnelInstrumentation.getProducts(Unknown Source)
	at com.browserstack.utils.FunnelInstrumentation.createParamsForEvent(Unknown Source)
	at com.browserstack.utils.FunnelInstrumentation.sendSDKEvent(Unknown Source)
	at com.browserstack.testNgListeners.TmpSuiteListener.onFinish(Unknown Source)
	at org.testng.TestRunner.fireEvent(TestRunner.java:900)
	at org.testng.TestRunner.afterRun(TestRunner.java:855)
	at org.testng.TestRunner.run(TestRunner.java:618)
	at org.testng.SuiteRunner.runTest(SuiteRunner.java:421)
	at org.testng.SuiteRunner.runSequentially(SuiteRunner.java:413)
	at org.testng.SuiteRunner.privateRun(SuiteRunner.java:373)
	at org.testng.SuiteRunner.run(SuiteRunner.java:312)
	at org.testng.SuiteRunnerWorker.runSuite(SuiteRunnerWorker.java:52)
	at org.testng.SuiteRunnerWorker.run(SuiteRunnerWorker.java:95)
	at org.testng.TestNG.runSuitesSequentially(TestNG.java:1274)
	at org.testng.TestNG.runSuitesLocally(TestNG.java:1208)
	at org.testng.TestNG.runSuites(TestNG.java:1112)
	at org.testng.TestNG.run(TestNG.java:1079)
	at org.testng.remote.AbstractRemoteTestNG.run(AbstractRemoteTestNG.java:115)
	at org.testng.remote.RemoteTestNG.initAndRun(RemoteTestNG.java:293)
	at org.testng.remote.RemoteTestNG.main(RemoteTestNG.java:91)
14:57:01.241 [main] DEBUG c.b.utils.FrameworkDetectionUtils - Couldn't find dependency class: appium
14:57:01.340 [main] DEBUG com.browserstack.testOps.UsageStats - getFormattedData: Collecting data for TestObservability
14:57:01.430 [main] TRACE c.b.t.TestOrchestrationUtils - getInstrumentationData: invoked
14:57:01.455 [main] DEBUG c.b.utils.FunnelInstrumentation - Sending funnel data for SDKTestSuccessful with data: {"event_type":"SDKTestSuccessful","accessKey":"[REDACTED]","userName":"[REDACTED]","event_properties":{"isPercyAutoEnabled":false,"language":"java","sdkRunId":"22ae3825-262c-4010-9461-c82d05ac7711","buildIdentifier":"unknown","testhub_uuid":"","detectedAppiumVersion":"null","productMap":{"app_automate":false,"accessibility":null,"automate":true,"percy":false,"observability":false,"turboscale":false},"hostname":"Sathish","measures":{"sdk:pre-test":0.024199962615966797},"productUsage":{"testObservability":{"buildHashedId":"","manuallySet":false,"enabled":false}},"browserStackConfig":{"browserstackLocal":null,"percy":false,"logLevel":"info","staticWebDriver":true,"autoDetectFramework":true,"percyCaptureMode":"AUTO","browserStackLocalOptions":null,"percyOptions":null,"testContextOptions":{"serenityOverridePlugin":false,"skipSessionStatus":false,"skipSessionName":false},"platforms":null,"parallelsPerPlatform":null,"framework":null,"accessibility":false,"accessibilityOptions":{},"turboScaleOptions":{},"disableAutoCaptureLogs":true,"testObservability":true,"browserstackAutomation":true,"turboScale":false,"testObservabilityOptions":{},"gradleMConfig":null,"proxySettings":null},"automationFrameworkVersion":null,"percyBuildId":null,"product":"[automate]","buildName":"unknown","os":"Windows 11","languageVersion":"23.0.2","appiumVersion":"null","frameworkDetectionInstrumentation":{},"detectedDependencies":"","referrer":"unknown","locationTrigger":"onFinish","accessibilityConfiguration":{"pollingTimeout":30},"language_framework":"unknown","testOrchestration":{"abortBuildOnFailure":{"enabled":false},"retryTestsOnFailure":{"enabled":false},"userConfig":{}},"detectedSeleniumVersion":"4.1.2","automationFramework":"selenium","seleniumVersion":"null"}}
14:57:01.891 [main] DEBUG c.b.utils.FunnelInstrumentation - API Event SDKTestSuccessful, response: {"message":"Unauthorized"}
14:57:01.949 [main] DEBUG c.b.monitoring.PerformanceTester - Failed to append key metrics to file C:\Users\sathi\eclipse-workspace\AppiumAutomation\log\key-metrics.json
15:00:00.326 [main] WARN  c.b.config.BrowserStackConfig - Test Observability could not be enabled because framework detected is null. We currently support frameworks testng, cucumber-testng & serenity
15:00:00.824 [main] DEBUG com.browserstack.v2.SdkCliUtils - File C:\Users\sathi\.browserstack already exist
15:00:00.826 [main] DEBUG com.browserstack.v2.SdkCliUtils - getExistingCliPath: no binary found
15:00:00.826 [main] DEBUG com.browserstack.v2.SdkCliUtils - Current CLI Path Found: 
15:00:01.878 [main] ERROR com.browserstack.v2.SdkCliUtils - Error in setting up cli path directory, Exception: Unexpected token END OF FILE at position 0.
	at browserstack.shaded.org.json.simple.parser.JSONParser.parse(Unknown Source)
	at browserstack.shaded.org.json.simple.parser.JSONParser.parse(Unknown Source)
	at browserstack.shaded.org.json.simple.parser.JSONParser.parse(Unknown Source)
	at com.browserstack.v2.SdkCliUtils.checkAndUpdateCli(Unknown Source)
	at com.browserstack.v2.SdkCliUtils.setupCliPath(Unknown Source)
	at com.browserstack.v2.SdkCLI.<clinit>(Unknown Source)
	at com.browserstack.monitoring.PerformanceTester.measure(Unknown Source)
	at com.browserstack.monitoring.PerformanceTester.end(Unknown Source)
	at com.browserstack.testNgListeners.BrowserstackSuiteListener.a(Unknown Source)
	at com.browserstack.testNgListeners.BrowserstackSuiteListener.onStart(Unknown Source)
	at org.testng.SuiteRunner.invokeListeners(SuiteRunner.java:242)
	at org.testng.SuiteRunner.run(SuiteRunner.java:310)
	at org.testng.SuiteRunnerWorker.runSuite(SuiteRunnerWorker.java:52)
	at org.testng.SuiteRunnerWorker.run(SuiteRunnerWorker.java:95)
	at org.testng.TestNG.runSuitesSequentially(TestNG.java:1274)
	at org.testng.TestNG.runSuitesLocally(TestNG.java:1208)
	at org.testng.TestNG.runSuites(TestNG.java:1112)
	at org.testng.TestNG.run(TestNG.java:1079)
	at org.testng.remote.AbstractRemoteTestNG.run(AbstractRemoteTestNG.java:115)
	at org.testng.remote.RemoteTestNG.initAndRun(RemoteTestNG.java:293)
	at org.testng.remote.RemoteTestNG.main(RemoteTestNG.java:91)

15:00:01.889 [main] DEBUG c.b.monitoring.PerformanceTester - Failed to append key metrics to file C:\Users\sathi\eclipse-workspace\AppiumAutomation\log\key-metrics.json
15:00:02.054 [main] DEBUG c.b.utils.FunnelInstrumentation - Error in getting Product:
java.lang.NullPointerException: Cannot invoke "String.equalsIgnoreCase(String)" because the return value of "com.browserstack.config.BrowserStackConfig.getFramework()" is null
	at com.browserstack.utils.FunnelInstrumentation.a(Unknown Source)
	at java.base/java.util.stream.MatchOps$1MatchSink.accept(MatchOps.java:90)
	at java.base/java.util.Spliterators$ArraySpliterator.tryAdvance(Spliterators.java:1034)
	at java.base/java.util.stream.ReferencePipeline.forEachWithCancel(ReferencePipeline.java:147)
	at java.base/java.util.stream.AbstractPipeline.copyIntoWithCancel(AbstractPipeline.java:588)
	at java.base/java.util.stream.AbstractPipeline.copyInto(AbstractPipeline.java:574)
	at java.base/java.util.stream.AbstractPipeline.wrapAndCopyInto(AbstractPipeline.java:560)
	at java.base/java.util.stream.MatchOps$MatchOp.evaluateSequential(MatchOps.java:230)
	at java.base/java.util.stream.MatchOps$MatchOp.evaluateSequential(MatchOps.java:196)
	at java.base/java.util.stream.AbstractPipeline.evaluate(AbstractPipeline.java:265)
	at java.base/java.util.stream.ReferencePipeline.anyMatch(ReferencePipeline.java:672)
	at com.browserstack.utils.FunnelInstrumentation.getProducts(Unknown Source)
	at com.browserstack.utils.FunnelInstrumentation.createParamsForEvent(Unknown Source)
	at com.browserstack.utils.FunnelInstrumentation.sendSDKEvent(Unknown Source)
	at com.browserstack.testNgListeners.TmpSuiteListener.onFinish(Unknown Source)
	at org.testng.TestRunner.fireEvent(TestRunner.java:900)
	at org.testng.TestRunner.afterRun(TestRunner.java:855)
	at org.testng.TestRunner.run(TestRunner.java:618)
	at org.testng.SuiteRunner.runTest(SuiteRunner.java:421)
	at org.testng.SuiteRunner.runSequentially(SuiteRunner.java:413)
	at org.testng.SuiteRunner.privateRun(SuiteRunner.java:373)
	at org.testng.SuiteRunner.run(SuiteRunner.java:312)
	at org.testng.SuiteRunnerWorker.runSuite(SuiteRunnerWorker.java:52)
	at org.testng.SuiteRunnerWorker.run(SuiteRunnerWorker.java:95)
	at org.testng.TestNG.runSuitesSequentially(TestNG.java:1274)
	at org.testng.TestNG.runSuitesLocally(TestNG.java:1208)
	at org.testng.TestNG.runSuites(TestNG.java:1112)
	at org.testng.TestNG.run(TestNG.java:1079)
	at org.testng.remote.AbstractRemoteTestNG.run(AbstractRemoteTestNG.java:115)
	at org.testng.remote.RemoteTestNG.initAndRun(RemoteTestNG.java:293)
	at org.testng.remote.RemoteTestNG.main(RemoteTestNG.java:91)
15:00:02.088 [main] DEBUG c.b.utils.FrameworkDetectionUtils - Couldn't find dependency class: appium
15:00:02.171 [main] DEBUG com.browserstack.testOps.UsageStats - getFormattedData: Collecting data for TestObservability
15:00:02.258 [main] TRACE c.b.t.TestOrchestrationUtils - getInstrumentationData: invoked
15:00:02.274 [main] DEBUG c.b.utils.FunnelInstrumentation - Sending funnel data for SDKTestSuccessful with data: {"event_type":"SDKTestSuccessful","accessKey":"[REDACTED]","userName":"[REDACTED]","event_properties":{"isPercyAutoEnabled":false,"language":"java","sdkRunId":"3f1202fd-019b-4fc4-975a-f96c1950a9cf","buildIdentifier":"unknown","testhub_uuid":"","detectedAppiumVersion":"null","productMap":{"app_automate":false,"accessibility":null,"automate":true,"percy":false,"observability":false,"turboscale":false},"hostname":"Sathish","measures":{"sdk:pre-test":0.02239990234375},"productUsage":{"testObservability":{"buildHashedId":"","manuallySet":false,"enabled":false}},"browserStackConfig":{"browserstackLocal":null,"percy":false,"logLevel":"info","staticWebDriver":true,"autoDetectFramework":true,"percyCaptureMode":"AUTO","browserStackLocalOptions":null,"percyOptions":null,"testContextOptions":{"skipSessionStatus":false,"serenityOverridePlugin":false,"skipSessionName":false},"platforms":null,"parallelsPerPlatform":null,"framework":null,"accessibility":false,"accessibilityOptions":{},"turboScaleOptions":{},"disableAutoCaptureLogs":true,"testObservability":true,"browserstackAutomation":true,"turboScale":false,"testObservabilityOptions":{},"gradleMConfig":null,"proxySettings":null},"automationFrameworkVersion":null,"percyBuildId":null,"product":"[automate]","buildName":"unknown","os":"Windows 11","languageVersion":"23.0.2","appiumVersion":"null","frameworkDetectionInstrumentation":{},"detectedDependencies":"","referrer":"unknown","locationTrigger":"onFinish","accessibilityConfiguration":{"pollingTimeout":30},"language_framework":"unknown","testOrchestration":{"abortBuildOnFailure":{"enabled":false},"retryTestsOnFailure":{"enabled":false},"userConfig":{}},"detectedSeleniumVersion":"4.1.2","automationFramework":"selenium","seleniumVersion":"null"}}
15:00:03.084 [main] DEBUG c.b.utils.FunnelInstrumentation - API Event SDKTestSuccessful, response: {"message":"Unauthorized"}
15:00:03.145 [main] DEBUG c.b.monitoring.PerformanceTester - Failed to append key metrics to file C:\Users\sathi\eclipse-workspace\AppiumAutomation\log\key-metrics.json
15:06:20.896 [main] WARN  c.b.config.BrowserStackConfig - Test Observability could not be enabled because framework detected is null. We currently support frameworks testng, cucumber-testng & serenity
15:06:21.356 [main] DEBUG com.browserstack.v2.SdkCliUtils - File C:\Users\sathi\.browserstack already exist
15:06:21.358 [main] DEBUG com.browserstack.v2.SdkCliUtils - getExistingCliPath: no binary found
15:06:21.358 [main] DEBUG com.browserstack.v2.SdkCliUtils - Current CLI Path Found: 
15:06:22.205 [main] ERROR com.browserstack.v2.SdkCliUtils - Error in setting up cli path directory, Exception: Unexpected token END OF FILE at position 0.
	at browserstack.shaded.org.json.simple.parser.JSONParser.parse(Unknown Source)
	at browserstack.shaded.org.json.simple.parser.JSONParser.parse(Unknown Source)
	at browserstack.shaded.org.json.simple.parser.JSONParser.parse(Unknown Source)
	at com.browserstack.v2.SdkCliUtils.checkAndUpdateCli(Unknown Source)
	at com.browserstack.v2.SdkCliUtils.setupCliPath(Unknown Source)
	at com.browserstack.v2.SdkCLI.<clinit>(Unknown Source)
	at com.browserstack.monitoring.PerformanceTester.measure(Unknown Source)
	at com.browserstack.monitoring.PerformanceTester.end(Unknown Source)
	at com.browserstack.testNgListeners.BrowserstackSuiteListener.a(Unknown Source)
	at com.browserstack.testNgListeners.BrowserstackSuiteListener.onStart(Unknown Source)
	at org.testng.SuiteRunner.invokeListeners(SuiteRunner.java:242)
	at org.testng.SuiteRunner.run(SuiteRunner.java:310)
	at org.testng.SuiteRunnerWorker.runSuite(SuiteRunnerWorker.java:52)
	at org.testng.SuiteRunnerWorker.run(SuiteRunnerWorker.java:95)
	at org.testng.TestNG.runSuitesSequentially(TestNG.java:1274)
	at org.testng.TestNG.runSuitesLocally(TestNG.java:1208)
	at org.testng.TestNG.runSuites(TestNG.java:1112)
	at org.testng.TestNG.run(TestNG.java:1079)
	at org.testng.remote.AbstractRemoteTestNG.run(AbstractRemoteTestNG.java:115)
	at org.testng.remote.RemoteTestNG.initAndRun(RemoteTestNG.java:293)
	at org.testng.remote.RemoteTestNG.main(RemoteTestNG.java:91)

15:06:22.215 [main] DEBUG c.b.monitoring.PerformanceTester - Failed to append key metrics to file C:\Users\sathi\eclipse-workspace\AppiumAutomation\log\key-metrics.json
15:06:22.365 [main] DEBUG c.b.utils.FunnelInstrumentation - Error in getting Product:
java.lang.NullPointerException: Cannot invoke "String.equalsIgnoreCase(String)" because the return value of "com.browserstack.config.BrowserStackConfig.getFramework()" is null
	at com.browserstack.utils.FunnelInstrumentation.a(Unknown Source)
	at java.base/java.util.stream.MatchOps$1MatchSink.accept(MatchOps.java:90)
	at java.base/java.util.Spliterators$ArraySpliterator.tryAdvance(Spliterators.java:1034)
	at java.base/java.util.stream.ReferencePipeline.forEachWithCancel(ReferencePipeline.java:147)
	at java.base/java.util.stream.AbstractPipeline.copyIntoWithCancel(AbstractPipeline.java:588)
	at java.base/java.util.stream.AbstractPipeline.copyInto(AbstractPipeline.java:574)
	at java.base/java.util.stream.AbstractPipeline.wrapAndCopyInto(AbstractPipeline.java:560)
	at java.base/java.util.stream.MatchOps$MatchOp.evaluateSequential(MatchOps.java:230)
	at java.base/java.util.stream.MatchOps$MatchOp.evaluateSequential(MatchOps.java:196)
	at java.base/java.util.stream.AbstractPipeline.evaluate(AbstractPipeline.java:265)
	at java.base/java.util.stream.ReferencePipeline.anyMatch(ReferencePipeline.java:672)
	at com.browserstack.utils.FunnelInstrumentation.getProducts(Unknown Source)
	at com.browserstack.utils.FunnelInstrumentation.createParamsForEvent(Unknown Source)
	at com.browserstack.utils.FunnelInstrumentation.sendSDKEvent(Unknown Source)
	at com.browserstack.testNgListeners.TmpSuiteListener.onFinish(Unknown Source)
	at org.testng.TestRunner.fireEvent(TestRunner.java:900)
	at org.testng.TestRunner.afterRun(TestRunner.java:855)
	at org.testng.TestRunner.run(TestRunner.java:618)
	at org.testng.SuiteRunner.runTest(SuiteRunner.java:421)
	at org.testng.SuiteRunner.runSequentially(SuiteRunner.java:413)
	at org.testng.SuiteRunner.privateRun(SuiteRunner.java:373)
	at org.testng.SuiteRunner.run(SuiteRunner.java:312)
	at org.testng.SuiteRunnerWorker.runSuite(SuiteRunnerWorker.java:52)
	at org.testng.SuiteRunnerWorker.run(SuiteRunnerWorker.java:95)
	at org.testng.TestNG.runSuitesSequentially(TestNG.java:1274)
	at org.testng.TestNG.runSuitesLocally(TestNG.java:1208)
	at org.testng.TestNG.runSuites(TestNG.java:1112)
	at org.testng.TestNG.run(TestNG.java:1079)
	at org.testng.remote.AbstractRemoteTestNG.run(AbstractRemoteTestNG.java:115)
	at org.testng.remote.RemoteTestNG.initAndRun(RemoteTestNG.java:293)
	at org.testng.remote.RemoteTestNG.main(RemoteTestNG.java:91)
15:06:22.385 [main] DEBUG c.b.utils.FrameworkDetectionUtils - Couldn't find dependency class: appium
15:06:22.469 [main] DEBUG com.browserstack.testOps.UsageStats - getFormattedData: Collecting data for TestObservability
15:06:22.549 [main] TRACE c.b.t.TestOrchestrationUtils - getInstrumentationData: invoked
15:06:22.565 [main] DEBUG c.b.utils.FunnelInstrumentation - Sending funnel data for SDKTestSuccessful with data: {"event_type":"SDKTestSuccessful","accessKey":"[REDACTED]","userName":"[REDACTED]","event_properties":{"isPercyAutoEnabled":false,"language":"java","sdkRunId":"02d39bae-75d5-47f6-9061-15cc478d6599","buildIdentifier":"unknown","testhub_uuid":"","detectedAppiumVersion":"null","productMap":{"app_automate":false,"accessibility":null,"automate":true,"percy":false,"observability":false,"turboscale":false},"hostname":"Sathish","measures":{"sdk:pre-test":0.021200060844421387},"productUsage":{"testObservability":{"buildHashedId":"","manuallySet":false,"enabled":false}},"browserStackConfig":{"browserstackLocal":null,"percy":false,"logLevel":"info","staticWebDriver":true,"autoDetectFramework":true,"percyCaptureMode":"AUTO","browserStackLocalOptions":null,"percyOptions":null,"testContextOptions":{"skipSessionStatus":false,"serenityOverridePlugin":false,"skipSessionName":false},"platforms":null,"parallelsPerPlatform":null,"framework":null,"accessibility":false,"accessibilityOptions":{},"turboScaleOptions":{},"disableAutoCaptureLogs":true,"testObservability":true,"browserstackAutomation":true,"turboScale":false,"testObservabilityOptions":{},"gradleMConfig":null,"proxySettings":null},"automationFrameworkVersion":null,"percyBuildId":null,"product":"[automate]","buildName":"unknown","os":"Windows 11","languageVersion":"23.0.2","appiumVersion":"null","frameworkDetectionInstrumentation":{},"detectedDependencies":"","referrer":"unknown","locationTrigger":"onFinish","accessibilityConfiguration":{"pollingTimeout":30},"language_framework":"unknown","testOrchestration":{"abortBuildOnFailure":{"enabled":false},"retryTestsOnFailure":{"enabled":false},"userConfig":{}},"detectedSeleniumVersion":"4.1.2","automationFramework":"selenium","seleniumVersion":"null"}}
15:06:22.810 [main] DEBUG c.b.utils.FunnelInstrumentation - API Event SDKTestSuccessful, response: {"message":"Unauthorized"}
15:06:22.875 [main] DEBUG c.b.monitoring.PerformanceTester - Failed to append key metrics to file C:\Users\sathi\eclipse-workspace\AppiumAutomation\log\key-metrics.json
15:07:34.744 [main] WARN  c.b.config.BrowserStackConfig - Test Observability could not be enabled because framework detected is null. We currently support frameworks testng, cucumber-testng & serenity
15:07:35.199 [main] DEBUG com.browserstack.v2.SdkCliUtils - File C:\Users\sathi\.browserstack already exist
15:07:35.201 [main] DEBUG com.browserstack.v2.SdkCliUtils - getExistingCliPath: no binary found
15:07:35.201 [main] DEBUG com.browserstack.v2.SdkCliUtils - Current CLI Path Found: 
15:07:35.880 [main] ERROR com.browserstack.v2.SdkCliUtils - Error in setting up cli path directory, Exception: Unexpected token END OF FILE at position 0.
	at browserstack.shaded.org.json.simple.parser.JSONParser.parse(Unknown Source)
	at browserstack.shaded.org.json.simple.parser.JSONParser.parse(Unknown Source)
	at browserstack.shaded.org.json.simple.parser.JSONParser.parse(Unknown Source)
	at com.browserstack.v2.SdkCliUtils.checkAndUpdateCli(Unknown Source)
	at com.browserstack.v2.SdkCliUtils.setupCliPath(Unknown Source)
	at com.browserstack.v2.SdkCLI.<clinit>(Unknown Source)
	at com.browserstack.monitoring.PerformanceTester.measure(Unknown Source)
	at com.browserstack.monitoring.PerformanceTester.end(Unknown Source)
	at com.browserstack.testNgListeners.BrowserstackSuiteListener.a(Unknown Source)
	at com.browserstack.testNgListeners.BrowserstackSuiteListener.onStart(Unknown Source)
	at org.testng.SuiteRunner.invokeListeners(SuiteRunner.java:242)
	at org.testng.SuiteRunner.run(SuiteRunner.java:310)
	at org.testng.SuiteRunnerWorker.runSuite(SuiteRunnerWorker.java:52)
	at org.testng.SuiteRunnerWorker.run(SuiteRunnerWorker.java:95)
	at org.testng.TestNG.runSuitesSequentially(TestNG.java:1274)
	at org.testng.TestNG.runSuitesLocally(TestNG.java:1208)
	at org.testng.TestNG.runSuites(TestNG.java:1112)
	at org.testng.TestNG.run(TestNG.java:1079)
	at org.testng.remote.AbstractRemoteTestNG.run(AbstractRemoteTestNG.java:115)
	at org.testng.remote.RemoteTestNG.initAndRun(RemoteTestNG.java:293)
	at org.testng.remote.RemoteTestNG.main(RemoteTestNG.java:91)

15:07:35.889 [main] DEBUG c.b.monitoring.PerformanceTester - Failed to append key metrics to file C:\Users\sathi\eclipse-workspace\AppiumAutomation\log\key-metrics.json
15:07:36.045 [main] DEBUG c.b.utils.FunnelInstrumentation - Error in getting Product:
java.lang.NullPointerException: Cannot invoke "String.equalsIgnoreCase(String)" because the return value of "com.browserstack.config.BrowserStackConfig.getFramework()" is null
	at com.browserstack.utils.FunnelInstrumentation.a(Unknown Source)
	at java.base/java.util.stream.MatchOps$1MatchSink.accept(MatchOps.java:90)
	at java.base/java.util.Spliterators$ArraySpliterator.tryAdvance(Spliterators.java:1034)
	at java.base/java.util.stream.ReferencePipeline.forEachWithCancel(ReferencePipeline.java:147)
	at java.base/java.util.stream.AbstractPipeline.copyIntoWithCancel(AbstractPipeline.java:588)
	at java.base/java.util.stream.AbstractPipeline.copyInto(AbstractPipeline.java:574)
	at java.base/java.util.stream.AbstractPipeline.wrapAndCopyInto(AbstractPipeline.java:560)
	at java.base/java.util.stream.MatchOps$MatchOp.evaluateSequential(MatchOps.java:230)
	at java.base/java.util.stream.MatchOps$MatchOp.evaluateSequential(MatchOps.java:196)
	at java.base/java.util.stream.AbstractPipeline.evaluate(AbstractPipeline.java:265)
	at java.base/java.util.stream.ReferencePipeline.anyMatch(ReferencePipeline.java:672)
	at com.browserstack.utils.FunnelInstrumentation.getProducts(Unknown Source)
	at com.browserstack.utils.FunnelInstrumentation.createParamsForEvent(Unknown Source)
	at com.browserstack.utils.FunnelInstrumentation.sendSDKEvent(Unknown Source)
	at com.browserstack.testNgListeners.TmpSuiteListener.onFinish(Unknown Source)
	at org.testng.TestRunner.fireEvent(TestRunner.java:900)
	at org.testng.TestRunner.afterRun(TestRunner.java:855)
	at org.testng.TestRunner.run(TestRunner.java:618)
	at org.testng.SuiteRunner.runTest(SuiteRunner.java:421)
	at org.testng.SuiteRunner.runSequentially(SuiteRunner.java:413)
	at org.testng.SuiteRunner.privateRun(SuiteRunner.java:373)
	at org.testng.SuiteRunner.run(SuiteRunner.java:312)
	at org.testng.SuiteRunnerWorker.runSuite(SuiteRunnerWorker.java:52)
	at org.testng.SuiteRunnerWorker.run(SuiteRunnerWorker.java:95)
	at org.testng.TestNG.runSuitesSequentially(TestNG.java:1274)
	at org.testng.TestNG.runSuitesLocally(TestNG.java:1208)
	at org.testng.TestNG.runSuites(TestNG.java:1112)
	at org.testng.TestNG.run(TestNG.java:1079)
	at org.testng.remote.AbstractRemoteTestNG.run(AbstractRemoteTestNG.java:115)
	at org.testng.remote.RemoteTestNG.initAndRun(RemoteTestNG.java:293)
	at org.testng.remote.RemoteTestNG.main(RemoteTestNG.java:91)
15:07:36.071 [main] DEBUG c.b.utils.FrameworkDetectionUtils - Couldn't find dependency class: appium
15:07:36.156 [main] DEBUG com.browserstack.testOps.UsageStats - getFormattedData: Collecting data for TestObservability
15:07:36.236 [main] TRACE c.b.t.TestOrchestrationUtils - getInstrumentationData: invoked
15:07:36.254 [main] DEBUG c.b.utils.FunnelInstrumentation - Sending funnel data for SDKTestSuccessful with data: {"event_type":"SDKTestSuccessful","accessKey":"[REDACTED]","userName":"[REDACTED]","event_properties":{"isPercyAutoEnabled":false,"language":"java","sdkRunId":"d6fb4839-c925-4a90-889a-ab5a5af47ef5","buildIdentifier":"unknown","testhub_uuid":"","detectedAppiumVersion":"null","productMap":{"app_automate":false,"accessibility":null,"automate":true,"percy":false,"observability":false,"turboscale":false},"hostname":"Sathish","measures":{"sdk:pre-test":0.021399974822998047},"productUsage":{"testObservability":{"buildHashedId":"","manuallySet":false,"enabled":false}},"browserStackConfig":{"browserstackLocal":null,"percy":false,"logLevel":"info","staticWebDriver":true,"autoDetectFramework":true,"percyCaptureMode":"AUTO","browserStackLocalOptions":null,"percyOptions":null,"testContextOptions":{"skipSessionName":false,"skipSessionStatus":false,"serenityOverridePlugin":false},"platforms":null,"parallelsPerPlatform":null,"framework":null,"accessibility":false,"accessibilityOptions":{},"turboScaleOptions":{},"disableAutoCaptureLogs":true,"testObservability":true,"browserstackAutomation":true,"turboScale":false,"testObservabilityOptions":{},"gradleMConfig":null,"proxySettings":null},"automationFrameworkVersion":null,"percyBuildId":null,"product":"[automate]","buildName":"unknown","os":"Windows 11","languageVersion":"23.0.2","appiumVersion":"null","frameworkDetectionInstrumentation":{},"detectedDependencies":"","referrer":"unknown","locationTrigger":"onFinish","accessibilityConfiguration":{"pollingTimeout":30},"language_framework":"unknown","testOrchestration":{"abortBuildOnFailure":{"enabled":false},"retryTestsOnFailure":{"enabled":false},"userConfig":{}},"detectedSeleniumVersion":"4.1.2","automationFramework":"selenium","seleniumVersion":"null"}}
15:07:36.442 [main] DEBUG c.b.utils.FunnelInstrumentation - API Event SDKTestSuccessful, response: {"message":"Unauthorized"}
15:07:36.520 [main] DEBUG c.b.monitoring.PerformanceTester - Failed to append key metrics to file C:\Users\sathi\eclipse-workspace\AppiumAutomation\log\key-metrics.json
15:08:49.879 [main] WARN  c.b.config.BrowserStackConfig - Test Observability could not be enabled because framework detected is null. We currently support frameworks testng, cucumber-testng & serenity
15:08:50.332 [main] DEBUG com.browserstack.v2.SdkCliUtils - File C:\Users\sathi\.browserstack already exist
15:08:50.334 [main] DEBUG com.browserstack.v2.SdkCliUtils - getExistingCliPath: no binary found
15:08:50.334 [main] DEBUG com.browserstack.v2.SdkCliUtils - Current CLI Path Found: 
15:08:50.919 [main] ERROR com.browserstack.v2.SdkCliUtils - Error in setting up cli path directory, Exception: Unexpected token END OF FILE at position 0.
	at browserstack.shaded.org.json.simple.parser.JSONParser.parse(Unknown Source)
	at browserstack.shaded.org.json.simple.parser.JSONParser.parse(Unknown Source)
	at browserstack.shaded.org.json.simple.parser.JSONParser.parse(Unknown Source)
	at com.browserstack.v2.SdkCliUtils.checkAndUpdateCli(Unknown Source)
	at com.browserstack.v2.SdkCliUtils.setupCliPath(Unknown Source)
	at com.browserstack.v2.SdkCLI.<clinit>(Unknown Source)
	at com.browserstack.monitoring.PerformanceTester.measure(Unknown Source)
	at com.browserstack.monitoring.PerformanceTester.end(Unknown Source)
	at com.browserstack.testNgListeners.BrowserstackSuiteListener.a(Unknown Source)
	at com.browserstack.testNgListeners.BrowserstackSuiteListener.onStart(Unknown Source)
	at org.testng.SuiteRunner.invokeListeners(SuiteRunner.java:242)
	at org.testng.SuiteRunner.run(SuiteRunner.java:310)
	at org.testng.SuiteRunnerWorker.runSuite(SuiteRunnerWorker.java:52)
	at org.testng.SuiteRunnerWorker.run(SuiteRunnerWorker.java:95)
	at org.testng.TestNG.runSuitesSequentially(TestNG.java:1274)
	at org.testng.TestNG.runSuitesLocally(TestNG.java:1208)
	at org.testng.TestNG.runSuites(TestNG.java:1112)
	at org.testng.TestNG.run(TestNG.java:1079)
	at org.testng.remote.AbstractRemoteTestNG.run(AbstractRemoteTestNG.java:115)
	at org.testng.remote.RemoteTestNG.initAndRun(RemoteTestNG.java:293)
	at org.testng.remote.RemoteTestNG.main(RemoteTestNG.java:91)

15:08:50.929 [main] DEBUG c.b.monitoring.PerformanceTester - Failed to append key metrics to file C:\Users\sathi\eclipse-workspace\AppiumAutomation\log\key-metrics.json
15:08:51.088 [main] DEBUG c.b.utils.FunnelInstrumentation - Error in getting Product:
java.lang.NullPointerException: Cannot invoke "String.equalsIgnoreCase(String)" because the return value of "com.browserstack.config.BrowserStackConfig.getFramework()" is null
	at com.browserstack.utils.FunnelInstrumentation.a(Unknown Source)
	at java.base/java.util.stream.MatchOps$1MatchSink.accept(MatchOps.java:90)
	at java.base/java.util.Spliterators$ArraySpliterator.tryAdvance(Spliterators.java:1034)
	at java.base/java.util.stream.ReferencePipeline.forEachWithCancel(ReferencePipeline.java:147)
	at java.base/java.util.stream.AbstractPipeline.copyIntoWithCancel(AbstractPipeline.java:588)
	at java.base/java.util.stream.AbstractPipeline.copyInto(AbstractPipeline.java:574)
	at java.base/java.util.stream.AbstractPipeline.wrapAndCopyInto(AbstractPipeline.java:560)
	at java.base/java.util.stream.MatchOps$MatchOp.evaluateSequential(MatchOps.java:230)
	at java.base/java.util.stream.MatchOps$MatchOp.evaluateSequential(MatchOps.java:196)
	at java.base/java.util.stream.AbstractPipeline.evaluate(AbstractPipeline.java:265)
	at java.base/java.util.stream.ReferencePipeline.anyMatch(ReferencePipeline.java:672)
	at com.browserstack.utils.FunnelInstrumentation.getProducts(Unknown Source)
	at com.browserstack.utils.FunnelInstrumentation.createParamsForEvent(Unknown Source)
	at com.browserstack.utils.FunnelInstrumentation.sendSDKEvent(Unknown Source)
	at com.browserstack.testNgListeners.TmpSuiteListener.onFinish(Unknown Source)
	at org.testng.TestRunner.fireEvent(TestRunner.java:900)
	at org.testng.TestRunner.afterRun(TestRunner.java:855)
	at org.testng.TestRunner.run(TestRunner.java:618)
	at org.testng.SuiteRunner.runTest(SuiteRunner.java:421)
	at org.testng.SuiteRunner.runSequentially(SuiteRunner.java:413)
	at org.testng.SuiteRunner.privateRun(SuiteRunner.java:373)
	at org.testng.SuiteRunner.run(SuiteRunner.java:312)
	at org.testng.SuiteRunnerWorker.runSuite(SuiteRunnerWorker.java:52)
	at org.testng.SuiteRunnerWorker.run(SuiteRunnerWorker.java:95)
	at org.testng.TestNG.runSuitesSequentially(TestNG.java:1274)
	at org.testng.TestNG.runSuitesLocally(TestNG.java:1208)
	at org.testng.TestNG.runSuites(TestNG.java:1112)
	at org.testng.TestNG.run(TestNG.java:1079)
	at org.testng.remote.AbstractRemoteTestNG.run(AbstractRemoteTestNG.java:115)
	at org.testng.remote.RemoteTestNG.initAndRun(RemoteTestNG.java:293)
	at org.testng.remote.RemoteTestNG.main(RemoteTestNG.java:91)
15:08:51.120 [main] DEBUG c.b.utils.FrameworkDetectionUtils - Couldn't find dependency class: appium
15:08:51.207 [main] DEBUG com.browserstack.testOps.UsageStats - getFormattedData: Collecting data for TestObservability
15:08:51.290 [main] TRACE c.b.t.TestOrchestrationUtils - getInstrumentationData: invoked
15:08:51.305 [main] DEBUG c.b.utils.FunnelInstrumentation - Sending funnel data for SDKTestSuccessful with data: {"event_type":"SDKTestSuccessful","accessKey":"[REDACTED]","userName":"[REDACTED]","event_properties":{"isPercyAutoEnabled":false,"language":"java","sdkRunId":"65f28c58-2c21-4347-9dd7-1159e13140ba","buildIdentifier":"unknown","testhub_uuid":"","detectedAppiumVersion":"null","productMap":{"app_automate":false,"accessibility":null,"automate":true,"percy":false,"observability":false,"turboscale":false},"hostname":"Sathish","measures":{"sdk:pre-test":0.02670001983642578},"productUsage":{"testObservability":{"buildHashedId":"","manuallySet":false,"enabled":false}},"browserStackConfig":{"browserstackLocal":null,"percy":false,"logLevel":"info","staticWebDriver":true,"autoDetectFramework":true,"percyCaptureMode":"AUTO","browserStackLocalOptions":null,"percyOptions":null,"testContextOptions":{"skipSessionName":false,"skipSessionStatus":false,"serenityOverridePlugin":false},"platforms":null,"parallelsPerPlatform":null,"framework":null,"accessibility":false,"accessibilityOptions":{},"turboScaleOptions":{},"disableAutoCaptureLogs":true,"testObservability":true,"browserstackAutomation":true,"turboScale":false,"testObservabilityOptions":{},"gradleMConfig":null,"proxySettings":null},"automationFrameworkVersion":null,"percyBuildId":null,"product":"[automate]","buildName":"unknown","os":"Windows 11","languageVersion":"23.0.2","appiumVersion":"null","frameworkDetectionInstrumentation":{},"detectedDependencies":"","referrer":"unknown","locationTrigger":"onFinish","accessibilityConfiguration":{"pollingTimeout":30},"language_framework":"unknown","testOrchestration":{"abortBuildOnFailure":{"enabled":false},"retryTestsOnFailure":{"enabled":false},"userConfig":{}},"detectedSeleniumVersion":"4.1.2","automationFramework":"selenium","seleniumVersion":"null"}}
15:08:52.013 [main] DEBUG c.b.utils.FunnelInstrumentation - API Event SDKTestSuccessful, response: {"message":"Unauthorized"}
15:08:52.111 [main] DEBUG c.b.monitoring.PerformanceTester - Failed to append key metrics to file C:\Users\sathi\eclipse-workspace\AppiumAutomation\log\key-metrics.json
15:32:48.746 [main] WARN  c.b.config.BrowserStackConfig - Test Observability could not be enabled because framework detected is null. We currently support frameworks testng, cucumber-testng & serenity
15:32:49.408 [main] DEBUG com.browserstack.v2.SdkCliUtils - File C:\Users\sathi\.browserstack already exist
15:32:49.412 [main] DEBUG com.browserstack.v2.SdkCliUtils - getExistingCliPath: no binary found
15:32:49.412 [main] DEBUG com.browserstack.v2.SdkCliUtils - Current CLI Path Found: 
15:32:50.569 [main] ERROR com.browserstack.v2.SdkCliUtils - Error in setting up cli path directory, Exception: Unexpected token END OF FILE at position 0.
	at browserstack.shaded.org.json.simple.parser.JSONParser.parse(Unknown Source)
	at browserstack.shaded.org.json.simple.parser.JSONParser.parse(Unknown Source)
	at browserstack.shaded.org.json.simple.parser.JSONParser.parse(Unknown Source)
	at com.browserstack.v2.SdkCliUtils.checkAndUpdateCli(Unknown Source)
	at com.browserstack.v2.SdkCliUtils.setupCliPath(Unknown Source)
	at com.browserstack.v2.SdkCLI.<clinit>(Unknown Source)
	at com.browserstack.monitoring.PerformanceTester.measure(Unknown Source)
	at com.browserstack.monitoring.PerformanceTester.end(Unknown Source)
	at com.browserstack.testNgListeners.BrowserstackSuiteListener.a(Unknown Source)
	at com.browserstack.testNgListeners.BrowserstackSuiteListener.onStart(Unknown Source)
	at org.testng.SuiteRunner.invokeListeners(SuiteRunner.java:242)
	at org.testng.SuiteRunner.run(SuiteRunner.java:310)
	at org.testng.SuiteRunnerWorker.runSuite(SuiteRunnerWorker.java:52)
	at org.testng.SuiteRunnerWorker.run(SuiteRunnerWorker.java:95)
	at org.testng.TestNG.runSuitesSequentially(TestNG.java:1274)
	at org.testng.TestNG.runSuitesLocally(TestNG.java:1208)
	at org.testng.TestNG.runSuites(TestNG.java:1112)
	at org.testng.TestNG.run(TestNG.java:1079)
	at org.testng.remote.AbstractRemoteTestNG.run(AbstractRemoteTestNG.java:115)
	at org.testng.remote.RemoteTestNG.initAndRun(RemoteTestNG.java:293)
	at org.testng.remote.RemoteTestNG.main(RemoteTestNG.java:91)

15:32:50.589 [main] DEBUG c.b.monitoring.PerformanceTester - Failed to append key metrics to file C:\Users\sathi\eclipse-workspace\AppiumAutomation\log\key-metrics.json
15:32:50.763 [main] DEBUG c.b.utils.FunnelInstrumentation - Error in getting Product:
java.lang.NullPointerException: Cannot invoke "String.equalsIgnoreCase(String)" because the return value of "com.browserstack.config.BrowserStackConfig.getFramework()" is null
	at com.browserstack.utils.FunnelInstrumentation.a(Unknown Source)
	at java.base/java.util.stream.MatchOps$1MatchSink.accept(MatchOps.java:90)
	at java.base/java.util.Spliterators$ArraySpliterator.tryAdvance(Spliterators.java:1034)
	at java.base/java.util.stream.ReferencePipeline.forEachWithCancel(ReferencePipeline.java:147)
	at java.base/java.util.stream.AbstractPipeline.copyIntoWithCancel(AbstractPipeline.java:588)
	at java.base/java.util.stream.AbstractPipeline.copyInto(AbstractPipeline.java:574)
	at java.base/java.util.stream.AbstractPipeline.wrapAndCopyInto(AbstractPipeline.java:560)
	at java.base/java.util.stream.MatchOps$MatchOp.evaluateSequential(MatchOps.java:230)
	at java.base/java.util.stream.MatchOps$MatchOp.evaluateSequential(MatchOps.java:196)
	at java.base/java.util.stream.AbstractPipeline.evaluate(AbstractPipeline.java:265)
	at java.base/java.util.stream.ReferencePipeline.anyMatch(ReferencePipeline.java:672)
	at com.browserstack.utils.FunnelInstrumentation.getProducts(Unknown Source)
	at com.browserstack.utils.FunnelInstrumentation.createParamsForEvent(Unknown Source)
	at com.browserstack.utils.FunnelInstrumentation.sendSDKEvent(Unknown Source)
	at com.browserstack.testNgListeners.TmpSuiteListener.onFinish(Unknown Source)
	at org.testng.TestRunner.fireEvent(TestRunner.java:900)
	at org.testng.TestRunner.afterRun(TestRunner.java:855)
	at org.testng.TestRunner.run(TestRunner.java:618)
	at org.testng.SuiteRunner.runTest(SuiteRunner.java:421)
	at org.testng.SuiteRunner.runSequentially(SuiteRunner.java:413)
	at org.testng.SuiteRunner.privateRun(SuiteRunner.java:373)
	at org.testng.SuiteRunner.run(SuiteRunner.java:312)
	at org.testng.SuiteRunnerWorker.runSuite(SuiteRunnerWorker.java:52)
	at org.testng.SuiteRunnerWorker.run(SuiteRunnerWorker.java:95)
	at org.testng.TestNG.runSuitesSequentially(TestNG.java:1274)
	at org.testng.TestNG.runSuitesLocally(TestNG.java:1208)
	at org.testng.TestNG.runSuites(TestNG.java:1112)
	at org.testng.TestNG.run(TestNG.java:1079)
	at org.testng.remote.AbstractRemoteTestNG.run(AbstractRemoteTestNG.java:115)
	at org.testng.remote.RemoteTestNG.initAndRun(RemoteTestNG.java:293)
	at org.testng.remote.RemoteTestNG.main(RemoteTestNG.java:91)
15:32:50.821 [main] DEBUG c.b.utils.FrameworkDetectionUtils - Couldn't find dependency class: appium
15:32:50.924 [main] DEBUG com.browserstack.testOps.UsageStats - getFormattedData: Collecting data for TestObservability
15:32:51.024 [main] TRACE c.b.t.TestOrchestrationUtils - getInstrumentationData: invoked
15:32:51.040 [main] DEBUG c.b.utils.FunnelInstrumentation - Sending funnel data for SDKTestSuccessful with data: {"event_type":"SDKTestSuccessful","accessKey":"[REDACTED]","userName":"[REDACTED]","event_properties":{"isPercyAutoEnabled":false,"language":"java","sdkRunId":"3caa0d34-5e40-47ab-aa76-3abf293dc53b","buildIdentifier":"unknown","testhub_uuid":"","detectedAppiumVersion":"null","productMap":{"app_automate":false,"accessibility":null,"automate":true,"percy":false,"observability":false,"turboscale":false},"hostname":"Sathish","measures":{"sdk:pre-test":0.023199915885925293},"productUsage":{"testObservability":{"buildHashedId":"","manuallySet":false,"enabled":false}},"browserStackConfig":{"browserstackLocal":null,"percy":false,"logLevel":"info","staticWebDriver":true,"autoDetectFramework":true,"percyCaptureMode":"AUTO","browserStackLocalOptions":null,"percyOptions":null,"testContextOptions":{"serenityOverridePlugin":false,"skipSessionStatus":false,"skipSessionName":false},"platforms":null,"parallelsPerPlatform":null,"framework":null,"accessibility":false,"accessibilityOptions":{},"turboScaleOptions":{},"disableAutoCaptureLogs":true,"testObservability":true,"browserstackAutomation":true,"turboScale":false,"testObservabilityOptions":{},"gradleMConfig":null,"proxySettings":null},"automationFrameworkVersion":null,"percyBuildId":null,"product":"[automate]","buildName":"unknown","os":"Windows 11","languageVersion":"23.0.2","appiumVersion":"null","frameworkDetectionInstrumentation":{},"detectedDependencies":"","referrer":"unknown","locationTrigger":"onFinish","accessibilityConfiguration":{"pollingTimeout":30},"language_framework":"unknown","testOrchestration":{"abortBuildOnFailure":{"enabled":false},"retryTestsOnFailure":{"enabled":false},"userConfig":{}},"detectedSeleniumVersion":"4.1.2","automationFramework":"selenium","seleniumVersion":"null"}}
15:32:51.583 [main] DEBUG c.b.utils.FunnelInstrumentation - API Event SDKTestSuccessful, response: {"message":"Unauthorized"}
15:32:51.710 [main] DEBUG c.b.monitoring.PerformanceTester - Failed to append key metrics to file C:\Users\sathi\eclipse-workspace\AppiumAutomation\log\key-metrics.json
15:46:42.855 [main] WARN  c.b.config.BrowserStackConfig - Test Observability could not be enabled because framework detected is null. We currently support frameworks testng, cucumber-testng & serenity
15:46:43.425 [main] DEBUG com.browserstack.v2.SdkCliUtils - File C:\Users\sathi\.browserstack already exist
15:46:43.427 [main] DEBUG com.browserstack.v2.SdkCliUtils - getExistingCliPath: no binary found
15:46:43.427 [main] DEBUG com.browserstack.v2.SdkCliUtils - Current CLI Path Found: 
15:46:45.352 [main] ERROR com.browserstack.v2.SdkCliUtils - Error in setting up cli path directory, Exception: Unexpected token END OF FILE at position 0.
	at browserstack.shaded.org.json.simple.parser.JSONParser.parse(Unknown Source)
	at browserstack.shaded.org.json.simple.parser.JSONParser.parse(Unknown Source)
	at browserstack.shaded.org.json.simple.parser.JSONParser.parse(Unknown Source)
	at com.browserstack.v2.SdkCliUtils.checkAndUpdateCli(Unknown Source)
	at com.browserstack.v2.SdkCliUtils.setupCliPath(Unknown Source)
	at com.browserstack.v2.SdkCLI.<clinit>(Unknown Source)
	at com.browserstack.monitoring.PerformanceTester.measure(Unknown Source)
	at com.browserstack.monitoring.PerformanceTester.end(Unknown Source)
	at com.browserstack.testNgListeners.BrowserstackSuiteListener.a(Unknown Source)
	at com.browserstack.testNgListeners.BrowserstackSuiteListener.onStart(Unknown Source)
	at org.testng.SuiteRunner.invokeListeners(SuiteRunner.java:242)
	at org.testng.SuiteRunner.run(SuiteRunner.java:310)
	at org.testng.SuiteRunnerWorker.runSuite(SuiteRunnerWorker.java:52)
	at org.testng.SuiteRunnerWorker.run(SuiteRunnerWorker.java:95)
	at org.testng.TestNG.runSuitesSequentially(TestNG.java:1274)
	at org.testng.TestNG.runSuitesLocally(TestNG.java:1208)
	at org.testng.TestNG.runSuites(TestNG.java:1112)
	at org.testng.TestNG.run(TestNG.java:1079)
	at org.testng.remote.AbstractRemoteTestNG.run(AbstractRemoteTestNG.java:115)
	at org.testng.remote.RemoteTestNG.initAndRun(RemoteTestNG.java:293)
	at org.testng.remote.RemoteTestNG.main(RemoteTestNG.java:91)

15:46:45.367 [main] DEBUG c.b.monitoring.PerformanceTester - Failed to append key metrics to file C:\Users\sathi\eclipse-workspace\AppiumAutomation\log\key-metrics.json
15:46:46.681 [main] DEBUG c.b.utils.FunnelInstrumentation - Error in getting Product:
java.lang.NullPointerException: Cannot invoke "String.equalsIgnoreCase(String)" because the return value of "com.browserstack.config.BrowserStackConfig.getFramework()" is null
	at com.browserstack.utils.FunnelInstrumentation.a(Unknown Source)
	at java.base/java.util.stream.MatchOps$1MatchSink.accept(MatchOps.java:90)
	at java.base/java.util.Spliterators$ArraySpliterator.tryAdvance(Spliterators.java:1034)
	at java.base/java.util.stream.ReferencePipeline.forEachWithCancel(ReferencePipeline.java:147)
	at java.base/java.util.stream.AbstractPipeline.copyIntoWithCancel(AbstractPipeline.java:588)
	at java.base/java.util.stream.AbstractPipeline.copyInto(AbstractPipeline.java:574)
	at java.base/java.util.stream.AbstractPipeline.wrapAndCopyInto(AbstractPipeline.java:560)
	at java.base/java.util.stream.MatchOps$MatchOp.evaluateSequential(MatchOps.java:230)
	at java.base/java.util.stream.MatchOps$MatchOp.evaluateSequential(MatchOps.java:196)
	at java.base/java.util.stream.AbstractPipeline.evaluate(AbstractPipeline.java:265)
	at java.base/java.util.stream.ReferencePipeline.anyMatch(ReferencePipeline.java:672)
	at com.browserstack.utils.FunnelInstrumentation.getProducts(Unknown Source)
	at com.browserstack.utils.FunnelInstrumentation.createParamsForEvent(Unknown Source)
	at com.browserstack.utils.FunnelInstrumentation.sendSDKEvent(Unknown Source)
	at com.browserstack.testNgListeners.TmpSuiteListener.onFinish(Unknown Source)
	at org.testng.TestRunner.fireEvent(TestRunner.java:900)
	at org.testng.TestRunner.afterRun(TestRunner.java:855)
	at org.testng.TestRunner.run(TestRunner.java:618)
	at org.testng.SuiteRunner.runTest(SuiteRunner.java:421)
	at org.testng.SuiteRunner.runSequentially(SuiteRunner.java:413)
	at org.testng.SuiteRunner.privateRun(SuiteRunner.java:373)
	at org.testng.SuiteRunner.run(SuiteRunner.java:312)
	at org.testng.SuiteRunnerWorker.runSuite(SuiteRunnerWorker.java:52)
	at org.testng.SuiteRunnerWorker.run(SuiteRunnerWorker.java:95)
	at org.testng.TestNG.runSuitesSequentially(TestNG.java:1274)
	at org.testng.TestNG.runSuitesLocally(TestNG.java:1208)
	at org.testng.TestNG.runSuites(TestNG.java:1112)
	at org.testng.TestNG.run(TestNG.java:1079)
	at org.testng.remote.AbstractRemoteTestNG.run(AbstractRemoteTestNG.java:115)
	at org.testng.remote.RemoteTestNG.initAndRun(RemoteTestNG.java:293)
	at org.testng.remote.RemoteTestNG.main(RemoteTestNG.java:91)
15:46:46.722 [main] DEBUG c.b.utils.FrameworkDetectionUtils - Couldn't find dependency class: appium
15:46:46.815 [main] DEBUG com.browserstack.testOps.UsageStats - getFormattedData: Collecting data for TestObservability
15:46:46.912 [main] TRACE c.b.t.TestOrchestrationUtils - getInstrumentationData: invoked
15:46:46.929 [main] DEBUG c.b.utils.FunnelInstrumentation - Sending funnel data for SDKTestSuccessful with data: {"event_type":"SDKTestSuccessful","accessKey":"[REDACTED]","userName":"[REDACTED]","event_properties":{"isPercyAutoEnabled":false,"language":"java","sdkRunId":"8a0b83a6-cfd3-45a1-8166-139f278ab85a","buildIdentifier":"unknown","testhub_uuid":"","detectedAppiumVersion":"null","productMap":{"app_automate":false,"accessibility":null,"automate":true,"percy":false,"observability":false,"turboscale":false},"hostname":"Sathish","measures":{"sdk:pre-test":0.03600001335144043},"productUsage":{"testObservability":{"buildHashedId":"","manuallySet":false,"enabled":false}},"browserStackConfig":{"browserstackLocal":null,"percy":false,"logLevel":"info","staticWebDriver":true,"autoDetectFramework":true,"percyCaptureMode":"AUTO","browserStackLocalOptions":null,"percyOptions":null,"testContextOptions":{"skipSessionName":false,"skipSessionStatus":false,"serenityOverridePlugin":false},"platforms":null,"parallelsPerPlatform":null,"framework":null,"accessibility":false,"accessibilityOptions":{},"turboScaleOptions":{},"disableAutoCaptureLogs":true,"testObservability":true,"browserstackAutomation":true,"turboScale":false,"testObservabilityOptions":{},"gradleMConfig":null,"proxySettings":null},"automationFrameworkVersion":null,"percyBuildId":null,"product":"[automate]","buildName":"unknown","os":"Windows 11","languageVersion":"23.0.2","appiumVersion":"null","frameworkDetectionInstrumentation":{},"detectedDependencies":"","referrer":"unknown","locationTrigger":"onFinish","accessibilityConfiguration":{"pollingTimeout":30},"language_framework":"unknown","testOrchestration":{"abortBuildOnFailure":{"enabled":false},"retryTestsOnFailure":{"enabled":false},"userConfig":{}},"detectedSeleniumVersion":"4.1.2","automationFramework":"selenium","seleniumVersion":"null"}}
15:46:47.704 [main] DEBUG c.b.utils.FunnelInstrumentation - API Event SDKTestSuccessful, response: {"message":"Unauthorized"}
15:46:47.776 [main] DEBUG c.b.monitoring.PerformanceTester - Failed to append key metrics to file C:\Users\sathi\eclipse-workspace\AppiumAutomation\log\key-metrics.json
15:47:32.993 [main] WARN  c.b.config.BrowserStackConfig - Test Observability could not be enabled because framework detected is null. We currently support frameworks testng, cucumber-testng & serenity
15:47:33.478 [main] DEBUG com.browserstack.v2.SdkCliUtils - File C:\Users\sathi\.browserstack already exist
15:47:33.480 [main] DEBUG com.browserstack.v2.SdkCliUtils - getExistingCliPath: no binary found
15:47:33.480 [main] DEBUG com.browserstack.v2.SdkCliUtils - Current CLI Path Found: 
15:47:34.161 [main] ERROR com.browserstack.v2.SdkCliUtils - Error in setting up cli path directory, Exception: Unexpected token END OF FILE at position 0.
	at browserstack.shaded.org.json.simple.parser.JSONParser.parse(Unknown Source)
	at browserstack.shaded.org.json.simple.parser.JSONParser.parse(Unknown Source)
	at browserstack.shaded.org.json.simple.parser.JSONParser.parse(Unknown Source)
	at com.browserstack.v2.SdkCliUtils.checkAndUpdateCli(Unknown Source)
	at com.browserstack.v2.SdkCliUtils.setupCliPath(Unknown Source)
	at com.browserstack.v2.SdkCLI.<clinit>(Unknown Source)
	at com.browserstack.monitoring.PerformanceTester.measure(Unknown Source)
	at com.browserstack.monitoring.PerformanceTester.end(Unknown Source)
	at com.browserstack.testNgListeners.BrowserstackSuiteListener.a(Unknown Source)
	at com.browserstack.testNgListeners.BrowserstackSuiteListener.onStart(Unknown Source)
	at org.testng.SuiteRunner.invokeListeners(SuiteRunner.java:242)
	at org.testng.SuiteRunner.run(SuiteRunner.java:310)
	at org.testng.SuiteRunnerWorker.runSuite(SuiteRunnerWorker.java:52)
	at org.testng.SuiteRunnerWorker.run(SuiteRunnerWorker.java:95)
	at org.testng.TestNG.runSuitesSequentially(TestNG.java:1274)
	at org.testng.TestNG.runSuitesLocally(TestNG.java:1208)
	at org.testng.TestNG.runSuites(TestNG.java:1112)
	at org.testng.TestNG.run(TestNG.java:1079)
	at org.testng.remote.AbstractRemoteTestNG.run(AbstractRemoteTestNG.java:115)
	at org.testng.remote.RemoteTestNG.initAndRun(RemoteTestNG.java:293)
	at org.testng.remote.RemoteTestNG.main(RemoteTestNG.java:91)

15:47:34.171 [main] DEBUG c.b.monitoring.PerformanceTester - Failed to append key metrics to file C:\Users\sathi\eclipse-workspace\AppiumAutomation\log\key-metrics.json
15:47:34.864 [main] DEBUG c.b.utils.FunnelInstrumentation - Error in getting Product:
java.lang.NullPointerException: Cannot invoke "String.equalsIgnoreCase(String)" because the return value of "com.browserstack.config.BrowserStackConfig.getFramework()" is null
	at com.browserstack.utils.FunnelInstrumentation.a(Unknown Source)
	at java.base/java.util.stream.MatchOps$1MatchSink.accept(MatchOps.java:90)
	at java.base/java.util.Spliterators$ArraySpliterator.tryAdvance(Spliterators.java:1034)
	at java.base/java.util.stream.ReferencePipeline.forEachWithCancel(ReferencePipeline.java:147)
	at java.base/java.util.stream.AbstractPipeline.copyIntoWithCancel(AbstractPipeline.java:588)
	at java.base/java.util.stream.AbstractPipeline.copyInto(AbstractPipeline.java:574)
	at java.base/java.util.stream.AbstractPipeline.wrapAndCopyInto(AbstractPipeline.java:560)
	at java.base/java.util.stream.MatchOps$MatchOp.evaluateSequential(MatchOps.java:230)
	at java.base/java.util.stream.MatchOps$MatchOp.evaluateSequential(MatchOps.java:196)
	at java.base/java.util.stream.AbstractPipeline.evaluate(AbstractPipeline.java:265)
	at java.base/java.util.stream.ReferencePipeline.anyMatch(ReferencePipeline.java:672)
	at com.browserstack.utils.FunnelInstrumentation.getProducts(Unknown Source)
	at com.browserstack.utils.FunnelInstrumentation.createParamsForEvent(Unknown Source)
	at com.browserstack.utils.FunnelInstrumentation.sendSDKEvent(Unknown Source)
	at com.browserstack.testNgListeners.TmpSuiteListener.onFinish(Unknown Source)
	at org.testng.TestRunner.fireEvent(TestRunner.java:900)
	at org.testng.TestRunner.afterRun(TestRunner.java:855)
	at org.testng.TestRunner.run(TestRunner.java:618)
	at org.testng.SuiteRunner.runTest(SuiteRunner.java:421)
	at org.testng.SuiteRunner.runSequentially(SuiteRunner.java:413)
	at org.testng.SuiteRunner.privateRun(SuiteRunner.java:373)
	at org.testng.SuiteRunner.run(SuiteRunner.java:312)
	at org.testng.SuiteRunnerWorker.runSuite(SuiteRunnerWorker.java:52)
	at org.testng.SuiteRunnerWorker.run(SuiteRunnerWorker.java:95)
	at org.testng.TestNG.runSuitesSequentially(TestNG.java:1274)
	at org.testng.TestNG.runSuitesLocally(TestNG.java:1208)
	at org.testng.TestNG.runSuites(TestNG.java:1112)
	at org.testng.TestNG.run(TestNG.java:1079)
	at org.testng.remote.AbstractRemoteTestNG.run(AbstractRemoteTestNG.java:115)
	at org.testng.remote.RemoteTestNG.initAndRun(RemoteTestNG.java:293)
	at org.testng.remote.RemoteTestNG.main(RemoteTestNG.java:91)
15:47:34.884 [main] DEBUG c.b.utils.FrameworkDetectionUtils - Couldn't find dependency class: appium
15:47:34.971 [main] DEBUG com.browserstack.testOps.UsageStats - getFormattedData: Collecting data for TestObservability
15:47:35.047 [main] TRACE c.b.t.TestOrchestrationUtils - getInstrumentationData: invoked
15:47:35.061 [main] DEBUG c.b.utils.FunnelInstrumentation - Sending funnel data for SDKTestSuccessful with data: {"event_type":"SDKTestSuccessful","accessKey":"[REDACTED]","userName":"[REDACTED]","event_properties":{"isPercyAutoEnabled":false,"language":"java","sdkRunId":"cf9cc363-be03-4bbb-b74d-8746d1b56361","buildIdentifier":"unknown","testhub_uuid":"","detectedAppiumVersion":"null","productMap":{"app_automate":false,"accessibility":null,"automate":true,"percy":false,"observability":false,"turboscale":false},"hostname":"Sathish","measures":{"sdk:pre-test":0.023000001907348633},"productUsage":{"testObservability":{"buildHashedId":"","manuallySet":false,"enabled":false}},"browserStackConfig":{"browserstackLocal":null,"percy":false,"logLevel":"info","staticWebDriver":true,"autoDetectFramework":true,"percyCaptureMode":"AUTO","browserStackLocalOptions":null,"percyOptions":null,"testContextOptions":{"serenityOverridePlugin":false,"skipSessionName":false,"skipSessionStatus":false},"platforms":null,"parallelsPerPlatform":null,"framework":null,"accessibility":false,"accessibilityOptions":{},"turboScaleOptions":{},"disableAutoCaptureLogs":true,"testObservability":true,"browserstackAutomation":true,"turboScale":false,"testObservabilityOptions":{},"gradleMConfig":null,"proxySettings":null},"automationFrameworkVersion":null,"percyBuildId":null,"product":"[automate]","buildName":"unknown","os":"Windows 11","languageVersion":"23.0.2","appiumVersion":"null","frameworkDetectionInstrumentation":{},"detectedDependencies":"","referrer":"unknown","locationTrigger":"onFinish","accessibilityConfiguration":{"pollingTimeout":30},"language_framework":"unknown","testOrchestration":{"abortBuildOnFailure":{"enabled":false},"retryTestsOnFailure":{"enabled":false},"userConfig":{}},"detectedSeleniumVersion":"4.1.2","automationFramework":"selenium","seleniumVersion":"null"}}
15:47:35.360 [main] DEBUG c.b.utils.FunnelInstrumentation - API Event SDKTestSuccessful, response: {"message":"Unauthorized"}
15:47:35.430 [main] DEBUG c.b.monitoring.PerformanceTester - Failed to append key metrics to file C:\Users\sathi\eclipse-workspace\AppiumAutomation\log\key-metrics.json
15:48:01.162 [main] WARN  c.b.config.BrowserStackConfig - Test Observability could not be enabled because framework detected is null. We currently support frameworks testng, cucumber-testng & serenity
15:48:01.622 [main] DEBUG com.browserstack.v2.SdkCliUtils - File C:\Users\sathi\.browserstack already exist
15:48:01.624 [main] DEBUG com.browserstack.v2.SdkCliUtils - getExistingCliPath: no binary found
15:48:01.624 [main] DEBUG com.browserstack.v2.SdkCliUtils - Current CLI Path Found: 
15:48:02.730 [main] ERROR com.browserstack.v2.SdkCliUtils - Error in setting up cli path directory, Exception: Unexpected token END OF FILE at position 0.
	at browserstack.shaded.org.json.simple.parser.JSONParser.parse(Unknown Source)
	at browserstack.shaded.org.json.simple.parser.JSONParser.parse(Unknown Source)
	at browserstack.shaded.org.json.simple.parser.JSONParser.parse(Unknown Source)
	at com.browserstack.v2.SdkCliUtils.checkAndUpdateCli(Unknown Source)
	at com.browserstack.v2.SdkCliUtils.setupCliPath(Unknown Source)
	at com.browserstack.v2.SdkCLI.<clinit>(Unknown Source)
	at com.browserstack.monitoring.PerformanceTester.measure(Unknown Source)
	at com.browserstack.monitoring.PerformanceTester.end(Unknown Source)
	at com.browserstack.testNgListeners.BrowserstackSuiteListener.a(Unknown Source)
	at com.browserstack.testNgListeners.BrowserstackSuiteListener.onStart(Unknown Source)
	at org.testng.SuiteRunner.invokeListeners(SuiteRunner.java:242)
	at org.testng.SuiteRunner.run(SuiteRunner.java:310)
	at org.testng.SuiteRunnerWorker.runSuite(SuiteRunnerWorker.java:52)
	at org.testng.SuiteRunnerWorker.run(SuiteRunnerWorker.java:95)
	at org.testng.TestNG.runSuitesSequentially(TestNG.java:1274)
	at org.testng.TestNG.runSuitesLocally(TestNG.java:1208)
	at org.testng.TestNG.runSuites(TestNG.java:1112)
	at org.testng.TestNG.run(TestNG.java:1079)
	at org.testng.remote.AbstractRemoteTestNG.run(AbstractRemoteTestNG.java:115)
	at org.testng.remote.RemoteTestNG.initAndRun(RemoteTestNG.java:293)
	at org.testng.remote.RemoteTestNG.main(RemoteTestNG.java:91)

15:48:02.742 [main] DEBUG c.b.monitoring.PerformanceTester - Failed to append key metrics to file C:\Users\sathi\eclipse-workspace\AppiumAutomation\log\key-metrics.json
15:48:03.475 [main] DEBUG c.b.utils.FunnelInstrumentation - Error in getting Product:
java.lang.NullPointerException: Cannot invoke "String.equalsIgnoreCase(String)" because the return value of "com.browserstack.config.BrowserStackConfig.getFramework()" is null
	at com.browserstack.utils.FunnelInstrumentation.a(Unknown Source)
	at java.base/java.util.stream.MatchOps$1MatchSink.accept(MatchOps.java:90)
	at java.base/java.util.Spliterators$ArraySpliterator.tryAdvance(Spliterators.java:1034)
	at java.base/java.util.stream.ReferencePipeline.forEachWithCancel(ReferencePipeline.java:147)
	at java.base/java.util.stream.AbstractPipeline.copyIntoWithCancel(AbstractPipeline.java:588)
	at java.base/java.util.stream.AbstractPipeline.copyInto(AbstractPipeline.java:574)
	at java.base/java.util.stream.AbstractPipeline.wrapAndCopyInto(AbstractPipeline.java:560)
	at java.base/java.util.stream.MatchOps$MatchOp.evaluateSequential(MatchOps.java:230)
	at java.base/java.util.stream.MatchOps$MatchOp.evaluateSequential(MatchOps.java:196)
	at java.base/java.util.stream.AbstractPipeline.evaluate(AbstractPipeline.java:265)
	at java.base/java.util.stream.ReferencePipeline.anyMatch(ReferencePipeline.java:672)
	at com.browserstack.utils.FunnelInstrumentation.getProducts(Unknown Source)
	at com.browserstack.utils.FunnelInstrumentation.createParamsForEvent(Unknown Source)
	at com.browserstack.utils.FunnelInstrumentation.sendSDKEvent(Unknown Source)
	at com.browserstack.testNgListeners.TmpSuiteListener.onFinish(Unknown Source)
	at org.testng.TestRunner.fireEvent(TestRunner.java:900)
	at org.testng.TestRunner.afterRun(TestRunner.java:855)
	at org.testng.TestRunner.run(TestRunner.java:618)
	at org.testng.SuiteRunner.runTest(SuiteRunner.java:421)
	at org.testng.SuiteRunner.runSequentially(SuiteRunner.java:413)
	at org.testng.SuiteRunner.privateRun(SuiteRunner.java:373)
	at org.testng.SuiteRunner.run(SuiteRunner.java:312)
	at org.testng.SuiteRunnerWorker.runSuite(SuiteRunnerWorker.java:52)
	at org.testng.SuiteRunnerWorker.run(SuiteRunnerWorker.java:95)
	at org.testng.TestNG.runSuitesSequentially(TestNG.java:1274)
	at org.testng.TestNG.runSuitesLocally(TestNG.java:1208)
	at org.testng.TestNG.runSuites(TestNG.java:1112)
	at org.testng.TestNG.run(TestNG.java:1079)
	at org.testng.remote.AbstractRemoteTestNG.run(AbstractRemoteTestNG.java:115)
	at org.testng.remote.RemoteTestNG.initAndRun(RemoteTestNG.java:293)
	at org.testng.remote.RemoteTestNG.main(RemoteTestNG.java:91)
15:48:03.506 [main] DEBUG c.b.utils.FrameworkDetectionUtils - Couldn't find dependency class: appium
15:48:03.587 [main] DEBUG com.browserstack.testOps.UsageStats - getFormattedData: Collecting data for TestObservability
15:48:03.670 [main] TRACE c.b.t.TestOrchestrationUtils - getInstrumentationData: invoked
15:48:03.686 [main] DEBUG c.b.utils.FunnelInstrumentation - Sending funnel data for SDKTestSuccessful with data: {"event_type":"SDKTestSuccessful","accessKey":"[REDACTED]","userName":"[REDACTED]","event_properties":{"isPercyAutoEnabled":false,"language":"java","sdkRunId":"119fb2b3-96ec-411b-a60c-1000da34cfd1","buildIdentifier":"unknown","testhub_uuid":"","detectedAppiumVersion":"null","productMap":{"app_automate":false,"accessibility":null,"automate":true,"percy":false,"observability":false,"turboscale":false},"hostname":"Sathish","measures":{"sdk:pre-test":0.024900078773498535},"productUsage":{"testObservability":{"buildHashedId":"","manuallySet":false,"enabled":false}},"browserStackConfig":{"browserstackLocal":null,"percy":false,"logLevel":"info","staticWebDriver":true,"autoDetectFramework":true,"percyCaptureMode":"AUTO","browserStackLocalOptions":null,"percyOptions":null,"testContextOptions":{"skipSessionStatus":false,"serenityOverridePlugin":false,"skipSessionName":false},"platforms":null,"parallelsPerPlatform":null,"framework":null,"accessibility":false,"accessibilityOptions":{},"turboScaleOptions":{},"disableAutoCaptureLogs":true,"testObservability":true,"browserstackAutomation":true,"turboScale":false,"testObservabilityOptions":{},"gradleMConfig":null,"proxySettings":null},"automationFrameworkVersion":null,"percyBuildId":null,"product":"[automate]","buildName":"unknown","os":"Windows 11","languageVersion":"23.0.2","appiumVersion":"null","frameworkDetectionInstrumentation":{},"detectedDependencies":"","referrer":"unknown","locationTrigger":"onFinish","accessibilityConfiguration":{"pollingTimeout":30},"language_framework":"unknown","testOrchestration":{"abortBuildOnFailure":{"enabled":false},"retryTestsOnFailure":{"enabled":false},"userConfig":{}},"detectedSeleniumVersion":"4.1.2","automationFramework":"selenium","seleniumVersion":"null"}}
15:48:03.892 [main] DEBUG c.b.utils.FunnelInstrumentation - API Event SDKTestSuccessful, response: {"message":"Unauthorized"}
15:48:03.932 [main] DEBUG c.b.monitoring.PerformanceTester - Failed to append key metrics to file C:\Users\sathi\eclipse-workspace\AppiumAutomation\log\key-metrics.json
16:51:31.431 [main] WARN  c.b.config.BrowserStackConfig - Test Observability could not be enabled because framework detected is null. We currently support frameworks testng, cucumber-testng & serenity
16:51:32.092 [main] DEBUG com.browserstack.v2.SdkCliUtils - File C:\Users\sathi\.browserstack already exist
16:51:32.094 [main] DEBUG com.browserstack.v2.SdkCliUtils - getExistingCliPath: no binary found
16:51:32.095 [main] DEBUG com.browserstack.v2.SdkCliUtils - Current CLI Path Found: 
16:51:32.599 [main] ERROR com.browserstack.v2.SdkCliUtils - Error in setting up cli path directory, Exception: Unexpected token END OF FILE at position 0.
	at browserstack.shaded.org.json.simple.parser.JSONParser.parse(Unknown Source)
	at browserstack.shaded.org.json.simple.parser.JSONParser.parse(Unknown Source)
	at browserstack.shaded.org.json.simple.parser.JSONParser.parse(Unknown Source)
	at com.browserstack.v2.SdkCliUtils.checkAndUpdateCli(Unknown Source)
	at com.browserstack.v2.SdkCliUtils.setupCliPath(Unknown Source)
	at com.browserstack.v2.SdkCLI.<clinit>(Unknown Source)
	at com.browserstack.monitoring.PerformanceTester.measure(Unknown Source)
	at com.browserstack.monitoring.PerformanceTester.end(Unknown Source)
	at com.browserstack.testNgListeners.BrowserstackSuiteListener.a(Unknown Source)
	at com.browserstack.testNgListeners.BrowserstackSuiteListener.onStart(Unknown Source)
	at org.testng.SuiteRunner.invokeListeners(SuiteRunner.java:242)
	at org.testng.SuiteRunner.run(SuiteRunner.java:310)
	at org.testng.SuiteRunnerWorker.runSuite(SuiteRunnerWorker.java:52)
	at org.testng.SuiteRunnerWorker.run(SuiteRunnerWorker.java:95)
	at org.testng.TestNG.runSuitesSequentially(TestNG.java:1274)
	at org.testng.TestNG.runSuitesLocally(TestNG.java:1208)
	at org.testng.TestNG.runSuites(TestNG.java:1112)
	at org.testng.TestNG.run(TestNG.java:1079)
	at org.testng.remote.AbstractRemoteTestNG.run(AbstractRemoteTestNG.java:115)
	at org.testng.remote.RemoteTestNG.initAndRun(RemoteTestNG.java:293)
	at org.testng.remote.RemoteTestNG.main(RemoteTestNG.java:91)

16:51:32.610 [main] DEBUG c.b.monitoring.PerformanceTester - Failed to append key metrics to file C:\Users\sathi\eclipse-workspace\AppiumAutomation\log\key-metrics.json
16:51:33.282 [main] DEBUG c.b.utils.FunnelInstrumentation - Error in getting Product:
java.lang.NullPointerException: Cannot invoke "String.equalsIgnoreCase(String)" because the return value of "com.browserstack.config.BrowserStackConfig.getFramework()" is null
	at com.browserstack.utils.FunnelInstrumentation.a(Unknown Source)
	at java.base/java.util.stream.MatchOps$1MatchSink.accept(MatchOps.java:90)
	at java.base/java.util.Spliterators$ArraySpliterator.tryAdvance(Spliterators.java:1034)
	at java.base/java.util.stream.ReferencePipeline.forEachWithCancel(ReferencePipeline.java:147)
	at java.base/java.util.stream.AbstractPipeline.copyIntoWithCancel(AbstractPipeline.java:588)
	at java.base/java.util.stream.AbstractPipeline.copyInto(AbstractPipeline.java:574)
	at java.base/java.util.stream.AbstractPipeline.wrapAndCopyInto(AbstractPipeline.java:560)
	at java.base/java.util.stream.MatchOps$MatchOp.evaluateSequential(MatchOps.java:230)
	at java.base/java.util.stream.MatchOps$MatchOp.evaluateSequential(MatchOps.java:196)
	at java.base/java.util.stream.AbstractPipeline.evaluate(AbstractPipeline.java:265)
	at java.base/java.util.stream.ReferencePipeline.anyMatch(ReferencePipeline.java:672)
	at com.browserstack.utils.FunnelInstrumentation.getProducts(Unknown Source)
	at com.browserstack.utils.FunnelInstrumentation.createParamsForEvent(Unknown Source)
	at com.browserstack.utils.FunnelInstrumentation.sendSDKEvent(Unknown Source)
	at com.browserstack.testNgListeners.TmpSuiteListener.onFinish(Unknown Source)
	at org.testng.TestRunner.fireEvent(TestRunner.java:900)
	at org.testng.TestRunner.afterRun(TestRunner.java:855)
	at org.testng.TestRunner.run(TestRunner.java:618)
	at org.testng.SuiteRunner.runTest(SuiteRunner.java:421)
	at org.testng.SuiteRunner.runSequentially(SuiteRunner.java:413)
	at org.testng.SuiteRunner.privateRun(SuiteRunner.java:373)
	at org.testng.SuiteRunner.run(SuiteRunner.java:312)
	at org.testng.SuiteRunnerWorker.runSuite(SuiteRunnerWorker.java:52)
	at org.testng.SuiteRunnerWorker.run(SuiteRunnerWorker.java:95)
	at org.testng.TestNG.runSuitesSequentially(TestNG.java:1274)
	at org.testng.TestNG.runSuitesLocally(TestNG.java:1208)
	at org.testng.TestNG.runSuites(TestNG.java:1112)
	at org.testng.TestNG.run(TestNG.java:1079)
	at org.testng.remote.AbstractRemoteTestNG.run(AbstractRemoteTestNG.java:115)
	at org.testng.remote.RemoteTestNG.initAndRun(RemoteTestNG.java:293)
	at org.testng.remote.RemoteTestNG.main(RemoteTestNG.java:91)
16:51:33.307 [main] DEBUG c.b.utils.FrameworkDetectionUtils - Couldn't find dependency class: appium
16:51:33.369 [main] DEBUG com.browserstack.testOps.UsageStats - getFormattedData: Collecting data for TestObservability
16:51:33.430 [main] TRACE c.b.t.TestOrchestrationUtils - getInstrumentationData: invoked
16:51:33.442 [main] DEBUG c.b.utils.FunnelInstrumentation - Sending funnel data for SDKTestSuccessful with data: {"event_type":"SDKTestSuccessful","accessKey":"[REDACTED]","userName":"[REDACTED]","event_properties":{"isPercyAutoEnabled":false,"language":"java","sdkRunId":"4c02aa9d-4dc3-4c61-92c5-187f71fb0a9a","buildIdentifier":"unknown","testhub_uuid":"","detectedAppiumVersion":"null","productMap":{"app_automate":false,"accessibility":null,"automate":true,"percy":false,"observability":false,"turboscale":false},"hostname":"Sathish","measures":{"sdk:pre-test":0.022499918937683105},"productUsage":{"testObservability":{"buildHashedId":"","manuallySet":false,"enabled":false}},"browserStackConfig":{"browserstackLocal":null,"percy":false,"logLevel":"info","staticWebDriver":true,"autoDetectFramework":true,"percyCaptureMode":"AUTO","browserStackLocalOptions":null,"percyOptions":null,"testContextOptions":{"skipSessionStatus":false,"skipSessionName":false,"serenityOverridePlugin":false},"platforms":null,"parallelsPerPlatform":null,"framework":null,"accessibility":false,"accessibilityOptions":{},"turboScaleOptions":{},"disableAutoCaptureLogs":true,"testObservability":true,"browserstackAutomation":true,"turboScale":false,"testObservabilityOptions":{},"gradleMConfig":null,"proxySettings":null},"automationFrameworkVersion":null,"percyBuildId":null,"product":"[automate]","buildName":"unknown","os":"Windows 11","languageVersion":"23.0.2","appiumVersion":"null","frameworkDetectionInstrumentation":{},"detectedDependencies":"","referrer":"unknown","locationTrigger":"onFinish","accessibilityConfiguration":{"pollingTimeout":30},"language_framework":"unknown","testOrchestration":{"abortBuildOnFailure":{"enabled":false},"retryTestsOnFailure":{"enabled":false},"userConfig":{}},"detectedSeleniumVersion":"4.1.2","automationFramework":"selenium","seleniumVersion":"null"}}
16:51:33.603 [main] DEBUG c.b.utils.FunnelInstrumentation - API Event SDKTestSuccessful, response: {"message":"Unauthorized"}
16:51:33.635 [main] DEBUG c.b.monitoring.PerformanceTester - Failed to append key metrics to file C:\Users\sathi\eclipse-workspace\AppiumAutomation\log\key-metrics.json
16:52:18.327 [main] WARN  c.b.config.BrowserStackConfig - Test Observability could not be enabled because framework detected is null. We currently support frameworks testng, cucumber-testng & serenity
16:52:18.785 [main] DEBUG com.browserstack.v2.SdkCliUtils - File C:\Users\sathi\.browserstack already exist
16:52:18.786 [main] DEBUG com.browserstack.v2.SdkCliUtils - getExistingCliPath: no binary found
16:52:18.787 [main] DEBUG com.browserstack.v2.SdkCliUtils - Current CLI Path Found: 
16:52:19.213 [main] ERROR com.browserstack.v2.SdkCliUtils - Error in setting up cli path directory, Exception: Unexpected token END OF FILE at position 0.
	at browserstack.shaded.org.json.simple.parser.JSONParser.parse(Unknown Source)
	at browserstack.shaded.org.json.simple.parser.JSONParser.parse(Unknown Source)
	at browserstack.shaded.org.json.simple.parser.JSONParser.parse(Unknown Source)
	at com.browserstack.v2.SdkCliUtils.checkAndUpdateCli(Unknown Source)
	at com.browserstack.v2.SdkCliUtils.setupCliPath(Unknown Source)
	at com.browserstack.v2.SdkCLI.<clinit>(Unknown Source)
	at com.browserstack.monitoring.PerformanceTester.measure(Unknown Source)
	at com.browserstack.monitoring.PerformanceTester.end(Unknown Source)
	at com.browserstack.testNgListeners.BrowserstackSuiteListener.a(Unknown Source)
	at com.browserstack.testNgListeners.BrowserstackSuiteListener.onStart(Unknown Source)
	at org.testng.SuiteRunner.invokeListeners(SuiteRunner.java:242)
	at org.testng.SuiteRunner.run(SuiteRunner.java:310)
	at org.testng.SuiteRunnerWorker.runSuite(SuiteRunnerWorker.java:52)
	at org.testng.SuiteRunnerWorker.run(SuiteRunnerWorker.java:95)
	at org.testng.TestNG.runSuitesSequentially(TestNG.java:1274)
	at org.testng.TestNG.runSuitesLocally(TestNG.java:1208)
	at org.testng.TestNG.runSuites(TestNG.java:1112)
	at org.testng.TestNG.run(TestNG.java:1079)
	at org.testng.remote.AbstractRemoteTestNG.run(AbstractRemoteTestNG.java:115)
	at org.testng.remote.RemoteTestNG.initAndRun(RemoteTestNG.java:293)
	at org.testng.remote.RemoteTestNG.main(RemoteTestNG.java:91)

16:52:19.219 [main] DEBUG c.b.monitoring.PerformanceTester - Failed to append key metrics to file C:\Users\sathi\eclipse-workspace\AppiumAutomation\log\key-metrics.json
16:52:19.657 [main] DEBUG c.b.utils.FunnelInstrumentation - Error in getting Product:
java.lang.NullPointerException: Cannot invoke "String.equalsIgnoreCase(String)" because the return value of "com.browserstack.config.BrowserStackConfig.getFramework()" is null
	at com.browserstack.utils.FunnelInstrumentation.a(Unknown Source)
	at java.base/java.util.stream.MatchOps$1MatchSink.accept(MatchOps.java:90)
	at java.base/java.util.Spliterators$ArraySpliterator.tryAdvance(Spliterators.java:1034)
	at java.base/java.util.stream.ReferencePipeline.forEachWithCancel(ReferencePipeline.java:147)
	at java.base/java.util.stream.AbstractPipeline.copyIntoWithCancel(AbstractPipeline.java:588)
	at java.base/java.util.stream.AbstractPipeline.copyInto(AbstractPipeline.java:574)
	at java.base/java.util.stream.AbstractPipeline.wrapAndCopyInto(AbstractPipeline.java:560)
	at java.base/java.util.stream.MatchOps$MatchOp.evaluateSequential(MatchOps.java:230)
	at java.base/java.util.stream.MatchOps$MatchOp.evaluateSequential(MatchOps.java:196)
	at java.base/java.util.stream.AbstractPipeline.evaluate(AbstractPipeline.java:265)
	at java.base/java.util.stream.ReferencePipeline.anyMatch(ReferencePipeline.java:672)
	at com.browserstack.utils.FunnelInstrumentation.getProducts(Unknown Source)
	at com.browserstack.utils.FunnelInstrumentation.createParamsForEvent(Unknown Source)
	at com.browserstack.utils.FunnelInstrumentation.sendSDKEvent(Unknown Source)
	at com.browserstack.testNgListeners.TmpSuiteListener.onFinish(Unknown Source)
	at org.testng.TestRunner.fireEvent(TestRunner.java:900)
	at org.testng.TestRunner.afterRun(TestRunner.java:855)
	at org.testng.TestRunner.run(TestRunner.java:618)
	at org.testng.SuiteRunner.runTest(SuiteRunner.java:421)
	at org.testng.SuiteRunner.runSequentially(SuiteRunner.java:413)
	at org.testng.SuiteRunner.privateRun(SuiteRunner.java:373)
	at org.testng.SuiteRunner.run(SuiteRunner.java:312)
	at org.testng.SuiteRunnerWorker.runSuite(SuiteRunnerWorker.java:52)
	at org.testng.SuiteRunnerWorker.run(SuiteRunnerWorker.java:95)
	at org.testng.TestNG.runSuitesSequentially(TestNG.java:1274)
	at org.testng.TestNG.runSuitesLocally(TestNG.java:1208)
	at org.testng.TestNG.runSuites(TestNG.java:1112)
	at org.testng.TestNG.run(TestNG.java:1079)
	at org.testng.remote.AbstractRemoteTestNG.run(AbstractRemoteTestNG.java:115)
	at org.testng.remote.RemoteTestNG.initAndRun(RemoteTestNG.java:293)
	at org.testng.remote.RemoteTestNG.main(RemoteTestNG.java:91)
16:52:19.671 [main] DEBUG c.b.utils.FrameworkDetectionUtils - Couldn't find dependency class: appium
16:52:19.719 [main] DEBUG com.browserstack.testOps.UsageStats - getFormattedData: Collecting data for TestObservability
16:52:19.773 [main] TRACE c.b.t.TestOrchestrationUtils - getInstrumentationData: invoked
16:52:19.782 [main] DEBUG c.b.utils.FunnelInstrumentation - Sending funnel data for SDKTestSuccessful with data: {"event_type":"SDKTestSuccessful","accessKey":"[REDACTED]","userName":"[REDACTED]","event_properties":{"isPercyAutoEnabled":false,"language":"java","sdkRunId":"d49e081f-0a48-4d52-b031-5bde85a34f22","buildIdentifier":"unknown","testhub_uuid":"","detectedAppiumVersion":"null","productMap":{"app_automate":false,"accessibility":null,"automate":true,"percy":false,"observability":false,"turboscale":false},"hostname":"Sathish","measures":{"sdk:pre-test":0.023800015449523926},"productUsage":{"testObservability":{"buildHashedId":"","manuallySet":false,"enabled":false}},"browserStackConfig":{"browserstackLocal":null,"percy":false,"logLevel":"info","staticWebDriver":true,"autoDetectFramework":true,"percyCaptureMode":"AUTO","browserStackLocalOptions":null,"percyOptions":null,"testContextOptions":{"serenityOverridePlugin":false,"skipSessionStatus":false,"skipSessionName":false},"platforms":null,"parallelsPerPlatform":null,"framework":null,"accessibility":false,"accessibilityOptions":{},"turboScaleOptions":{},"disableAutoCaptureLogs":true,"testObservability":true,"browserstackAutomation":true,"turboScale":false,"testObservabilityOptions":{},"gradleMConfig":null,"proxySettings":null},"automationFrameworkVersion":null,"percyBuildId":null,"product":"[automate]","buildName":"unknown","os":"Windows 11","languageVersion":"23.0.2","appiumVersion":"null","frameworkDetectionInstrumentation":{},"detectedDependencies":"","referrer":"unknown","locationTrigger":"onFinish","accessibilityConfiguration":{"pollingTimeout":30},"language_framework":"unknown","testOrchestration":{"abortBuildOnFailure":{"enabled":false},"retryTestsOnFailure":{"enabled":false},"userConfig":{}},"detectedSeleniumVersion":"4.1.2","automationFramework":"selenium","seleniumVersion":"null"}}
16:52:19.934 [main] DEBUG c.b.utils.FunnelInstrumentation - API Event SDKTestSuccessful, response: {"message":"Unauthorized"}
16:52:19.961 [main] DEBUG c.b.monitoring.PerformanceTester - Failed to append key metrics to file C:\Users\sathi\eclipse-workspace\AppiumAutomation\log\key-metrics.json
16:57:03.165 [main] WARN  c.b.config.BrowserStackConfig - Test Observability could not be enabled because framework detected is null. We currently support frameworks testng, cucumber-testng & serenity
16:57:03.559 [main] DEBUG com.browserstack.v2.SdkCliUtils - File C:\Users\sathi\.browserstack already exist
16:57:03.561 [main] DEBUG com.browserstack.v2.SdkCliUtils - getExistingCliPath: no binary found
16:57:03.561 [main] DEBUG com.browserstack.v2.SdkCliUtils - Current CLI Path Found: 
16:57:03.973 [main] ERROR com.browserstack.v2.SdkCliUtils - Error in setting up cli path directory, Exception: Unexpected token END OF FILE at position 0.
	at browserstack.shaded.org.json.simple.parser.JSONParser.parse(Unknown Source)
	at browserstack.shaded.org.json.simple.parser.JSONParser.parse(Unknown Source)
	at browserstack.shaded.org.json.simple.parser.JSONParser.parse(Unknown Source)
	at com.browserstack.v2.SdkCliUtils.checkAndUpdateCli(Unknown Source)
	at com.browserstack.v2.SdkCliUtils.setupCliPath(Unknown Source)
	at com.browserstack.v2.SdkCLI.<clinit>(Unknown Source)
	at com.browserstack.monitoring.PerformanceTester.measure(Unknown Source)
	at com.browserstack.monitoring.PerformanceTester.end(Unknown Source)
	at com.browserstack.testNgListeners.BrowserstackSuiteListener.a(Unknown Source)
	at com.browserstack.testNgListeners.BrowserstackSuiteListener.onStart(Unknown Source)
	at org.testng.SuiteRunner.invokeListeners(SuiteRunner.java:242)
	at org.testng.SuiteRunner.run(SuiteRunner.java:310)
	at org.testng.SuiteRunnerWorker.runSuite(SuiteRunnerWorker.java:52)
	at org.testng.SuiteRunnerWorker.run(SuiteRunnerWorker.java:95)
	at org.testng.TestNG.runSuitesSequentially(TestNG.java:1274)
	at org.testng.TestNG.runSuitesLocally(TestNG.java:1208)
	at org.testng.TestNG.runSuites(TestNG.java:1112)
	at org.testng.TestNG.run(TestNG.java:1079)
	at org.testng.remote.AbstractRemoteTestNG.run(AbstractRemoteTestNG.java:115)
	at org.testng.remote.RemoteTestNG.initAndRun(RemoteTestNG.java:293)
	at org.testng.remote.RemoteTestNG.main(RemoteTestNG.java:91)

16:57:03.980 [main] DEBUG c.b.monitoring.PerformanceTester - Failed to append key metrics to file C:\Users\sathi\eclipse-workspace\AppiumAutomation\log\key-metrics.json
16:57:04.549 [main] DEBUG c.b.utils.FunnelInstrumentation - Error in getting Product:
java.lang.NullPointerException: Cannot invoke "String.equalsIgnoreCase(String)" because the return value of "com.browserstack.config.BrowserStackConfig.getFramework()" is null
	at com.browserstack.utils.FunnelInstrumentation.a(Unknown Source)
	at java.base/java.util.stream.MatchOps$1MatchSink.accept(MatchOps.java:90)
	at java.base/java.util.Spliterators$ArraySpliterator.tryAdvance(Spliterators.java:1034)
	at java.base/java.util.stream.ReferencePipeline.forEachWithCancel(ReferencePipeline.java:147)
	at java.base/java.util.stream.AbstractPipeline.copyIntoWithCancel(AbstractPipeline.java:588)
	at java.base/java.util.stream.AbstractPipeline.copyInto(AbstractPipeline.java:574)
	at java.base/java.util.stream.AbstractPipeline.wrapAndCopyInto(AbstractPipeline.java:560)
	at java.base/java.util.stream.MatchOps$MatchOp.evaluateSequential(MatchOps.java:230)
	at java.base/java.util.stream.MatchOps$MatchOp.evaluateSequential(MatchOps.java:196)
	at java.base/java.util.stream.AbstractPipeline.evaluate(AbstractPipeline.java:265)
	at java.base/java.util.stream.ReferencePipeline.anyMatch(ReferencePipeline.java:672)
	at com.browserstack.utils.FunnelInstrumentation.getProducts(Unknown Source)
	at com.browserstack.utils.FunnelInstrumentation.createParamsForEvent(Unknown Source)
	at com.browserstack.utils.FunnelInstrumentation.sendSDKEvent(Unknown Source)
	at com.browserstack.testNgListeners.TmpSuiteListener.onFinish(Unknown Source)
	at org.testng.TestRunner.fireEvent(TestRunner.java:900)
	at org.testng.TestRunner.afterRun(TestRunner.java:855)
	at org.testng.TestRunner.run(TestRunner.java:618)
	at org.testng.SuiteRunner.runTest(SuiteRunner.java:421)
	at org.testng.SuiteRunner.runSequentially(SuiteRunner.java:413)
	at org.testng.SuiteRunner.privateRun(SuiteRunner.java:373)
	at org.testng.SuiteRunner.run(SuiteRunner.java:312)
	at org.testng.SuiteRunnerWorker.runSuite(SuiteRunnerWorker.java:52)
	at org.testng.SuiteRunnerWorker.run(SuiteRunnerWorker.java:95)
	at org.testng.TestNG.runSuitesSequentially(TestNG.java:1274)
	at org.testng.TestNG.runSuitesLocally(TestNG.java:1208)
	at org.testng.TestNG.runSuites(TestNG.java:1112)
	at org.testng.TestNG.run(TestNG.java:1079)
	at org.testng.remote.AbstractRemoteTestNG.run(AbstractRemoteTestNG.java:115)
	at org.testng.remote.RemoteTestNG.initAndRun(RemoteTestNG.java:293)
	at org.testng.remote.RemoteTestNG.main(RemoteTestNG.java:91)
16:57:04.575 [main] DEBUG c.b.utils.FrameworkDetectionUtils - Couldn't find dependency class: appium
16:57:04.632 [main] DEBUG com.browserstack.testOps.UsageStats - getFormattedData: Collecting data for TestObservability
16:57:04.682 [main] TRACE c.b.t.TestOrchestrationUtils - getInstrumentationData: invoked
16:57:04.694 [main] DEBUG c.b.utils.FunnelInstrumentation - Sending funnel data for SDKTestSuccessful with data: {"event_type":"SDKTestSuccessful","accessKey":"[REDACTED]","userName":"[REDACTED]","event_properties":{"isPercyAutoEnabled":false,"language":"java","sdkRunId":"50983a48-47ff-42a8-a7c2-fcc5061d6362","buildIdentifier":"unknown","testhub_uuid":"","detectedAppiumVersion":"null","productMap":{"app_automate":false,"accessibility":null,"automate":true,"percy":false,"observability":false,"turboscale":false},"hostname":"Sathish","measures":{"sdk:pre-test":0.021199941635131836},"productUsage":{"testObservability":{"buildHashedId":"","manuallySet":false,"enabled":false}},"browserStackConfig":{"browserstackLocal":null,"percy":false,"logLevel":"info","staticWebDriver":true,"autoDetectFramework":true,"percyCaptureMode":"AUTO","browserStackLocalOptions":null,"percyOptions":null,"testContextOptions":{"skipSessionStatus":false,"serenityOverridePlugin":false,"skipSessionName":false},"platforms":null,"parallelsPerPlatform":null,"framework":null,"accessibility":false,"accessibilityOptions":{},"turboScaleOptions":{},"disableAutoCaptureLogs":true,"testObservability":true,"browserstackAutomation":true,"turboScale":false,"testObservabilityOptions":{},"gradleMConfig":null,"proxySettings":null},"automationFrameworkVersion":null,"percyBuildId":null,"product":"[automate]","buildName":"unknown","os":"Windows 11","languageVersion":"23.0.2","appiumVersion":"null","frameworkDetectionInstrumentation":{},"detectedDependencies":"","referrer":"unknown","locationTrigger":"onFinish","accessibilityConfiguration":{"pollingTimeout":30},"language_framework":"unknown","testOrchestration":{"abortBuildOnFailure":{"enabled":false},"retryTestsOnFailure":{"enabled":false},"userConfig":{}},"detectedSeleniumVersion":"4.1.2","automationFramework":"selenium","seleniumVersion":"null"}}
16:57:04.843 [main] DEBUG c.b.utils.FunnelInstrumentation - API Event SDKTestSuccessful, response: {"message":"Unauthorized"}
16:57:04.893 [main] DEBUG c.b.monitoring.PerformanceTester - Failed to append key metrics to file C:\Users\sathi\eclipse-workspace\AppiumAutomation\log\key-metrics.json
16:57:25.903 [main] WARN  c.b.config.BrowserStackConfig - Test Observability could not be enabled because framework detected is null. We currently support frameworks testng, cucumber-testng & serenity
16:57:26.267 [main] DEBUG com.browserstack.v2.SdkCliUtils - File C:\Users\sathi\.browserstack already exist
16:57:26.270 [main] DEBUG com.browserstack.v2.SdkCliUtils - getExistingCliPath: no binary found
16:57:26.270 [main] DEBUG com.browserstack.v2.SdkCliUtils - Current CLI Path Found: 
16:57:26.930 [main] ERROR com.browserstack.v2.SdkCliUtils - Error in setting up cli path directory, Exception: Unexpected token END OF FILE at position 0.
	at browserstack.shaded.org.json.simple.parser.JSONParser.parse(Unknown Source)
	at browserstack.shaded.org.json.simple.parser.JSONParser.parse(Unknown Source)
	at browserstack.shaded.org.json.simple.parser.JSONParser.parse(Unknown Source)
	at com.browserstack.v2.SdkCliUtils.checkAndUpdateCli(Unknown Source)
	at com.browserstack.v2.SdkCliUtils.setupCliPath(Unknown Source)
	at com.browserstack.v2.SdkCLI.<clinit>(Unknown Source)
	at com.browserstack.monitoring.PerformanceTester.measure(Unknown Source)
	at com.browserstack.monitoring.PerformanceTester.end(Unknown Source)
	at com.browserstack.testNgListeners.BrowserstackSuiteListener.a(Unknown Source)
	at com.browserstack.testNgListeners.BrowserstackSuiteListener.onStart(Unknown Source)
	at org.testng.SuiteRunner.invokeListeners(SuiteRunner.java:242)
	at org.testng.SuiteRunner.run(SuiteRunner.java:310)
	at org.testng.SuiteRunnerWorker.runSuite(SuiteRunnerWorker.java:52)
	at org.testng.SuiteRunnerWorker.run(SuiteRunnerWorker.java:95)
	at org.testng.TestNG.runSuitesSequentially(TestNG.java:1274)
	at org.testng.TestNG.runSuitesLocally(TestNG.java:1208)
	at org.testng.TestNG.runSuites(TestNG.java:1112)
	at org.testng.TestNG.run(TestNG.java:1079)
	at org.testng.remote.AbstractRemoteTestNG.run(AbstractRemoteTestNG.java:115)
	at org.testng.remote.RemoteTestNG.initAndRun(RemoteTestNG.java:293)
	at org.testng.remote.RemoteTestNG.main(RemoteTestNG.java:91)

16:57:26.936 [main] DEBUG c.b.monitoring.PerformanceTester - Failed to append key metrics to file C:\Users\sathi\eclipse-workspace\AppiumAutomation\log\key-metrics.json
16:57:27.362 [main] DEBUG c.b.utils.FunnelInstrumentation - Error in getting Product:
java.lang.NullPointerException: Cannot invoke "String.equalsIgnoreCase(String)" because the return value of "com.browserstack.config.BrowserStackConfig.getFramework()" is null
	at com.browserstack.utils.FunnelInstrumentation.a(Unknown Source)
	at java.base/java.util.stream.MatchOps$1MatchSink.accept(MatchOps.java:90)
	at java.base/java.util.Spliterators$ArraySpliterator.tryAdvance(Spliterators.java:1034)
	at java.base/java.util.stream.ReferencePipeline.forEachWithCancel(ReferencePipeline.java:147)
	at java.base/java.util.stream.AbstractPipeline.copyIntoWithCancel(AbstractPipeline.java:588)
	at java.base/java.util.stream.AbstractPipeline.copyInto(AbstractPipeline.java:574)
	at java.base/java.util.stream.AbstractPipeline.wrapAndCopyInto(AbstractPipeline.java:560)
	at java.base/java.util.stream.MatchOps$MatchOp.evaluateSequential(MatchOps.java:230)
	at java.base/java.util.stream.MatchOps$MatchOp.evaluateSequential(MatchOps.java:196)
	at java.base/java.util.stream.AbstractPipeline.evaluate(AbstractPipeline.java:265)
	at java.base/java.util.stream.ReferencePipeline.anyMatch(ReferencePipeline.java:672)
	at com.browserstack.utils.FunnelInstrumentation.getProducts(Unknown Source)
	at com.browserstack.utils.FunnelInstrumentation.createParamsForEvent(Unknown Source)
	at com.browserstack.utils.FunnelInstrumentation.sendSDKEvent(Unknown Source)
	at com.browserstack.testNgListeners.TmpSuiteListener.onFinish(Unknown Source)
	at org.testng.TestRunner.fireEvent(TestRunner.java:900)
	at org.testng.TestRunner.afterRun(TestRunner.java:855)
	at org.testng.TestRunner.run(TestRunner.java:618)
	at org.testng.SuiteRunner.runTest(SuiteRunner.java:421)
	at org.testng.SuiteRunner.runSequentially(SuiteRunner.java:413)
	at org.testng.SuiteRunner.privateRun(SuiteRunner.java:373)
	at org.testng.SuiteRunner.run(SuiteRunner.java:312)
	at org.testng.SuiteRunnerWorker.runSuite(SuiteRunnerWorker.java:52)
	at org.testng.SuiteRunnerWorker.run(SuiteRunnerWorker.java:95)
	at org.testng.TestNG.runSuitesSequentially(TestNG.java:1274)
	at org.testng.TestNG.runSuitesLocally(TestNG.java:1208)
	at org.testng.TestNG.runSuites(TestNG.java:1112)
	at org.testng.TestNG.run(TestNG.java:1079)
	at org.testng.remote.AbstractRemoteTestNG.run(AbstractRemoteTestNG.java:115)
	at org.testng.remote.RemoteTestNG.initAndRun(RemoteTestNG.java:293)
	at org.testng.remote.RemoteTestNG.main(RemoteTestNG.java:91)
16:57:27.378 [main] DEBUG c.b.utils.FrameworkDetectionUtils - Couldn't find dependency class: appium
16:57:27.428 [main] DEBUG com.browserstack.testOps.UsageStats - getFormattedData: Collecting data for TestObservability
16:57:27.476 [main] TRACE c.b.t.TestOrchestrationUtils - getInstrumentationData: invoked
16:57:27.485 [main] DEBUG c.b.utils.FunnelInstrumentation - Sending funnel data for SDKTestSuccessful with data: {"event_type":"SDKTestSuccessful","accessKey":"[REDACTED]","userName":"[REDACTED]","event_properties":{"isPercyAutoEnabled":false,"language":"java","sdkRunId":"20f6be3d-8364-45a5-9c3e-3c30e9e3c78c","buildIdentifier":"unknown","testhub_uuid":"","detectedAppiumVersion":"null","productMap":{"app_automate":false,"accessibility":null,"automate":true,"percy":false,"observability":false,"turboscale":false},"hostname":"Sathish","measures":{"sdk:pre-test":0.021499991416931152},"productUsage":{"testObservability":{"buildHashedId":"","manuallySet":false,"enabled":false}},"browserStackConfig":{"browserstackLocal":null,"percy":false,"logLevel":"info","staticWebDriver":true,"autoDetectFramework":true,"percyCaptureMode":"AUTO","browserStackLocalOptions":null,"percyOptions":null,"testContextOptions":{"serenityOverridePlugin":false,"skipSessionStatus":false,"skipSessionName":false},"platforms":null,"parallelsPerPlatform":null,"framework":null,"accessibility":false,"accessibilityOptions":{},"turboScaleOptions":{},"disableAutoCaptureLogs":true,"testObservability":true,"browserstackAutomation":true,"turboScale":false,"testObservabilityOptions":{},"gradleMConfig":null,"proxySettings":null},"automationFrameworkVersion":null,"percyBuildId":null,"product":"[automate]","buildName":"unknown","os":"Windows 11","languageVersion":"23.0.2","appiumVersion":"null","frameworkDetectionInstrumentation":{},"detectedDependencies":"","referrer":"unknown","locationTrigger":"onFinish","accessibilityConfiguration":{"pollingTimeout":30},"language_framework":"unknown","testOrchestration":{"abortBuildOnFailure":{"enabled":false},"retryTestsOnFailure":{"enabled":false},"userConfig":{}},"detectedSeleniumVersion":"4.1.2","automationFramework":"selenium","seleniumVersion":"null"}}
16:57:27.635 [main] DEBUG c.b.utils.FunnelInstrumentation - API Event SDKTestSuccessful, response: {"message":"Unauthorized"}
16:57:27.663 [main] DEBUG c.b.monitoring.PerformanceTester - Failed to append key metrics to file C:\Users\sathi\eclipse-workspace\AppiumAutomation\log\key-metrics.json
10:01:15.146 [main] WARN  c.b.config.BrowserStackConfig - Test Observability could not be enabled because framework detected is null. We currently support frameworks testng, cucumber-testng & serenity
10:01:15.957 [main] DEBUG com.browserstack.v2.SdkCliUtils - File C:\Users\sathi\.browserstack already exist
10:01:15.960 [main] DEBUG com.browserstack.v2.SdkCliUtils - getExistingCliPath: no binary found
10:01:15.961 [main] DEBUG com.browserstack.v2.SdkCliUtils - Current CLI Path Found: 
10:01:16.565 [main] ERROR com.browserstack.v2.SdkCliUtils - Error in setting up cli path directory, Exception: Unexpected token END OF FILE at position 0.
	at browserstack.shaded.org.json.simple.parser.JSONParser.parse(Unknown Source)
	at browserstack.shaded.org.json.simple.parser.JSONParser.parse(Unknown Source)
	at browserstack.shaded.org.json.simple.parser.JSONParser.parse(Unknown Source)
	at com.browserstack.v2.SdkCliUtils.checkAndUpdateCli(Unknown Source)
	at com.browserstack.v2.SdkCliUtils.setupCliPath(Unknown Source)
	at com.browserstack.v2.SdkCLI.<clinit>(Unknown Source)
	at com.browserstack.monitoring.PerformanceTester.measure(Unknown Source)
	at com.browserstack.monitoring.PerformanceTester.end(Unknown Source)
	at com.browserstack.testNgListeners.BrowserstackSuiteListener.a(Unknown Source)
	at com.browserstack.testNgListeners.BrowserstackSuiteListener.onStart(Unknown Source)
	at org.testng.SuiteRunner.invokeListeners(SuiteRunner.java:242)
	at org.testng.SuiteRunner.run(SuiteRunner.java:310)
	at org.testng.SuiteRunnerWorker.runSuite(SuiteRunnerWorker.java:52)
	at org.testng.SuiteRunnerWorker.run(SuiteRunnerWorker.java:95)
	at org.testng.TestNG.runSuitesSequentially(TestNG.java:1274)
	at org.testng.TestNG.runSuitesLocally(TestNG.java:1208)
	at org.testng.TestNG.runSuites(TestNG.java:1112)
	at org.testng.TestNG.run(TestNG.java:1079)
	at org.testng.remote.AbstractRemoteTestNG.run(AbstractRemoteTestNG.java:115)
	at org.testng.remote.RemoteTestNG.initAndRun(RemoteTestNG.java:293)
	at org.testng.remote.RemoteTestNG.main(RemoteTestNG.java:91)

10:01:16.586 [main] DEBUG c.b.monitoring.PerformanceTester - Failed to append key metrics to file C:\Users\sathi\eclipse-workspace\AppiumAutomation\log\key-metrics.json
10:01:16.766 [main] DEBUG c.b.utils.FunnelInstrumentation - Error in getting Product:
java.lang.NullPointerException: Cannot invoke "String.equalsIgnoreCase(String)" because the return value of "com.browserstack.config.BrowserStackConfig.getFramework()" is null
	at com.browserstack.utils.FunnelInstrumentation.a(Unknown Source)
	at java.base/java.util.stream.MatchOps$1MatchSink.accept(MatchOps.java:90)
	at java.base/java.util.Spliterators$ArraySpliterator.tryAdvance(Spliterators.java:1034)
	at java.base/java.util.stream.ReferencePipeline.forEachWithCancel(ReferencePipeline.java:147)
	at java.base/java.util.stream.AbstractPipeline.copyIntoWithCancel(AbstractPipeline.java:588)
	at java.base/java.util.stream.AbstractPipeline.copyInto(AbstractPipeline.java:574)
	at java.base/java.util.stream.AbstractPipeline.wrapAndCopyInto(AbstractPipeline.java:560)
	at java.base/java.util.stream.MatchOps$MatchOp.evaluateSequential(MatchOps.java:230)
	at java.base/java.util.stream.MatchOps$MatchOp.evaluateSequential(MatchOps.java:196)
	at java.base/java.util.stream.AbstractPipeline.evaluate(AbstractPipeline.java:265)
	at java.base/java.util.stream.ReferencePipeline.anyMatch(ReferencePipeline.java:672)
	at com.browserstack.utils.FunnelInstrumentation.getProducts(Unknown Source)
	at com.browserstack.utils.FunnelInstrumentation.createParamsForEvent(Unknown Source)
	at com.browserstack.utils.FunnelInstrumentation.sendSDKEvent(Unknown Source)
	at com.browserstack.testNgListeners.TmpSuiteListener.onFinish(Unknown Source)
	at org.testng.TestRunner.fireEvent(TestRunner.java:900)
	at org.testng.TestRunner.afterRun(TestRunner.java:855)
	at org.testng.TestRunner.run(TestRunner.java:618)
	at org.testng.SuiteRunner.runTest(SuiteRunner.java:421)
	at org.testng.SuiteRunner.runSequentially(SuiteRunner.java:413)
	at org.testng.SuiteRunner.privateRun(SuiteRunner.java:373)
	at org.testng.SuiteRunner.run(SuiteRunner.java:312)
	at org.testng.SuiteRunnerWorker.runSuite(SuiteRunnerWorker.java:52)
	at org.testng.SuiteRunnerWorker.run(SuiteRunnerWorker.java:95)
	at org.testng.TestNG.runSuitesSequentially(TestNG.java:1274)
	at org.testng.TestNG.runSuitesLocally(TestNG.java:1208)
	at org.testng.TestNG.runSuites(TestNG.java:1112)
	at org.testng.TestNG.run(TestNG.java:1079)
	at org.testng.remote.AbstractRemoteTestNG.run(AbstractRemoteTestNG.java:115)
	at org.testng.remote.RemoteTestNG.initAndRun(RemoteTestNG.java:293)
	at org.testng.remote.RemoteTestNG.main(RemoteTestNG.java:91)
10:01:16.823 [main] DEBUG c.b.utils.FrameworkDetectionUtils - Couldn't find dependency class: appium
10:01:16.944 [main] DEBUG com.browserstack.testOps.UsageStats - getFormattedData: Collecting data for TestObservability
10:01:17.054 [main] TRACE c.b.t.TestOrchestrationUtils - getInstrumentationData: invoked
10:01:17.076 [main] DEBUG c.b.utils.FunnelInstrumentation - Sending funnel data for SDKTestSuccessful with data: {"event_type":"SDKTestSuccessful","accessKey":"[REDACTED]","userName":"[REDACTED]","event_properties":{"isPercyAutoEnabled":false,"language":"java","sdkRunId":"611cf83a-f9af-4be5-bf06-950d9e0eab8a","buildIdentifier":"unknown","testhub_uuid":"","detectedAppiumVersion":"null","productMap":{"app_automate":false,"accessibility":null,"automate":true,"percy":false,"observability":false,"turboscale":false},"hostname":"Sathish","measures":{"sdk:pre-test":0.026900053024291992},"productUsage":{"testObservability":{"buildHashedId":"","manuallySet":false,"enabled":false}},"browserStackConfig":{"browserstackLocal":null,"percy":false,"logLevel":"info","staticWebDriver":true,"autoDetectFramework":true,"percyCaptureMode":"AUTO","browserStackLocalOptions":null,"percyOptions":null,"testContextOptions":{"skipSessionStatus":false,"serenityOverridePlugin":false,"skipSessionName":false},"platforms":null,"parallelsPerPlatform":null,"framework":null,"accessibility":false,"accessibilityOptions":{},"turboScaleOptions":{},"disableAutoCaptureLogs":true,"testObservability":true,"browserstackAutomation":true,"turboScale":false,"testObservabilityOptions":{},"gradleMConfig":null,"proxySettings":null},"automationFrameworkVersion":null,"percyBuildId":null,"product":"[automate]","buildName":"unknown","os":"Windows 11","languageVersion":"23.0.2","appiumVersion":"null","frameworkDetectionInstrumentation":{},"detectedDependencies":"","referrer":"unknown","locationTrigger":"onFinish","accessibilityConfiguration":{"pollingTimeout":30},"language_framework":"unknown","testOrchestration":{"abortBuildOnFailure":{"enabled":false},"retryTestsOnFailure":{"enabled":false},"userConfig":{}},"detectedSeleniumVersion":"4.1.2","automationFramework":"selenium","seleniumVersion":"null"}}
10:01:17.248 [main] DEBUG c.b.utils.FunnelInstrumentation - API Event SDKTestSuccessful, response: {"message":"Unauthorized"}
10:01:17.359 [main] DEBUG c.b.monitoring.PerformanceTester - Failed to append key metrics to file C:\Users\sathi\eclipse-workspace\AppiumAutomation\log\key-metrics.json
10:02:35.949 [main] WARN  c.b.config.BrowserStackConfig - Test Observability could not be enabled because framework detected is null. We currently support frameworks testng, cucumber-testng & serenity
10:02:36.653 [main] DEBUG com.browserstack.v2.SdkCliUtils - File C:\Users\sathi\.browserstack already exist
10:02:36.656 [main] DEBUG com.browserstack.v2.SdkCliUtils - getExistingCliPath: no binary found
10:02:36.656 [main] DEBUG com.browserstack.v2.SdkCliUtils - Current CLI Path Found: 
10:02:37.180 [main] ERROR com.browserstack.v2.SdkCliUtils - Error in setting up cli path directory, Exception: Unexpected token END OF FILE at position 0.
	at browserstack.shaded.org.json.simple.parser.JSONParser.parse(Unknown Source)
	at browserstack.shaded.org.json.simple.parser.JSONParser.parse(Unknown Source)
	at browserstack.shaded.org.json.simple.parser.JSONParser.parse(Unknown Source)
	at com.browserstack.v2.SdkCliUtils.checkAndUpdateCli(Unknown Source)
	at com.browserstack.v2.SdkCliUtils.setupCliPath(Unknown Source)
	at com.browserstack.v2.SdkCLI.<clinit>(Unknown Source)
	at com.browserstack.monitoring.PerformanceTester.measure(Unknown Source)
	at com.browserstack.monitoring.PerformanceTester.end(Unknown Source)
	at com.browserstack.testNgListeners.BrowserstackSuiteListener.a(Unknown Source)
	at com.browserstack.testNgListeners.BrowserstackSuiteListener.onStart(Unknown Source)
	at org.testng.SuiteRunner.invokeListeners(SuiteRunner.java:242)
	at org.testng.SuiteRunner.run(SuiteRunner.java:310)
	at org.testng.SuiteRunnerWorker.runSuite(SuiteRunnerWorker.java:52)
	at org.testng.SuiteRunnerWorker.run(SuiteRunnerWorker.java:95)
	at org.testng.TestNG.runSuitesSequentially(TestNG.java:1274)
	at org.testng.TestNG.runSuitesLocally(TestNG.java:1208)
	at org.testng.TestNG.runSuites(TestNG.java:1112)
	at org.testng.TestNG.run(TestNG.java:1079)
	at org.testng.remote.AbstractRemoteTestNG.run(AbstractRemoteTestNG.java:115)
	at org.testng.remote.RemoteTestNG.initAndRun(RemoteTestNG.java:293)
	at org.testng.remote.RemoteTestNG.main(RemoteTestNG.java:91)

10:02:37.191 [main] DEBUG c.b.monitoring.PerformanceTester - Failed to append key metrics to file C:\Users\sathi\eclipse-workspace\AppiumAutomation\log\key-metrics.json
10:02:37.352 [main] DEBUG c.b.utils.FunnelInstrumentation - Error in getting Product:
java.lang.NullPointerException: Cannot invoke "String.equalsIgnoreCase(String)" because the return value of "com.browserstack.config.BrowserStackConfig.getFramework()" is null
	at com.browserstack.utils.FunnelInstrumentation.a(Unknown Source)
	at java.base/java.util.stream.MatchOps$1MatchSink.accept(MatchOps.java:90)
	at java.base/java.util.Spliterators$ArraySpliterator.tryAdvance(Spliterators.java:1034)
	at java.base/java.util.stream.ReferencePipeline.forEachWithCancel(ReferencePipeline.java:147)
	at java.base/java.util.stream.AbstractPipeline.copyIntoWithCancel(AbstractPipeline.java:588)
	at java.base/java.util.stream.AbstractPipeline.copyInto(AbstractPipeline.java:574)
	at java.base/java.util.stream.AbstractPipeline.wrapAndCopyInto(AbstractPipeline.java:560)
	at java.base/java.util.stream.MatchOps$MatchOp.evaluateSequential(MatchOps.java:230)
	at java.base/java.util.stream.MatchOps$MatchOp.evaluateSequential(MatchOps.java:196)
	at java.base/java.util.stream.AbstractPipeline.evaluate(AbstractPipeline.java:265)
	at java.base/java.util.stream.ReferencePipeline.anyMatch(ReferencePipeline.java:672)
	at com.browserstack.utils.FunnelInstrumentation.getProducts(Unknown Source)
	at com.browserstack.utils.FunnelInstrumentation.createParamsForEvent(Unknown Source)
	at com.browserstack.utils.FunnelInstrumentation.sendSDKEvent(Unknown Source)
	at com.browserstack.testNgListeners.TmpSuiteListener.onFinish(Unknown Source)
	at org.testng.TestRunner.fireEvent(TestRunner.java:900)
	at org.testng.TestRunner.afterRun(TestRunner.java:855)
	at org.testng.TestRunner.run(TestRunner.java:618)
	at org.testng.SuiteRunner.runTest(SuiteRunner.java:421)
	at org.testng.SuiteRunner.runSequentially(SuiteRunner.java:413)
	at org.testng.SuiteRunner.privateRun(SuiteRunner.java:373)
	at org.testng.SuiteRunner.run(SuiteRunner.java:312)
	at org.testng.SuiteRunnerWorker.runSuite(SuiteRunnerWorker.java:52)
	at org.testng.SuiteRunnerWorker.run(SuiteRunnerWorker.java:95)
	at org.testng.TestNG.runSuitesSequentially(TestNG.java:1274)
	at org.testng.TestNG.runSuitesLocally(TestNG.java:1208)
	at org.testng.TestNG.runSuites(TestNG.java:1112)
	at org.testng.TestNG.run(TestNG.java:1079)
	at org.testng.remote.AbstractRemoteTestNG.run(AbstractRemoteTestNG.java:115)
	at org.testng.remote.RemoteTestNG.initAndRun(RemoteTestNG.java:293)
	at org.testng.remote.RemoteTestNG.main(RemoteTestNG.java:91)
10:02:37.377 [main] DEBUG c.b.utils.FrameworkDetectionUtils - Couldn't find dependency class: appium
10:02:37.494 [main] DEBUG com.browserstack.testOps.UsageStats - getFormattedData: Collecting data for TestObservability
10:02:37.583 [main] TRACE c.b.t.TestOrchestrationUtils - getInstrumentationData: invoked
10:02:37.597 [main] DEBUG c.b.utils.FunnelInstrumentation - Sending funnel data for SDKTestSuccessful with data: {"event_type":"SDKTestSuccessful","accessKey":"[REDACTED]","userName":"[REDACTED]","event_properties":{"isPercyAutoEnabled":false,"language":"java","sdkRunId":"f812a510-8192-422f-a4eb-28f44f517d8b","buildIdentifier":"unknown","testhub_uuid":"","detectedAppiumVersion":"null","productMap":{"app_automate":false,"accessibility":null,"automate":true,"percy":false,"observability":false,"turboscale":false},"hostname":"Sathish","measures":{"sdk:pre-test":0.03189992904663086},"productUsage":{"testObservability":{"buildHashedId":"","manuallySet":false,"enabled":false}},"browserStackConfig":{"browserstackLocal":null,"percy":false,"logLevel":"info","staticWebDriver":true,"autoDetectFramework":true,"percyCaptureMode":"AUTO","browserStackLocalOptions":null,"percyOptions":null,"testContextOptions":{"skipSessionStatus":false,"serenityOverridePlugin":false,"skipSessionName":false},"platforms":null,"parallelsPerPlatform":null,"framework":null,"accessibility":false,"accessibilityOptions":{},"turboScaleOptions":{},"disableAutoCaptureLogs":true,"testObservability":true,"browserstackAutomation":true,"turboScale":false,"testObservabilityOptions":{},"gradleMConfig":null,"proxySettings":null},"automationFrameworkVersion":null,"percyBuildId":null,"product":"[automate]","buildName":"unknown","os":"Windows 11","languageVersion":"23.0.2","appiumVersion":"null","frameworkDetectionInstrumentation":{},"detectedDependencies":"","referrer":"unknown","locationTrigger":"onFinish","accessibilityConfiguration":{"pollingTimeout":30},"language_framework":"unknown","testOrchestration":{"abortBuildOnFailure":{"enabled":false},"retryTestsOnFailure":{"enabled":false},"userConfig":{}},"detectedSeleniumVersion":"4.1.2","automationFramework":"selenium","seleniumVersion":"null"}}
10:02:37.760 [main] DEBUG c.b.utils.FunnelInstrumentation - API Event SDKTestSuccessful, response: {"message":"Unauthorized"}
10:02:37.824 [main] DEBUG c.b.monitoring.PerformanceTester - Failed to append key metrics to file C:\Users\sathi\eclipse-workspace\AppiumAutomation\log\key-metrics.json
10:03:18.401 [main] WARN  c.b.config.BrowserStackConfig - Test Observability could not be enabled because framework detected is null. We currently support frameworks testng, cucumber-testng & serenity
10:03:19.049 [main] DEBUG com.browserstack.v2.SdkCliUtils - File C:\Users\sathi\.browserstack already exist
10:03:19.053 [main] DEBUG com.browserstack.v2.SdkCliUtils - getExistingCliPath: no binary found
10:03:19.053 [main] DEBUG com.browserstack.v2.SdkCliUtils - Current CLI Path Found: 
10:03:19.592 [main] ERROR com.browserstack.v2.SdkCliUtils - Error in setting up cli path directory, Exception: Unexpected token END OF FILE at position 0.
	at browserstack.shaded.org.json.simple.parser.JSONParser.parse(Unknown Source)
	at browserstack.shaded.org.json.simple.parser.JSONParser.parse(Unknown Source)
	at browserstack.shaded.org.json.simple.parser.JSONParser.parse(Unknown Source)
	at com.browserstack.v2.SdkCliUtils.checkAndUpdateCli(Unknown Source)
	at com.browserstack.v2.SdkCliUtils.setupCliPath(Unknown Source)
	at com.browserstack.v2.SdkCLI.<clinit>(Unknown Source)
	at com.browserstack.monitoring.PerformanceTester.measure(Unknown Source)
	at com.browserstack.monitoring.PerformanceTester.end(Unknown Source)
	at com.browserstack.testNgListeners.BrowserstackSuiteListener.a(Unknown Source)
	at com.browserstack.testNgListeners.BrowserstackSuiteListener.onStart(Unknown Source)
	at org.testng.SuiteRunner.invokeListeners(SuiteRunner.java:242)
	at org.testng.SuiteRunner.run(SuiteRunner.java:310)
	at org.testng.SuiteRunnerWorker.runSuite(SuiteRunnerWorker.java:52)
	at org.testng.SuiteRunnerWorker.run(SuiteRunnerWorker.java:95)
	at org.testng.TestNG.runSuitesSequentially(TestNG.java:1274)
	at org.testng.TestNG.runSuitesLocally(TestNG.java:1208)
	at org.testng.TestNG.runSuites(TestNG.java:1112)
	at org.testng.TestNG.run(TestNG.java:1079)
	at org.testng.remote.AbstractRemoteTestNG.run(AbstractRemoteTestNG.java:115)
	at org.testng.remote.RemoteTestNG.initAndRun(RemoteTestNG.java:293)
	at org.testng.remote.RemoteTestNG.main(RemoteTestNG.java:91)

10:03:19.605 [main] DEBUG c.b.monitoring.PerformanceTester - Failed to append key metrics to file C:\Users\sathi\eclipse-workspace\AppiumAutomation\log\key-metrics.json
10:03:19.771 [main] DEBUG c.b.utils.FunnelInstrumentation - Error in getting Product:
java.lang.NullPointerException: Cannot invoke "String.equalsIgnoreCase(String)" because the return value of "com.browserstack.config.BrowserStackConfig.getFramework()" is null
	at com.browserstack.utils.FunnelInstrumentation.a(Unknown Source)
	at java.base/java.util.stream.MatchOps$1MatchSink.accept(MatchOps.java:90)
	at java.base/java.util.Spliterators$ArraySpliterator.tryAdvance(Spliterators.java:1034)
	at java.base/java.util.stream.ReferencePipeline.forEachWithCancel(ReferencePipeline.java:147)
	at java.base/java.util.stream.AbstractPipeline.copyIntoWithCancel(AbstractPipeline.java:588)
	at java.base/java.util.stream.AbstractPipeline.copyInto(AbstractPipeline.java:574)
	at java.base/java.util.stream.AbstractPipeline.wrapAndCopyInto(AbstractPipeline.java:560)
	at java.base/java.util.stream.MatchOps$MatchOp.evaluateSequential(MatchOps.java:230)
	at java.base/java.util.stream.MatchOps$MatchOp.evaluateSequential(MatchOps.java:196)
	at java.base/java.util.stream.AbstractPipeline.evaluate(AbstractPipeline.java:265)
	at java.base/java.util.stream.ReferencePipeline.anyMatch(ReferencePipeline.java:672)
	at com.browserstack.utils.FunnelInstrumentation.getProducts(Unknown Source)
	at com.browserstack.utils.FunnelInstrumentation.createParamsForEvent(Unknown Source)
	at com.browserstack.utils.FunnelInstrumentation.sendSDKEvent(Unknown Source)
	at com.browserstack.testNgListeners.TmpSuiteListener.onFinish(Unknown Source)
	at org.testng.TestRunner.fireEvent(TestRunner.java:900)
	at org.testng.TestRunner.afterRun(TestRunner.java:855)
	at org.testng.TestRunner.run(TestRunner.java:618)
	at org.testng.SuiteRunner.runTest(SuiteRunner.java:421)
	at org.testng.SuiteRunner.runSequentially(SuiteRunner.java:413)
	at org.testng.SuiteRunner.privateRun(SuiteRunner.java:373)
	at org.testng.SuiteRunner.run(SuiteRunner.java:312)
	at org.testng.SuiteRunnerWorker.runSuite(SuiteRunnerWorker.java:52)
	at org.testng.SuiteRunnerWorker.run(SuiteRunnerWorker.java:95)
	at org.testng.TestNG.runSuitesSequentially(TestNG.java:1274)
	at org.testng.TestNG.runSuitesLocally(TestNG.java:1208)
	at org.testng.TestNG.runSuites(TestNG.java:1112)
	at org.testng.TestNG.run(TestNG.java:1079)
	at org.testng.remote.AbstractRemoteTestNG.run(AbstractRemoteTestNG.java:115)
	at org.testng.remote.RemoteTestNG.initAndRun(RemoteTestNG.java:293)
	at org.testng.remote.RemoteTestNG.main(RemoteTestNG.java:91)
10:03:19.800 [main] DEBUG c.b.utils.FrameworkDetectionUtils - Couldn't find dependency class: appium
10:03:19.916 [main] DEBUG com.browserstack.testOps.UsageStats - getFormattedData: Collecting data for TestObservability
10:03:20.026 [main] TRACE c.b.t.TestOrchestrationUtils - getInstrumentationData: invoked
10:03:20.041 [main] DEBUG c.b.utils.FunnelInstrumentation - Sending funnel data for SDKTestSuccessful with data: {"event_type":"SDKTestSuccessful","accessKey":"[REDACTED]","userName":"[REDACTED]","event_properties":{"isPercyAutoEnabled":false,"language":"java","sdkRunId":"ebe8b6dc-3d7a-421c-8868-f95745b6194d","buildIdentifier":"unknown","testhub_uuid":"","detectedAppiumVersion":"null","productMap":{"app_automate":false,"accessibility":null,"automate":true,"percy":false,"observability":false,"turboscale":false},"hostname":"Sathish","measures":{"sdk:pre-test":0.040400028228759766},"productUsage":{"testObservability":{"buildHashedId":"","manuallySet":false,"enabled":false}},"browserStackConfig":{"browserstackLocal":null,"percy":false,"logLevel":"info","staticWebDriver":true,"autoDetectFramework":true,"percyCaptureMode":"AUTO","browserStackLocalOptions":null,"percyOptions":null,"testContextOptions":{"skipSessionStatus":false,"serenityOverridePlugin":false,"skipSessionName":false},"platforms":null,"parallelsPerPlatform":null,"framework":null,"accessibility":false,"accessibilityOptions":{},"turboScaleOptions":{},"disableAutoCaptureLogs":true,"testObservability":true,"browserstackAutomation":true,"turboScale":false,"testObservabilityOptions":{},"gradleMConfig":null,"proxySettings":null},"automationFrameworkVersion":null,"percyBuildId":null,"product":"[automate]","buildName":"unknown","os":"Windows 11","languageVersion":"23.0.2","appiumVersion":"null","frameworkDetectionInstrumentation":{},"detectedDependencies":"","referrer":"unknown","locationTrigger":"onFinish","accessibilityConfiguration":{"pollingTimeout":30},"language_framework":"unknown","testOrchestration":{"abortBuildOnFailure":{"enabled":false},"retryTestsOnFailure":{"enabled":false},"userConfig":{}},"detectedSeleniumVersion":"4.1.2","automationFramework":"selenium","seleniumVersion":"null"}}
10:03:20.194 [main] DEBUG c.b.utils.FunnelInstrumentation - API Event SDKTestSuccessful, response: {"message":"Unauthorized"}
10:03:20.256 [main] DEBUG c.b.monitoring.PerformanceTester - Failed to append key metrics to file C:\Users\sathi\eclipse-workspace\AppiumAutomation\log\key-metrics.json
10:04:10.408 [main] WARN  c.b.config.BrowserStackConfig - Test Observability could not be enabled because framework detected is null. We currently support frameworks testng, cucumber-testng & serenity
10:04:11.080 [main] DEBUG com.browserstack.v2.SdkCliUtils - File C:\Users\sathi\.browserstack already exist
10:04:11.084 [main] DEBUG com.browserstack.v2.SdkCliUtils - getExistingCliPath: no binary found
10:04:11.085 [main] DEBUG com.browserstack.v2.SdkCliUtils - Current CLI Path Found: 
10:04:11.631 [main] ERROR com.browserstack.v2.SdkCliUtils - Error in setting up cli path directory, Exception: Unexpected token END OF FILE at position 0.
	at browserstack.shaded.org.json.simple.parser.JSONParser.parse(Unknown Source)
	at browserstack.shaded.org.json.simple.parser.JSONParser.parse(Unknown Source)
	at browserstack.shaded.org.json.simple.parser.JSONParser.parse(Unknown Source)
	at com.browserstack.v2.SdkCliUtils.checkAndUpdateCli(Unknown Source)
	at com.browserstack.v2.SdkCliUtils.setupCliPath(Unknown Source)
	at com.browserstack.v2.SdkCLI.<clinit>(Unknown Source)
	at com.browserstack.monitoring.PerformanceTester.measure(Unknown Source)
	at com.browserstack.monitoring.PerformanceTester.end(Unknown Source)
	at com.browserstack.testNgListeners.BrowserstackSuiteListener.a(Unknown Source)
	at com.browserstack.testNgListeners.BrowserstackSuiteListener.onStart(Unknown Source)
	at org.testng.SuiteRunner.invokeListeners(SuiteRunner.java:242)
	at org.testng.SuiteRunner.run(SuiteRunner.java:310)
	at org.testng.SuiteRunnerWorker.runSuite(SuiteRunnerWorker.java:52)
	at org.testng.SuiteRunnerWorker.run(SuiteRunnerWorker.java:95)
	at org.testng.TestNG.runSuitesSequentially(TestNG.java:1274)
	at org.testng.TestNG.runSuitesLocally(TestNG.java:1208)
	at org.testng.TestNG.runSuites(TestNG.java:1112)
	at org.testng.TestNG.run(TestNG.java:1079)
	at org.testng.remote.AbstractRemoteTestNG.run(AbstractRemoteTestNG.java:115)
	at org.testng.remote.RemoteTestNG.initAndRun(RemoteTestNG.java:293)
	at org.testng.remote.RemoteTestNG.main(RemoteTestNG.java:91)

10:04:11.642 [main] DEBUG c.b.monitoring.PerformanceTester - Failed to append key metrics to file C:\Users\sathi\eclipse-workspace\AppiumAutomation\log\key-metrics.json
10:04:11.809 [main] DEBUG c.b.utils.FunnelInstrumentation - Error in getting Product:
java.lang.NullPointerException: Cannot invoke "String.equalsIgnoreCase(String)" because the return value of "com.browserstack.config.BrowserStackConfig.getFramework()" is null
	at com.browserstack.utils.FunnelInstrumentation.a(Unknown Source)
	at java.base/java.util.stream.MatchOps$1MatchSink.accept(MatchOps.java:90)
	at java.base/java.util.Spliterators$ArraySpliterator.tryAdvance(Spliterators.java:1034)
	at java.base/java.util.stream.ReferencePipeline.forEachWithCancel(ReferencePipeline.java:147)
	at java.base/java.util.stream.AbstractPipeline.copyIntoWithCancel(AbstractPipeline.java:588)
	at java.base/java.util.stream.AbstractPipeline.copyInto(AbstractPipeline.java:574)
	at java.base/java.util.stream.AbstractPipeline.wrapAndCopyInto(AbstractPipeline.java:560)
	at java.base/java.util.stream.MatchOps$MatchOp.evaluateSequential(MatchOps.java:230)
	at java.base/java.util.stream.MatchOps$MatchOp.evaluateSequential(MatchOps.java:196)
	at java.base/java.util.stream.AbstractPipeline.evaluate(AbstractPipeline.java:265)
	at java.base/java.util.stream.ReferencePipeline.anyMatch(ReferencePipeline.java:672)
	at com.browserstack.utils.FunnelInstrumentation.getProducts(Unknown Source)
	at com.browserstack.utils.FunnelInstrumentation.createParamsForEvent(Unknown Source)
	at com.browserstack.utils.FunnelInstrumentation.sendSDKEvent(Unknown Source)
	at com.browserstack.testNgListeners.TmpSuiteListener.onFinish(Unknown Source)
	at org.testng.TestRunner.fireEvent(TestRunner.java:900)
	at org.testng.TestRunner.afterRun(TestRunner.java:855)
	at org.testng.TestRunner.run(TestRunner.java:618)
	at org.testng.SuiteRunner.runTest(SuiteRunner.java:421)
	at org.testng.SuiteRunner.runSequentially(SuiteRunner.java:413)
	at org.testng.SuiteRunner.privateRun(SuiteRunner.java:373)
	at org.testng.SuiteRunner.run(SuiteRunner.java:312)
	at org.testng.SuiteRunnerWorker.runSuite(SuiteRunnerWorker.java:52)
	at org.testng.SuiteRunnerWorker.run(SuiteRunnerWorker.java:95)
	at org.testng.TestNG.runSuitesSequentially(TestNG.java:1274)
	at org.testng.TestNG.runSuitesLocally(TestNG.java:1208)
	at org.testng.TestNG.runSuites(TestNG.java:1112)
	at org.testng.TestNG.run(TestNG.java:1079)
	at org.testng.remote.AbstractRemoteTestNG.run(AbstractRemoteTestNG.java:115)
	at org.testng.remote.RemoteTestNG.initAndRun(RemoteTestNG.java:293)
	at org.testng.remote.RemoteTestNG.main(RemoteTestNG.java:91)
10:04:11.839 [main] DEBUG c.b.utils.FrameworkDetectionUtils - Couldn't find dependency class: appium
10:04:11.953 [main] DEBUG com.browserstack.testOps.UsageStats - getFormattedData: Collecting data for TestObservability
10:04:12.055 [main] TRACE c.b.t.TestOrchestrationUtils - getInstrumentationData: invoked
10:04:12.074 [main] DEBUG c.b.utils.FunnelInstrumentation - Sending funnel data for SDKTestSuccessful with data: {"event_type":"SDKTestSuccessful","accessKey":"[REDACTED]","userName":"[REDACTED]","event_properties":{"isPercyAutoEnabled":false,"language":"java","sdkRunId":"33aa49f0-08b9-4921-90e6-83838baefd2b","buildIdentifier":"unknown","testhub_uuid":"","detectedAppiumVersion":"null","productMap":{"app_automate":false,"accessibility":null,"automate":true,"percy":false,"observability":false,"turboscale":false},"hostname":"Sathish","measures":{"sdk:pre-test":0.027700066566467285},"productUsage":{"testObservability":{"buildHashedId":"","manuallySet":false,"enabled":false}},"browserStackConfig":{"browserstackLocal":null,"percy":false,"logLevel":"info","staticWebDriver":true,"autoDetectFramework":true,"percyCaptureMode":"AUTO","browserStackLocalOptions":null,"percyOptions":null,"testContextOptions":{"skipSessionName":false,"skipSessionStatus":false,"serenityOverridePlugin":false},"platforms":null,"parallelsPerPlatform":null,"framework":null,"accessibility":false,"accessibilityOptions":{},"turboScaleOptions":{},"disableAutoCaptureLogs":true,"testObservability":true,"browserstackAutomation":true,"turboScale":false,"testObservabilityOptions":{},"gradleMConfig":null,"proxySettings":null},"automationFrameworkVersion":null,"percyBuildId":null,"product":"[automate]","buildName":"unknown","os":"Windows 11","languageVersion":"23.0.2","appiumVersion":"null","frameworkDetectionInstrumentation":{},"detectedDependencies":"","referrer":"unknown","locationTrigger":"onFinish","accessibilityConfiguration":{"pollingTimeout":30},"language_framework":"unknown","testOrchestration":{"abortBuildOnFailure":{"enabled":false},"retryTestsOnFailure":{"enabled":false},"userConfig":{}},"detectedSeleniumVersion":"4.1.2","automationFramework":"selenium","seleniumVersion":"null"}}
10:04:12.500 [main] DEBUG c.b.utils.FunnelInstrumentation - API Event SDKTestSuccessful, response: {"message":"Unauthorized"}
10:04:12.578 [main] DEBUG c.b.monitoring.PerformanceTester - Failed to append key metrics to file C:\Users\sathi\eclipse-workspace\AppiumAutomation\log\key-metrics.json
10:06:22.883 [main] WARN  c.b.config.BrowserStackConfig - Test Observability could not be enabled because framework detected is null. We currently support frameworks testng, cucumber-testng & serenity
10:06:23.535 [main] DEBUG com.browserstack.v2.SdkCliUtils - File C:\Users\sathi\.browserstack already exist
10:06:23.537 [main] DEBUG com.browserstack.v2.SdkCliUtils - getExistingCliPath: no binary found
10:06:23.538 [main] DEBUG com.browserstack.v2.SdkCliUtils - Current CLI Path Found: 
10:06:24.105 [main] ERROR com.browserstack.v2.SdkCliUtils - Error in setting up cli path directory, Exception: Unexpected token END OF FILE at position 0.
	at browserstack.shaded.org.json.simple.parser.JSONParser.parse(Unknown Source)
	at browserstack.shaded.org.json.simple.parser.JSONParser.parse(Unknown Source)
	at browserstack.shaded.org.json.simple.parser.JSONParser.parse(Unknown Source)
	at com.browserstack.v2.SdkCliUtils.checkAndUpdateCli(Unknown Source)
	at com.browserstack.v2.SdkCliUtils.setupCliPath(Unknown Source)
	at com.browserstack.v2.SdkCLI.<clinit>(Unknown Source)
	at com.browserstack.monitoring.PerformanceTester.measure(Unknown Source)
	at com.browserstack.monitoring.PerformanceTester.end(Unknown Source)
	at com.browserstack.testNgListeners.BrowserstackSuiteListener.a(Unknown Source)
	at com.browserstack.testNgListeners.BrowserstackSuiteListener.onStart(Unknown Source)
	at org.testng.SuiteRunner.invokeListeners(SuiteRunner.java:242)
	at org.testng.SuiteRunner.run(SuiteRunner.java:310)
	at org.testng.SuiteRunnerWorker.runSuite(SuiteRunnerWorker.java:52)
	at org.testng.SuiteRunnerWorker.run(SuiteRunnerWorker.java:95)
	at org.testng.TestNG.runSuitesSequentially(TestNG.java:1274)
	at org.testng.TestNG.runSuitesLocally(TestNG.java:1208)
	at org.testng.TestNG.runSuites(TestNG.java:1112)
	at org.testng.TestNG.run(TestNG.java:1079)
	at org.testng.remote.AbstractRemoteTestNG.run(AbstractRemoteTestNG.java:115)
	at org.testng.remote.RemoteTestNG.initAndRun(RemoteTestNG.java:293)
	at org.testng.remote.RemoteTestNG.main(RemoteTestNG.java:91)

10:06:24.114 [main] DEBUG c.b.monitoring.PerformanceTester - Failed to append key metrics to file C:\Users\sathi\eclipse-workspace\AppiumAutomation\log\key-metrics.json
10:06:24.290 [main] DEBUG c.b.utils.FunnelInstrumentation - Error in getting Product:
java.lang.NullPointerException: Cannot invoke "String.equalsIgnoreCase(String)" because the return value of "com.browserstack.config.BrowserStackConfig.getFramework()" is null
	at com.browserstack.utils.FunnelInstrumentation.a(Unknown Source)
	at java.base/java.util.stream.MatchOps$1MatchSink.accept(MatchOps.java:90)
	at java.base/java.util.Spliterators$ArraySpliterator.tryAdvance(Spliterators.java:1034)
	at java.base/java.util.stream.ReferencePipeline.forEachWithCancel(ReferencePipeline.java:147)
	at java.base/java.util.stream.AbstractPipeline.copyIntoWithCancel(AbstractPipeline.java:588)
	at java.base/java.util.stream.AbstractPipeline.copyInto(AbstractPipeline.java:574)
	at java.base/java.util.stream.AbstractPipeline.wrapAndCopyInto(AbstractPipeline.java:560)
	at java.base/java.util.stream.MatchOps$MatchOp.evaluateSequential(MatchOps.java:230)
	at java.base/java.util.stream.MatchOps$MatchOp.evaluateSequential(MatchOps.java:196)
	at java.base/java.util.stream.AbstractPipeline.evaluate(AbstractPipeline.java:265)
	at java.base/java.util.stream.ReferencePipeline.anyMatch(ReferencePipeline.java:672)
	at com.browserstack.utils.FunnelInstrumentation.getProducts(Unknown Source)
	at com.browserstack.utils.FunnelInstrumentation.createParamsForEvent(Unknown Source)
	at com.browserstack.utils.FunnelInstrumentation.sendSDKEvent(Unknown Source)
	at com.browserstack.testNgListeners.TmpSuiteListener.onFinish(Unknown Source)
	at org.testng.TestRunner.fireEvent(TestRunner.java:900)
	at org.testng.TestRunner.afterRun(TestRunner.java:855)
	at org.testng.TestRunner.run(TestRunner.java:618)
	at org.testng.SuiteRunner.runTest(SuiteRunner.java:421)
	at org.testng.SuiteRunner.runSequentially(SuiteRunner.java:413)
	at org.testng.SuiteRunner.privateRun(SuiteRunner.java:373)
	at org.testng.SuiteRunner.run(SuiteRunner.java:312)
	at org.testng.SuiteRunnerWorker.runSuite(SuiteRunnerWorker.java:52)
	at org.testng.SuiteRunnerWorker.run(SuiteRunnerWorker.java:95)
	at org.testng.TestNG.runSuitesSequentially(TestNG.java:1274)
	at org.testng.TestNG.runSuitesLocally(TestNG.java:1208)
	at org.testng.TestNG.runSuites(TestNG.java:1112)
	at org.testng.TestNG.run(TestNG.java:1079)
	at org.testng.remote.AbstractRemoteTestNG.run(AbstractRemoteTestNG.java:115)
	at org.testng.remote.RemoteTestNG.initAndRun(RemoteTestNG.java:293)
	at org.testng.remote.RemoteTestNG.main(RemoteTestNG.java:91)
10:06:24.326 [main] DEBUG c.b.utils.FrameworkDetectionUtils - Couldn't find dependency class: appium
10:06:24.449 [main] DEBUG com.browserstack.testOps.UsageStats - getFormattedData: Collecting data for TestObservability
10:06:24.551 [main] TRACE c.b.t.TestOrchestrationUtils - getInstrumentationData: invoked
10:06:24.573 [main] DEBUG c.b.utils.FunnelInstrumentation - Sending funnel data for SDKTestSuccessful with data: {"event_type":"SDKTestSuccessful","accessKey":"[REDACTED]","userName":"[REDACTED]","event_properties":{"isPercyAutoEnabled":false,"language":"java","sdkRunId":"a9ab30f3-da0a-4b14-98c6-9db2f7de358b","buildIdentifier":"unknown","testhub_uuid":"","detectedAppiumVersion":"null","productMap":{"app_automate":false,"accessibility":null,"automate":true,"percy":false,"observability":false,"turboscale":false},"hostname":"Sathish","measures":{"sdk:pre-test":0.021399974822998047},"productUsage":{"testObservability":{"buildHashedId":"","manuallySet":false,"enabled":false}},"browserStackConfig":{"browserstackLocal":null,"percy":false,"logLevel":"info","staticWebDriver":true,"autoDetectFramework":true,"percyCaptureMode":"AUTO","browserStackLocalOptions":null,"percyOptions":null,"testContextOptions":{"skipSessionStatus":false,"serenityOverridePlugin":false,"skipSessionName":false},"platforms":null,"parallelsPerPlatform":null,"framework":null,"accessibility":false,"accessibilityOptions":{},"turboScaleOptions":{},"disableAutoCaptureLogs":true,"testObservability":true,"browserstackAutomation":true,"turboScale":false,"testObservabilityOptions":{},"gradleMConfig":null,"proxySettings":null},"automationFrameworkVersion":null,"percyBuildId":null,"product":"[automate]","buildName":"unknown","os":"Windows 11","languageVersion":"23.0.2","appiumVersion":"null","frameworkDetectionInstrumentation":{},"detectedDependencies":"","referrer":"unknown","locationTrigger":"onFinish","accessibilityConfiguration":{"pollingTimeout":30},"language_framework":"unknown","testOrchestration":{"abortBuildOnFailure":{"enabled":false},"retryTestsOnFailure":{"enabled":false},"userConfig":{}},"detectedSeleniumVersion":"4.1.2","automationFramework":"selenium","seleniumVersion":"null"}}
10:06:24.732 [main] DEBUG c.b.utils.FunnelInstrumentation - API Event SDKTestSuccessful, response: {"message":"Unauthorized"}
10:06:24.797 [main] DEBUG c.b.monitoring.PerformanceTester - Failed to append key metrics to file C:\Users\sathi\eclipse-workspace\AppiumAutomation\log\key-metrics.json
10:07:30.648 [main] WARN  c.b.config.BrowserStackConfig - Test Observability could not be enabled because framework detected is null. We currently support frameworks testng, cucumber-testng & serenity
10:07:31.328 [main] DEBUG com.browserstack.v2.SdkCliUtils - File C:\Users\sathi\.browserstack already exist
10:07:31.330 [main] DEBUG com.browserstack.v2.SdkCliUtils - getExistingCliPath: no binary found
10:07:31.332 [main] DEBUG com.browserstack.v2.SdkCliUtils - Current CLI Path Found: 
10:07:32.134 [main] ERROR com.browserstack.v2.SdkCliUtils - Error in setting up cli path directory, Exception: Unexpected token END OF FILE at position 0.
	at browserstack.shaded.org.json.simple.parser.JSONParser.parse(Unknown Source)
	at browserstack.shaded.org.json.simple.parser.JSONParser.parse(Unknown Source)
	at browserstack.shaded.org.json.simple.parser.JSONParser.parse(Unknown Source)
	at com.browserstack.v2.SdkCliUtils.checkAndUpdateCli(Unknown Source)
	at com.browserstack.v2.SdkCliUtils.setupCliPath(Unknown Source)
	at com.browserstack.v2.SdkCLI.<clinit>(Unknown Source)
	at com.browserstack.monitoring.PerformanceTester.measure(Unknown Source)
	at com.browserstack.monitoring.PerformanceTester.end(Unknown Source)
	at com.browserstack.testNgListeners.BrowserstackSuiteListener.a(Unknown Source)
	at com.browserstack.testNgListeners.BrowserstackSuiteListener.onStart(Unknown Source)
	at org.testng.SuiteRunner.invokeListeners(SuiteRunner.java:242)
	at org.testng.SuiteRunner.run(SuiteRunner.java:310)
	at org.testng.SuiteRunnerWorker.runSuite(SuiteRunnerWorker.java:52)
	at org.testng.SuiteRunnerWorker.run(SuiteRunnerWorker.java:95)
	at org.testng.TestNG.runSuitesSequentially(TestNG.java:1274)
	at org.testng.TestNG.runSuitesLocally(TestNG.java:1208)
	at org.testng.TestNG.runSuites(TestNG.java:1112)
	at org.testng.TestNG.run(TestNG.java:1079)
	at org.testng.remote.AbstractRemoteTestNG.run(AbstractRemoteTestNG.java:115)
	at org.testng.remote.RemoteTestNG.initAndRun(RemoteTestNG.java:293)
	at org.testng.remote.RemoteTestNG.main(RemoteTestNG.java:91)

10:07:32.145 [main] DEBUG c.b.monitoring.PerformanceTester - Failed to append key metrics to file C:\Users\sathi\eclipse-workspace\AppiumAutomation\log\key-metrics.json
10:07:32.318 [main] DEBUG c.b.utils.FunnelInstrumentation - Error in getting Product:
java.lang.NullPointerException: Cannot invoke "String.equalsIgnoreCase(String)" because the return value of "com.browserstack.config.BrowserStackConfig.getFramework()" is null
	at com.browserstack.utils.FunnelInstrumentation.a(Unknown Source)
	at java.base/java.util.stream.MatchOps$1MatchSink.accept(MatchOps.java:90)
	at java.base/java.util.Spliterators$ArraySpliterator.tryAdvance(Spliterators.java:1034)
	at java.base/java.util.stream.ReferencePipeline.forEachWithCancel(ReferencePipeline.java:147)
	at java.base/java.util.stream.AbstractPipeline.copyIntoWithCancel(AbstractPipeline.java:588)
	at java.base/java.util.stream.AbstractPipeline.copyInto(AbstractPipeline.java:574)
	at java.base/java.util.stream.AbstractPipeline.wrapAndCopyInto(AbstractPipeline.java:560)
	at java.base/java.util.stream.MatchOps$MatchOp.evaluateSequential(MatchOps.java:230)
	at java.base/java.util.stream.MatchOps$MatchOp.evaluateSequential(MatchOps.java:196)
	at java.base/java.util.stream.AbstractPipeline.evaluate(AbstractPipeline.java:265)
	at java.base/java.util.stream.ReferencePipeline.anyMatch(ReferencePipeline.java:672)
	at com.browserstack.utils.FunnelInstrumentation.getProducts(Unknown Source)
	at com.browserstack.utils.FunnelInstrumentation.createParamsForEvent(Unknown Source)
	at com.browserstack.utils.FunnelInstrumentation.sendSDKEvent(Unknown Source)
	at com.browserstack.testNgListeners.TmpSuiteListener.onFinish(Unknown Source)
	at org.testng.TestRunner.fireEvent(TestRunner.java:900)
	at org.testng.TestRunner.afterRun(TestRunner.java:855)
	at org.testng.TestRunner.run(TestRunner.java:618)
	at org.testng.SuiteRunner.runTest(SuiteRunner.java:421)
	at org.testng.SuiteRunner.runSequentially(SuiteRunner.java:413)
	at org.testng.SuiteRunner.privateRun(SuiteRunner.java:373)
	at org.testng.SuiteRunner.run(SuiteRunner.java:312)
	at org.testng.SuiteRunnerWorker.runSuite(SuiteRunnerWorker.java:52)
	at org.testng.SuiteRunnerWorker.run(SuiteRunnerWorker.java:95)
	at org.testng.TestNG.runSuitesSequentially(TestNG.java:1274)
	at org.testng.TestNG.runSuitesLocally(TestNG.java:1208)
	at org.testng.TestNG.runSuites(TestNG.java:1112)
	at org.testng.TestNG.run(TestNG.java:1079)
	at org.testng.remote.AbstractRemoteTestNG.run(AbstractRemoteTestNG.java:115)
	at org.testng.remote.RemoteTestNG.initAndRun(RemoteTestNG.java:293)
	at org.testng.remote.RemoteTestNG.main(RemoteTestNG.java:91)
10:07:32.356 [main] DEBUG c.b.utils.FrameworkDetectionUtils - Couldn't find dependency class: appium
10:07:32.474 [main] DEBUG com.browserstack.testOps.UsageStats - getFormattedData: Collecting data for TestObservability
10:07:32.561 [main] TRACE c.b.t.TestOrchestrationUtils - getInstrumentationData: invoked
10:07:32.580 [main] DEBUG c.b.utils.FunnelInstrumentation - Sending funnel data for SDKTestSuccessful with data: {"event_type":"SDKTestSuccessful","accessKey":"[REDACTED]","userName":"[REDACTED]","event_properties":{"isPercyAutoEnabled":false,"language":"java","sdkRunId":"36be6b57-6f8c-4d22-9102-a6a57401230c","buildIdentifier":"unknown","testhub_uuid":"","detectedAppiumVersion":"null","productMap":{"app_automate":false,"accessibility":null,"automate":true,"percy":false,"observability":false,"turboscale":false},"hostname":"Sathish","measures":{"sdk:pre-test":0.021399974822998047},"productUsage":{"testObservability":{"buildHashedId":"","manuallySet":false,"enabled":false}},"browserStackConfig":{"browserstackLocal":null,"percy":false,"logLevel":"info","staticWebDriver":true,"autoDetectFramework":true,"percyCaptureMode":"AUTO","browserStackLocalOptions":null,"percyOptions":null,"testContextOptions":{"serenityOverridePlugin":false,"skipSessionStatus":false,"skipSessionName":false},"platforms":null,"parallelsPerPlatform":null,"framework":null,"accessibility":false,"accessibilityOptions":{},"turboScaleOptions":{},"disableAutoCaptureLogs":true,"testObservability":true,"browserstackAutomation":true,"turboScale":false,"testObservabilityOptions":{},"gradleMConfig":null,"proxySettings":null},"automationFrameworkVersion":null,"percyBuildId":null,"product":"[automate]","buildName":"unknown","os":"Windows 11","languageVersion":"23.0.2","appiumVersion":"null","frameworkDetectionInstrumentation":{},"detectedDependencies":"","referrer":"unknown","locationTrigger":"onFinish","accessibilityConfiguration":{"pollingTimeout":30},"language_framework":"unknown","testOrchestration":{"abortBuildOnFailure":{"enabled":false},"retryTestsOnFailure":{"enabled":false},"userConfig":{}},"detectedSeleniumVersion":"4.1.2","automationFramework":"selenium","seleniumVersion":"null"}}
10:07:32.750 [main] DEBUG c.b.utils.FunnelInstrumentation - API Event SDKTestSuccessful, response: {"message":"Unauthorized"}
10:07:32.804 [main] DEBUG c.b.monitoring.PerformanceTester - Failed to append key metrics to file C:\Users\sathi\eclipse-workspace\AppiumAutomation\log\key-metrics.json
10:08:54.435 [main] WARN  c.b.config.BrowserStackConfig - Test Observability could not be enabled because framework detected is null. We currently support frameworks testng, cucumber-testng & serenity
10:08:55.112 [main] DEBUG com.browserstack.v2.SdkCliUtils - File C:\Users\sathi\.browserstack already exist
10:08:55.115 [main] DEBUG com.browserstack.v2.SdkCliUtils - getExistingCliPath: no binary found
10:08:55.116 [main] DEBUG com.browserstack.v2.SdkCliUtils - Current CLI Path Found: 
10:08:55.645 [main] ERROR com.browserstack.v2.SdkCliUtils - Error in setting up cli path directory, Exception: Unexpected token END OF FILE at position 0.
	at browserstack.shaded.org.json.simple.parser.JSONParser.parse(Unknown Source)
	at browserstack.shaded.org.json.simple.parser.JSONParser.parse(Unknown Source)
	at browserstack.shaded.org.json.simple.parser.JSONParser.parse(Unknown Source)
	at com.browserstack.v2.SdkCliUtils.checkAndUpdateCli(Unknown Source)
	at com.browserstack.v2.SdkCliUtils.setupCliPath(Unknown Source)
	at com.browserstack.v2.SdkCLI.<clinit>(Unknown Source)
	at com.browserstack.monitoring.PerformanceTester.measure(Unknown Source)
	at com.browserstack.monitoring.PerformanceTester.end(Unknown Source)
	at com.browserstack.testNgListeners.BrowserstackSuiteListener.a(Unknown Source)
	at com.browserstack.testNgListeners.BrowserstackSuiteListener.onStart(Unknown Source)
	at org.testng.SuiteRunner.invokeListeners(SuiteRunner.java:242)
	at org.testng.SuiteRunner.run(SuiteRunner.java:310)
	at org.testng.SuiteRunnerWorker.runSuite(SuiteRunnerWorker.java:52)
	at org.testng.SuiteRunnerWorker.run(SuiteRunnerWorker.java:95)
	at org.testng.TestNG.runSuitesSequentially(TestNG.java:1274)
	at org.testng.TestNG.runSuitesLocally(TestNG.java:1208)
	at org.testng.TestNG.runSuites(TestNG.java:1112)
	at org.testng.TestNG.run(TestNG.java:1079)
	at org.testng.remote.AbstractRemoteTestNG.run(AbstractRemoteTestNG.java:115)
	at org.testng.remote.RemoteTestNG.initAndRun(RemoteTestNG.java:293)
	at org.testng.remote.RemoteTestNG.main(RemoteTestNG.java:91)

10:08:55.655 [main] DEBUG c.b.monitoring.PerformanceTester - Failed to append key metrics to file C:\Users\sathi\eclipse-workspace\AppiumAutomation\log\key-metrics.json
10:08:55.824 [main] DEBUG c.b.utils.FunnelInstrumentation - Error in getting Product:
java.lang.NullPointerException: Cannot invoke "String.equalsIgnoreCase(String)" because the return value of "com.browserstack.config.BrowserStackConfig.getFramework()" is null
	at com.browserstack.utils.FunnelInstrumentation.a(Unknown Source)
	at java.base/java.util.stream.MatchOps$1MatchSink.accept(MatchOps.java:90)
	at java.base/java.util.Spliterators$ArraySpliterator.tryAdvance(Spliterators.java:1034)
	at java.base/java.util.stream.ReferencePipeline.forEachWithCancel(ReferencePipeline.java:147)
	at java.base/java.util.stream.AbstractPipeline.copyIntoWithCancel(AbstractPipeline.java:588)
	at java.base/java.util.stream.AbstractPipeline.copyInto(AbstractPipeline.java:574)
	at java.base/java.util.stream.AbstractPipeline.wrapAndCopyInto(AbstractPipeline.java:560)
	at java.base/java.util.stream.MatchOps$MatchOp.evaluateSequential(MatchOps.java:230)
	at java.base/java.util.stream.MatchOps$MatchOp.evaluateSequential(MatchOps.java:196)
	at java.base/java.util.stream.AbstractPipeline.evaluate(AbstractPipeline.java:265)
	at java.base/java.util.stream.ReferencePipeline.anyMatch(ReferencePipeline.java:672)
	at com.browserstack.utils.FunnelInstrumentation.getProducts(Unknown Source)
	at com.browserstack.utils.FunnelInstrumentation.createParamsForEvent(Unknown Source)
	at com.browserstack.utils.FunnelInstrumentation.sendSDKEvent(Unknown Source)
	at com.browserstack.testNgListeners.TmpSuiteListener.onFinish(Unknown Source)
	at org.testng.TestRunner.fireEvent(TestRunner.java:900)
	at org.testng.TestRunner.afterRun(TestRunner.java:855)
	at org.testng.TestRunner.run(TestRunner.java:618)
	at org.testng.SuiteRunner.runTest(SuiteRunner.java:421)
	at org.testng.SuiteRunner.runSequentially(SuiteRunner.java:413)
	at org.testng.SuiteRunner.privateRun(SuiteRunner.java:373)
	at org.testng.SuiteRunner.run(SuiteRunner.java:312)
	at org.testng.SuiteRunnerWorker.runSuite(SuiteRunnerWorker.java:52)
	at org.testng.SuiteRunnerWorker.run(SuiteRunnerWorker.java:95)
	at org.testng.TestNG.runSuitesSequentially(TestNG.java:1274)
	at org.testng.TestNG.runSuitesLocally(TestNG.java:1208)
	at org.testng.TestNG.runSuites(TestNG.java:1112)
	at org.testng.TestNG.run(TestNG.java:1079)
	at org.testng.remote.AbstractRemoteTestNG.run(AbstractRemoteTestNG.java:115)
	at org.testng.remote.RemoteTestNG.initAndRun(RemoteTestNG.java:293)
	at org.testng.remote.RemoteTestNG.main(RemoteTestNG.java:91)
10:08:55.857 [main] DEBUG c.b.utils.FrameworkDetectionUtils - Couldn't find dependency class: appium
10:08:55.988 [main] DEBUG com.browserstack.testOps.UsageStats - getFormattedData: Collecting data for TestObservability
10:08:56.090 [main] TRACE c.b.t.TestOrchestrationUtils - getInstrumentationData: invoked
10:08:56.110 [main] DEBUG c.b.utils.FunnelInstrumentation - Sending funnel data for SDKTestSuccessful with data: {"event_type":"SDKTestSuccessful","accessKey":"[REDACTED]","userName":"[REDACTED]","event_properties":{"isPercyAutoEnabled":false,"language":"java","sdkRunId":"3643a6fb-c81f-43f5-bc5e-6818d4ef3e6d","buildIdentifier":"unknown","testhub_uuid":"","detectedAppiumVersion":"null","productMap":{"app_automate":false,"accessibility":null,"automate":true,"percy":false,"observability":false,"turboscale":false},"hostname":"Sathish","measures":{"sdk:pre-test":0.03299999237060547},"productUsage":{"testObservability":{"buildHashedId":"","manuallySet":false,"enabled":false}},"browserStackConfig":{"browserstackLocal":null,"percy":false,"logLevel":"info","staticWebDriver":true,"autoDetectFramework":true,"percyCaptureMode":"AUTO","browserStackLocalOptions":null,"percyOptions":null,"testContextOptions":{"skipSessionName":false,"serenityOverridePlugin":false,"skipSessionStatus":false},"platforms":null,"parallelsPerPlatform":null,"framework":null,"accessibility":false,"accessibilityOptions":{},"turboScaleOptions":{},"disableAutoCaptureLogs":true,"testObservability":true,"browserstackAutomation":true,"turboScale":false,"testObservabilityOptions":{},"gradleMConfig":null,"proxySettings":null},"automationFrameworkVersion":null,"percyBuildId":null,"product":"[automate]","buildName":"unknown","os":"Windows 11","languageVersion":"23.0.2","appiumVersion":"null","frameworkDetectionInstrumentation":{},"detectedDependencies":"","referrer":"unknown","locationTrigger":"onFinish","accessibilityConfiguration":{"pollingTimeout":30},"language_framework":"unknown","testOrchestration":{"abortBuildOnFailure":{"enabled":false},"retryTestsOnFailure":{"enabled":false},"userConfig":{}},"detectedSeleniumVersion":"4.1.2","automationFramework":"selenium","seleniumVersion":"null"}}
10:08:56.303 [main] DEBUG c.b.utils.FunnelInstrumentation - API Event SDKTestSuccessful, response: {"message":"Unauthorized"}
10:08:56.355 [main] DEBUG c.b.monitoring.PerformanceTester - Failed to append key metrics to file C:\Users\sathi\eclipse-workspace\AppiumAutomation\log\key-metrics.json
10:10:27.036 [main] WARN  c.b.config.BrowserStackConfig - Test Observability could not be enabled because framework detected is null. We currently support frameworks testng, cucumber-testng & serenity
10:10:27.918 [main] DEBUG com.browserstack.v2.SdkCliUtils - File C:\Users\sathi\.browserstack already exist
10:10:27.921 [main] DEBUG com.browserstack.v2.SdkCliUtils - getExistingCliPath: no binary found
10:10:27.921 [main] DEBUG com.browserstack.v2.SdkCliUtils - Current CLI Path Found: 
10:10:28.525 [main] ERROR com.browserstack.v2.SdkCliUtils - Error in setting up cli path directory, Exception: Unexpected token END OF FILE at position 0.
	at browserstack.shaded.org.json.simple.parser.JSONParser.parse(Unknown Source)
	at browserstack.shaded.org.json.simple.parser.JSONParser.parse(Unknown Source)
	at browserstack.shaded.org.json.simple.parser.JSONParser.parse(Unknown Source)
	at com.browserstack.v2.SdkCliUtils.checkAndUpdateCli(Unknown Source)
	at com.browserstack.v2.SdkCliUtils.setupCliPath(Unknown Source)
	at com.browserstack.v2.SdkCLI.<clinit>(Unknown Source)
	at com.browserstack.monitoring.PerformanceTester.measure(Unknown Source)
	at com.browserstack.monitoring.PerformanceTester.end(Unknown Source)
	at com.browserstack.testNgListeners.BrowserstackSuiteListener.a(Unknown Source)
	at com.browserstack.testNgListeners.BrowserstackSuiteListener.onStart(Unknown Source)
	at org.testng.SuiteRunner.invokeListeners(SuiteRunner.java:242)
	at org.testng.SuiteRunner.run(SuiteRunner.java:310)
	at org.testng.SuiteRunnerWorker.runSuite(SuiteRunnerWorker.java:52)
	at org.testng.SuiteRunnerWorker.run(SuiteRunnerWorker.java:95)
	at org.testng.TestNG.runSuitesSequentially(TestNG.java:1274)
	at org.testng.TestNG.runSuitesLocally(TestNG.java:1208)
	at org.testng.TestNG.runSuites(TestNG.java:1112)
	at org.testng.TestNG.run(TestNG.java:1079)
	at org.testng.remote.AbstractRemoteTestNG.run(AbstractRemoteTestNG.java:115)
	at org.testng.remote.RemoteTestNG.initAndRun(RemoteTestNG.java:293)
	at org.testng.remote.RemoteTestNG.main(RemoteTestNG.java:91)

10:10:28.536 [main] DEBUG c.b.monitoring.PerformanceTester - Failed to append key metrics to file C:\Users\sathi\eclipse-workspace\AppiumAutomation\log\key-metrics.json
10:10:28.721 [main] DEBUG c.b.utils.FunnelInstrumentation - Error in getting Product:
java.lang.NullPointerException: Cannot invoke "String.equalsIgnoreCase(String)" because the return value of "com.browserstack.config.BrowserStackConfig.getFramework()" is null
	at com.browserstack.utils.FunnelInstrumentation.a(Unknown Source)
	at java.base/java.util.stream.MatchOps$1MatchSink.accept(MatchOps.java:90)
	at java.base/java.util.Spliterators$ArraySpliterator.tryAdvance(Spliterators.java:1034)
	at java.base/java.util.stream.ReferencePipeline.forEachWithCancel(ReferencePipeline.java:147)
	at java.base/java.util.stream.AbstractPipeline.copyIntoWithCancel(AbstractPipeline.java:588)
	at java.base/java.util.stream.AbstractPipeline.copyInto(AbstractPipeline.java:574)
	at java.base/java.util.stream.AbstractPipeline.wrapAndCopyInto(AbstractPipeline.java:560)
	at java.base/java.util.stream.MatchOps$MatchOp.evaluateSequential(MatchOps.java:230)
	at java.base/java.util.stream.MatchOps$MatchOp.evaluateSequential(MatchOps.java:196)
	at java.base/java.util.stream.AbstractPipeline.evaluate(AbstractPipeline.java:265)
	at java.base/java.util.stream.ReferencePipeline.anyMatch(ReferencePipeline.java:672)
	at com.browserstack.utils.FunnelInstrumentation.getProducts(Unknown Source)
	at com.browserstack.utils.FunnelInstrumentation.createParamsForEvent(Unknown Source)
	at com.browserstack.utils.FunnelInstrumentation.sendSDKEvent(Unknown Source)
	at com.browserstack.testNgListeners.TmpSuiteListener.onFinish(Unknown Source)
	at org.testng.TestRunner.fireEvent(TestRunner.java:900)
	at org.testng.TestRunner.afterRun(TestRunner.java:855)
	at org.testng.TestRunner.run(TestRunner.java:618)
	at org.testng.SuiteRunner.runTest(SuiteRunner.java:421)
	at org.testng.SuiteRunner.runSequentially(SuiteRunner.java:413)
	at org.testng.SuiteRunner.privateRun(SuiteRunner.java:373)
	at org.testng.SuiteRunner.run(SuiteRunner.java:312)
	at org.testng.SuiteRunnerWorker.runSuite(SuiteRunnerWorker.java:52)
	at org.testng.SuiteRunnerWorker.run(SuiteRunnerWorker.java:95)
	at org.testng.TestNG.runSuitesSequentially(TestNG.java:1274)
	at org.testng.TestNG.runSuitesLocally(TestNG.java:1208)
	at org.testng.TestNG.runSuites(TestNG.java:1112)
	at org.testng.TestNG.run(TestNG.java:1079)
	at org.testng.remote.AbstractRemoteTestNG.run(AbstractRemoteTestNG.java:115)
	at org.testng.remote.RemoteTestNG.initAndRun(RemoteTestNG.java:293)
	at org.testng.remote.RemoteTestNG.main(RemoteTestNG.java:91)
10:10:28.755 [main] DEBUG c.b.utils.FrameworkDetectionUtils - Couldn't find dependency class: appium
10:10:28.920 [main] DEBUG com.browserstack.testOps.UsageStats - getFormattedData: Collecting data for TestObservability
10:10:29.036 [main] TRACE c.b.t.TestOrchestrationUtils - getInstrumentationData: invoked
10:10:29.059 [main] DEBUG c.b.utils.FunnelInstrumentation - Sending funnel data for SDKTestSuccessful with data: {"event_type":"SDKTestSuccessful","accessKey":"[REDACTED]","userName":"[REDACTED]","event_properties":{"isPercyAutoEnabled":false,"language":"java","sdkRunId":"9d4e2b2a-e8ba-4764-8025-e95e67ba74f1","buildIdentifier":"unknown","testhub_uuid":"","detectedAppiumVersion":"null","productMap":{"app_automate":false,"accessibility":null,"automate":true,"percy":false,"observability":false,"turboscale":false},"hostname":"Sathish","measures":{"sdk:pre-test":0.028499960899353027},"productUsage":{"testObservability":{"buildHashedId":"","manuallySet":false,"enabled":false}},"browserStackConfig":{"browserstackLocal":null,"percy":false,"logLevel":"info","staticWebDriver":true,"autoDetectFramework":true,"percyCaptureMode":"AUTO","browserStackLocalOptions":null,"percyOptions":null,"testContextOptions":{"serenityOverridePlugin":false,"skipSessionStatus":false,"skipSessionName":false},"platforms":null,"parallelsPerPlatform":null,"framework":null,"accessibility":false,"accessibilityOptions":{},"turboScaleOptions":{},"disableAutoCaptureLogs":true,"testObservability":true,"browserstackAutomation":true,"turboScale":false,"testObservabilityOptions":{},"gradleMConfig":null,"proxySettings":null},"automationFrameworkVersion":null,"percyBuildId":null,"product":"[automate]","buildName":"unknown","os":"Windows 11","languageVersion":"23.0.2","appiumVersion":"null","frameworkDetectionInstrumentation":{},"detectedDependencies":"","referrer":"unknown","locationTrigger":"onFinish","accessibilityConfiguration":{"pollingTimeout":30},"language_framework":"unknown","testOrchestration":{"abortBuildOnFailure":{"enabled":false},"retryTestsOnFailure":{"enabled":false},"userConfig":{}},"detectedSeleniumVersion":"4.1.2","automationFramework":"selenium","seleniumVersion":"null"}}
10:10:29.219 [main] DEBUG c.b.utils.FunnelInstrumentation - API Event SDKTestSuccessful, response: {"message":"Unauthorized"}
10:10:29.304 [main] DEBUG c.b.monitoring.PerformanceTester - Failed to append key metrics to file C:\Users\sathi\eclipse-workspace\AppiumAutomation\log\key-metrics.json
10:13:40.966 [main] WARN  c.b.config.BrowserStackConfig - Test Observability could not be enabled because framework detected is null. We currently support frameworks testng, cucumber-testng & serenity
10:13:41.633 [main] DEBUG com.browserstack.v2.SdkCliUtils - File C:\Users\sathi\.browserstack already exist
10:13:41.636 [main] DEBUG com.browserstack.v2.SdkCliUtils - getExistingCliPath: no binary found
10:13:41.636 [main] DEBUG com.browserstack.v2.SdkCliUtils - Current CLI Path Found: 
10:13:42.205 [main] ERROR com.browserstack.v2.SdkCliUtils - Error in setting up cli path directory, Exception: Unexpected token END OF FILE at position 0.
	at browserstack.shaded.org.json.simple.parser.JSONParser.parse(Unknown Source)
	at browserstack.shaded.org.json.simple.parser.JSONParser.parse(Unknown Source)
	at browserstack.shaded.org.json.simple.parser.JSONParser.parse(Unknown Source)
	at com.browserstack.v2.SdkCliUtils.checkAndUpdateCli(Unknown Source)
	at com.browserstack.v2.SdkCliUtils.setupCliPath(Unknown Source)
	at com.browserstack.v2.SdkCLI.<clinit>(Unknown Source)
	at com.browserstack.monitoring.PerformanceTester.measure(Unknown Source)
	at com.browserstack.monitoring.PerformanceTester.end(Unknown Source)
	at com.browserstack.testNgListeners.BrowserstackSuiteListener.a(Unknown Source)
	at com.browserstack.testNgListeners.BrowserstackSuiteListener.onStart(Unknown Source)
	at org.testng.SuiteRunner.invokeListeners(SuiteRunner.java:242)
	at org.testng.SuiteRunner.run(SuiteRunner.java:310)
	at org.testng.SuiteRunnerWorker.runSuite(SuiteRunnerWorker.java:52)
	at org.testng.SuiteRunnerWorker.run(SuiteRunnerWorker.java:95)
	at org.testng.TestNG.runSuitesSequentially(TestNG.java:1274)
	at org.testng.TestNG.runSuitesLocally(TestNG.java:1208)
	at org.testng.TestNG.runSuites(TestNG.java:1112)
	at org.testng.TestNG.run(TestNG.java:1079)
	at org.testng.remote.AbstractRemoteTestNG.run(AbstractRemoteTestNG.java:115)
	at org.testng.remote.RemoteTestNG.initAndRun(RemoteTestNG.java:293)
	at org.testng.remote.RemoteTestNG.main(RemoteTestNG.java:91)

10:13:42.216 [main] DEBUG c.b.monitoring.PerformanceTester - Failed to append key metrics to file C:\Users\sathi\eclipse-workspace\AppiumAutomation\log\key-metrics.json
10:13:42.412 [main] DEBUG c.b.utils.FunnelInstrumentation - Error in getting Product:
java.lang.NullPointerException: Cannot invoke "String.equalsIgnoreCase(String)" because the return value of "com.browserstack.config.BrowserStackConfig.getFramework()" is null
	at com.browserstack.utils.FunnelInstrumentation.a(Unknown Source)
	at java.base/java.util.stream.MatchOps$1MatchSink.accept(MatchOps.java:90)
	at java.base/java.util.Spliterators$ArraySpliterator.tryAdvance(Spliterators.java:1034)
	at java.base/java.util.stream.ReferencePipeline.forEachWithCancel(ReferencePipeline.java:147)
	at java.base/java.util.stream.AbstractPipeline.copyIntoWithCancel(AbstractPipeline.java:588)
	at java.base/java.util.stream.AbstractPipeline.copyInto(AbstractPipeline.java:574)
	at java.base/java.util.stream.AbstractPipeline.wrapAndCopyInto(AbstractPipeline.java:560)
	at java.base/java.util.stream.MatchOps$MatchOp.evaluateSequential(MatchOps.java:230)
	at java.base/java.util.stream.MatchOps$MatchOp.evaluateSequential(MatchOps.java:196)
	at java.base/java.util.stream.AbstractPipeline.evaluate(AbstractPipeline.java:265)
	at java.base/java.util.stream.ReferencePipeline.anyMatch(ReferencePipeline.java:672)
	at com.browserstack.utils.FunnelInstrumentation.getProducts(Unknown Source)
	at com.browserstack.utils.FunnelInstrumentation.createParamsForEvent(Unknown Source)
	at com.browserstack.utils.FunnelInstrumentation.sendSDKEvent(Unknown Source)
	at com.browserstack.testNgListeners.TmpSuiteListener.onFinish(Unknown Source)
	at org.testng.TestRunner.fireEvent(TestRunner.java:900)
	at org.testng.TestRunner.afterRun(TestRunner.java:855)
	at org.testng.TestRunner.run(TestRunner.java:618)
	at org.testng.SuiteRunner.runTest(SuiteRunner.java:421)
	at org.testng.SuiteRunner.runSequentially(SuiteRunner.java:413)
	at org.testng.SuiteRunner.privateRun(SuiteRunner.java:373)
	at org.testng.SuiteRunner.run(SuiteRunner.java:312)
	at org.testng.SuiteRunnerWorker.runSuite(SuiteRunnerWorker.java:52)
	at org.testng.SuiteRunnerWorker.run(SuiteRunnerWorker.java:95)
	at org.testng.TestNG.runSuitesSequentially(TestNG.java:1274)
	at org.testng.TestNG.runSuitesLocally(TestNG.java:1208)
	at org.testng.TestNG.runSuites(TestNG.java:1112)
	at org.testng.TestNG.run(TestNG.java:1079)
	at org.testng.remote.AbstractRemoteTestNG.run(AbstractRemoteTestNG.java:115)
	at org.testng.remote.RemoteTestNG.initAndRun(RemoteTestNG.java:293)
	at org.testng.remote.RemoteTestNG.main(RemoteTestNG.java:91)
10:13:42.448 [main] DEBUG c.b.utils.FrameworkDetectionUtils - Couldn't find dependency class: appium
10:13:42.590 [main] DEBUG com.browserstack.testOps.UsageStats - getFormattedData: Collecting data for TestObservability
10:13:42.680 [main] TRACE c.b.t.TestOrchestrationUtils - getInstrumentationData: invoked
10:13:42.696 [main] DEBUG c.b.utils.FunnelInstrumentation - Sending funnel data for SDKTestSuccessful with data: {"event_type":"SDKTestSuccessful","accessKey":"[REDACTED]","userName":"[REDACTED]","event_properties":{"isPercyAutoEnabled":false,"language":"java","sdkRunId":"caa6bfa2-3fd1-4e07-a9d0-8c231d3c98dc","buildIdentifier":"unknown","testhub_uuid":"","detectedAppiumVersion":"null","productMap":{"app_automate":false,"accessibility":null,"automate":true,"percy":false,"observability":false,"turboscale":false},"hostname":"Sathish","measures":{"sdk:pre-test":0.028100013732910156},"productUsage":{"testObservability":{"buildHashedId":"","manuallySet":false,"enabled":false}},"browserStackConfig":{"browserstackLocal":null,"percy":false,"logLevel":"info","staticWebDriver":true,"autoDetectFramework":true,"percyCaptureMode":"AUTO","browserStackLocalOptions":null,"percyOptions":null,"testContextOptions":{"skipSessionName":false,"serenityOverridePlugin":false,"skipSessionStatus":false},"platforms":null,"parallelsPerPlatform":null,"framework":null,"accessibility":false,"accessibilityOptions":{},"turboScaleOptions":{},"disableAutoCaptureLogs":true,"testObservability":true,"browserstackAutomation":true,"turboScale":false,"testObservabilityOptions":{},"gradleMConfig":null,"proxySettings":null},"automationFrameworkVersion":null,"percyBuildId":null,"product":"[automate]","buildName":"unknown","os":"Windows 11","languageVersion":"23.0.2","appiumVersion":"null","frameworkDetectionInstrumentation":{},"detectedDependencies":"","referrer":"unknown","locationTrigger":"onFinish","accessibilityConfiguration":{"pollingTimeout":30},"language_framework":"unknown","testOrchestration":{"abortBuildOnFailure":{"enabled":false},"retryTestsOnFailure":{"enabled":false},"userConfig":{}},"detectedSeleniumVersion":"4.1.2","automationFramework":"selenium","seleniumVersion":"null"}}
10:13:42.850 [main] DEBUG c.b.utils.FunnelInstrumentation - API Event SDKTestSuccessful, response: {"message":"Unauthorized"}
10:13:42.908 [main] DEBUG c.b.monitoring.PerformanceTester - Failed to append key metrics to file C:\Users\sathi\eclipse-workspace\AppiumAutomation\log\key-metrics.json
10:18:00.998 [main] WARN  c.b.config.BrowserStackConfig - Test Observability could not be enabled because framework detected is null. We currently support frameworks testng, cucumber-testng & serenity
10:18:01.787 [main] DEBUG com.browserstack.v2.SdkCliUtils - File C:\Users\sathi\.browserstack already exist
10:18:01.789 [main] DEBUG com.browserstack.v2.SdkCliUtils - getExistingCliPath: no binary found
10:18:01.789 [main] DEBUG com.browserstack.v2.SdkCliUtils - Current CLI Path Found: 
10:18:02.337 [main] ERROR com.browserstack.v2.SdkCliUtils - Error in setting up cli path directory, Exception: Unexpected token END OF FILE at position 0.
	at browserstack.shaded.org.json.simple.parser.JSONParser.parse(Unknown Source)
	at browserstack.shaded.org.json.simple.parser.JSONParser.parse(Unknown Source)
	at browserstack.shaded.org.json.simple.parser.JSONParser.parse(Unknown Source)
	at com.browserstack.v2.SdkCliUtils.checkAndUpdateCli(Unknown Source)
	at com.browserstack.v2.SdkCliUtils.setupCliPath(Unknown Source)
	at com.browserstack.v2.SdkCLI.<clinit>(Unknown Source)
	at com.browserstack.monitoring.PerformanceTester.measure(Unknown Source)
	at com.browserstack.monitoring.PerformanceTester.end(Unknown Source)
	at com.browserstack.testNgListeners.BrowserstackSuiteListener.a(Unknown Source)
	at com.browserstack.testNgListeners.BrowserstackSuiteListener.onStart(Unknown Source)
	at org.testng.SuiteRunner.invokeListeners(SuiteRunner.java:242)
	at org.testng.SuiteRunner.run(SuiteRunner.java:310)
	at org.testng.SuiteRunnerWorker.runSuite(SuiteRunnerWorker.java:52)
	at org.testng.SuiteRunnerWorker.run(SuiteRunnerWorker.java:95)
	at org.testng.TestNG.runSuitesSequentially(TestNG.java:1274)
	at org.testng.TestNG.runSuitesLocally(TestNG.java:1208)
	at org.testng.TestNG.runSuites(TestNG.java:1112)
	at org.testng.TestNG.run(TestNG.java:1079)
	at org.testng.remote.AbstractRemoteTestNG.run(AbstractRemoteTestNG.java:115)
	at org.testng.remote.RemoteTestNG.initAndRun(RemoteTestNG.java:293)
	at org.testng.remote.RemoteTestNG.main(RemoteTestNG.java:91)

10:18:02.349 [main] DEBUG c.b.monitoring.PerformanceTester - Failed to append key metrics to file C:\Users\sathi\eclipse-workspace\AppiumAutomation\log\key-metrics.json
10:18:02.526 [main] DEBUG c.b.utils.FunnelInstrumentation - Error in getting Product:
java.lang.NullPointerException: Cannot invoke "String.equalsIgnoreCase(String)" because the return value of "com.browserstack.config.BrowserStackConfig.getFramework()" is null
	at com.browserstack.utils.FunnelInstrumentation.a(Unknown Source)
	at java.base/java.util.stream.MatchOps$1MatchSink.accept(MatchOps.java:90)
	at java.base/java.util.Spliterators$ArraySpliterator.tryAdvance(Spliterators.java:1034)
	at java.base/java.util.stream.ReferencePipeline.forEachWithCancel(ReferencePipeline.java:147)
	at java.base/java.util.stream.AbstractPipeline.copyIntoWithCancel(AbstractPipeline.java:588)
	at java.base/java.util.stream.AbstractPipeline.copyInto(AbstractPipeline.java:574)
	at java.base/java.util.stream.AbstractPipeline.wrapAndCopyInto(AbstractPipeline.java:560)
	at java.base/java.util.stream.MatchOps$MatchOp.evaluateSequential(MatchOps.java:230)
	at java.base/java.util.stream.MatchOps$MatchOp.evaluateSequential(MatchOps.java:196)
	at java.base/java.util.stream.AbstractPipeline.evaluate(AbstractPipeline.java:265)
	at java.base/java.util.stream.ReferencePipeline.anyMatch(ReferencePipeline.java:672)
	at com.browserstack.utils.FunnelInstrumentation.getProducts(Unknown Source)
	at com.browserstack.utils.FunnelInstrumentation.createParamsForEvent(Unknown Source)
	at com.browserstack.utils.FunnelInstrumentation.sendSDKEvent(Unknown Source)
	at com.browserstack.testNgListeners.TmpSuiteListener.onFinish(Unknown Source)
	at org.testng.TestRunner.fireEvent(TestRunner.java:900)
	at org.testng.TestRunner.afterRun(TestRunner.java:855)
	at org.testng.TestRunner.run(TestRunner.java:618)
	at org.testng.SuiteRunner.runTest(SuiteRunner.java:421)
	at org.testng.SuiteRunner.runSequentially(SuiteRunner.java:413)
	at org.testng.SuiteRunner.privateRun(SuiteRunner.java:373)
	at org.testng.SuiteRunner.run(SuiteRunner.java:312)
	at org.testng.SuiteRunnerWorker.runSuite(SuiteRunnerWorker.java:52)
	at org.testng.SuiteRunnerWorker.run(SuiteRunnerWorker.java:95)
	at org.testng.TestNG.runSuitesSequentially(TestNG.java:1274)
	at org.testng.TestNG.runSuitesLocally(TestNG.java:1208)
	at org.testng.TestNG.runSuites(TestNG.java:1112)
	at org.testng.TestNG.run(TestNG.java:1079)
	at org.testng.remote.AbstractRemoteTestNG.run(AbstractRemoteTestNG.java:115)
	at org.testng.remote.RemoteTestNG.initAndRun(RemoteTestNG.java:293)
	at org.testng.remote.RemoteTestNG.main(RemoteTestNG.java:91)
10:18:02.557 [main] DEBUG c.b.utils.FrameworkDetectionUtils - Couldn't find dependency class: appium
10:18:02.677 [main] DEBUG com.browserstack.testOps.UsageStats - getFormattedData: Collecting data for TestObservability
10:18:02.782 [main] TRACE c.b.t.TestOrchestrationUtils - getInstrumentationData: invoked
10:18:02.800 [main] DEBUG c.b.utils.FunnelInstrumentation - Sending funnel data for SDKTestSuccessful with data: {"event_type":"SDKTestSuccessful","accessKey":"[REDACTED]","userName":"[REDACTED]","event_properties":{"isPercyAutoEnabled":false,"language":"java","sdkRunId":"68001bbd-37b9-4823-b38d-a3406484a117","buildIdentifier":"unknown","testhub_uuid":"","detectedAppiumVersion":"null","productMap":{"app_automate":false,"accessibility":null,"automate":true,"percy":false,"observability":false,"turboscale":false},"hostname":"Sathish","measures":{"sdk:pre-test":0.03750002384185791},"productUsage":{"testObservability":{"buildHashedId":"","manuallySet":false,"enabled":false}},"browserStackConfig":{"browserstackLocal":null,"percy":false,"logLevel":"info","staticWebDriver":true,"autoDetectFramework":true,"percyCaptureMode":"AUTO","browserStackLocalOptions":null,"percyOptions":null,"testContextOptions":{"skipSessionStatus":false,"serenityOverridePlugin":false,"skipSessionName":false},"platforms":null,"parallelsPerPlatform":null,"framework":null,"accessibility":false,"accessibilityOptions":{},"turboScaleOptions":{},"disableAutoCaptureLogs":true,"testObservability":true,"browserstackAutomation":true,"turboScale":false,"testObservabilityOptions":{},"gradleMConfig":null,"proxySettings":null},"automationFrameworkVersion":null,"percyBuildId":null,"product":"[automate]","buildName":"unknown","os":"Windows 11","languageVersion":"23.0.2","appiumVersion":"null","frameworkDetectionInstrumentation":{},"detectedDependencies":"","referrer":"unknown","locationTrigger":"onFinish","accessibilityConfiguration":{"pollingTimeout":30},"language_framework":"unknown","testOrchestration":{"abortBuildOnFailure":{"enabled":false},"retryTestsOnFailure":{"enabled":false},"userConfig":{}},"detectedSeleniumVersion":"4.1.2","automationFramework":"selenium","seleniumVersion":"null"}}
10:18:02.984 [main] DEBUG c.b.utils.FunnelInstrumentation - API Event SDKTestSuccessful, response: {"message":"Unauthorized"}
10:18:03.040 [main] DEBUG c.b.monitoring.PerformanceTester - Failed to append key metrics to file C:\Users\sathi\eclipse-workspace\AppiumAutomation\log\key-metrics.json
